"","213","215","217","218","207","208","209","243"
"Label","HFD_Tx","HFD_Tx","HFD_Tx","HFD_Tx","HFD_Veh","HFD_Veh","HFD_Veh","HFD_Veh"
"1,2-dilinoleoyl-GPC","-0.6421479"," 0.3022107","-0.4236508","-0.3263616"," 0.1249388"," 0.3578521"," 0.2930979"," 0.3140608"
"1,2-dioleoyl-GPC"," 0.36247280"," 0.08643212"," 0.30250646"," 0.42615369","-0.57384631","-0.02325658","-0.20161991","-0.37884227"
"1,2-dioleoyl-GPE","-0.46552432"," 0.53447568","-0.03999222","-0.08003782","-0.12653521"," 0.16956576","-0.04634414"," 0.05439227"
"1,2-dipalmitoyl-GPC","-0.4810599"," 0.2212233"," 0.4932752"," 0.2135344"," 0.1592687"," 0.2590047","-0.3585217","-0.5067248"
"1,2-distearoyl-GPC"," 0.5953994","-0.4046006"," 0.4916621"," 0.5691394","-0.3230250","-0.3071814","-0.3511218","-0.2702721"
"1,5-anhydroglucitol","-0.24749924"," 0.57654506","-0.09790771","-0.04545158"," 0.27519403","-0.33370431"," 0.29627868","-0.42345494"
"1-(1-enyl-oleoyl)-GPE"," 0.47515564","-0.07671505"," 0.11271451"," 0.16782701","-0.52484436"," 0.17683325","-0.09733261","-0.23363839"
"1-(1-enyl-palmitoyl)-2-arachidonoyl-GPC"," 0.4987396","-0.2565052"," 0.5655462"," 0.4891251","-0.3118549","-0.2207754","-0.4344538","-0.3298216"
"1-(1-enyl-palmitoyl)-2-arachidonoyl-GPE","-0.569558179"," 0.256320228","-0.118884640","-0.242330862"," 0.091802227"," 0.430441821"," 0.159475747","-0.007266342"
"1-(1-enyl-palmitoyl)-2-linoleoyl-GPC"," 0.46615740","-0.15221573"," 0.36843232"," 0.47583708","-0.52416292","-0.43910377","-0.01433016","-0.18061422"
"1-(1-enyl-palmitoyl)-2-linoleoyl-GPE","-0.5968320"," 0.2247572","-0.3042743","-0.2677723"," 0.0904633"," 0.3424057"," 0.4031680"," 0.1080845"
"1-(1-enyl-palmitoyl)-2-oleoyl-GPC"," 0.33642266","-0.63151125"," 0.36848875"," 0.28871275"," 0.03729031"," 0.07717928"," 0.09421249","-0.57079498"
"1-(1-enyl-palmitoyl)-2-oleoyl-GPE","-0.4838640"," 0.3848249"," 0.2122207","-0.3055082","-0.2991388"," 0.1110934"," 0.5161360","-0.1357640"
"1-(1-enyl-palmitoyl)-2-palmitoyl-GPC"," 0.34672048","-0.07584839"," 0.52759507"," 0.47062096","-0.45862391","-0.44619044"," 0.10813117","-0.47240493"
"1-(1-enyl-palmitoyl)-GPE"," 0.27206053"," 0.05634931"," 0.27139479"," 0.19858730"," 0.03838011","-0.21754922"," 0.10871665","-0.72793947"
"1-(1-enyl-stearoyl)-2-arachidonoyl-GPE"," 0.39090234","-0.27943572"," 0.57589275"," 0.48372798","-0.34707880","-0.07030964","-0.32959166","-0.42410725"
"1-(1-enyl-stearoyl)-2-linoleoyl-GPE","-0.68485109"," 0.16363232","-0.20189559","-0.07827299"," 0.06886283"," 0.31514891"," 0.30447839"," 0.11289723"
"1-(1-enyl-stearoyl)-2-oleoyl-GPE"," 0.32226350"," 0.08349330"," 0.47843725"," 0.45528910","-0.45160387","-0.41154254"," 0.04522601","-0.52156275"
"1-(1-enyl-stearoyl)-GPE"," 0.56873679","-0.24223584"," 0.23027892"," 0.24855764","-0.43126321"," 0.02840607","-0.26208347","-0.14039691"
"1-arachidonoyl-GPC"," 0.07917478","-0.25451743","-0.22458807","-0.11554897","-0.21047347","-0.21734683"," 0.19781742"," 0.74548257"
"1-arachidonoyl-GPE"," 0.2201209"," 0.2694982","-0.2437478"," 0.3704628","-0.6295372","-0.1471792","-0.1322828"," 0.2926651"
"1-arachidonoyl-GPI"," 0.51263091","-0.31517536"," 0.12067358"," 0.17421832","-0.10614196"," 0.07507374"," 0.02608985","-0.48736909"
"1-linoleoyl-2-arachidonoyl-GPC","-0.50218090","-0.04996352","-0.23513043","-0.02364614","-0.10819804"," 0.22837559"," 0.19292434"," 0.49781910"
"1-linoleoyl-GPC","-0.14678215"," 0.03499161","-0.43670002","-0.37412642"," 0.03072351"," 0.08138035"," 0.24721315"," 0.56329998"
"1-linoleoyl-GPE","-0.39275639"," 0.19449549","-0.47345730","-0.35428301","-0.05838453"," 0.24411681"," 0.31372622"," 0.52654270"
"1-linoleoylglycerol"," 0.05455504"," 0.19231985","-0.47970417","-0.49923585","-0.06489176"," 0.46601652"," 0.50076415","-0.16982378"
"1-methylhistidine"," 0.59070941","-0.19804876"," 0.39269071"," 0.37376533","-0.40929059","-0.09343623","-0.32942141","-0.32696848"
"1-methylimidazoleacetate","-0.31752553"," 0.52504875","-0.31022148","-0.47495125"," 0.03228225"," 0.37549765"," 0.05411721"," 0.11575241"
"1-methylnicotinamide","-0.5686813"," 0.3196212","-0.5804986","-0.5026636"," 0.2360992"," 0.4195014"," 0.3074648"," 0.3691568"
"1-oleoyl-2-linoleoyl-glycerol","-0.5695682"," 0.2747009","-0.3032771","-0.4590934"," 0.4304318"," 0.3020379"," 0.2004366"," 0.1243317"
"1-oleoyl-2-linoleoyl-GPC","-0.63282023"," 0.28413708","-0.42428507","-0.22593950"," 0.09014587"," 0.36717977"," 0.26555006"," 0.27603202"
"1-oleoyl-2-linoleoyl-GPE","-0.6441211"," 0.3106922","-0.3529678","-0.2745530"," 0.1117885"," 0.3558789"," 0.2734342"," 0.2198481"
"1-oleoyl-3-linoleoyl-glycerol","-0.60559358"," 0.23686854","-0.27310966","-0.45898912"," 0.39440642"," 0.35353952"," 0.25972742"," 0.09315046"
"1-oleoyl-GPC"," 0.06906397","-0.19874308","-0.29391143","-0.16461183","-0.09130869","-0.21420153"," 0.18762403"," 0.70608857"
"1-oleoyl-GPE"," 0.44666292"," 0.25209743","-0.04592048"," 0.11277427","-0.55333708","-0.04768976","-0.05325319","-0.11133411"
"1-oleoylglycerol","-0.05109627"," 0.51015630","-0.36460346","-0.48984370","-0.16515926"," 0.34821432"," 0.47085179","-0.25851973"
"1-palmitoleoyl-2-linoleoyl-GPC","-0.5846105"," 0.1818138","-0.3947849","-0.4042833"," 0.1603289"," 0.4153895"," 0.2896638"," 0.3364826"
"1-palmitoleoyl-2-oleoyl-glycerol","-0.5560497"," 0.2740631","-0.3557464","-0.5319075"," 0.4439503"," 0.3381558"," 0.2612761"," 0.1262582"
"1-palmitoleoyl-3-oleoyl-glycerol","-0.60300853"," 0.19052922","-0.30678005","-0.45508928"," 0.39699147"," 0.33567447"," 0.38177358"," 0.05990913"
"1-palmitoleoyl-GPC"," 0.24746633","-0.33975872","-0.07224319","-0.11013440","-0.21090835","-0.22597076"," 0.05130780"," 0.66024128"
"1-palmitoyl-2-arachidonoyl-GPC"," 0.41845554","-0.51995957"," 0.48004043"," 0.39980915","-0.35182133","-0.18187979","-0.34066816"," 0.09602374"
"1-palmitoyl-2-arachidonoyl-GPE","-0.49709972","-0.05563502","-0.04925943","-0.37765102"," 0.12125646"," 0.50290028"," 0.19592965"," 0.15955881"
"1-palmitoyl-2-linoleoyl-glycerol","-0.5755258"," 0.2881879","-0.3981897","-0.4887684"," 0.4244742"," 0.3363470"," 0.2003795"," 0.2130954"
"1-palmitoyl-2-linoleoyl-GPC","-0.5359370"," 0.1362532","-0.4560467","-0.3847831"," 0.1156499"," 0.3883872"," 0.2724135"," 0.4640630"
"1-palmitoyl-2-linoleoyl-GPE","-0.6101019"," 0.2316074","-0.3570569","-0.3524459"," 0.1765678"," 0.3898981"," 0.2985886"," 0.2229428"
"1-palmitoyl-2-oleoyl-GPC"," 0.274475104","-0.217100508"," 0.522350499"," 0.302656849","-0.477649501","-0.035552022","-0.373658209"," 0.004477789"
"1-palmitoyl-2-oleoyl-GPE","-0.62679683"," 0.37170720","-0.16364921","-0.37018271"," 0.07713831"," 0.37320317"," 0.21738845"," 0.12119162"
"1-palmitoyl-2-oleoyl-GPG"," 0.21662749","-0.08090684"," 0.54287383"," 0.37843909","-0.45712617","-0.02407025","-0.37785961","-0.19797753"
"1-palmitoyl-2-palmitoleoyl-GPC"," 0.47007227","-0.35990097"," 0.56369435"," 0.28381952","-0.43630565"," 0.07154281","-0.24354474","-0.34937759"
"1-palmitoyl-2-stearoyl-GPC"," 0.5795217","-0.3414172"," 0.4747396"," 0.5286029","-0.2858630","-0.2065209","-0.3285849","-0.4204783"
"1-palmitoyl-3-linoleoyl-glycerol","-0.6023099"," 0.2809233","-0.3512407","-0.5068327"," 0.3445963"," 0.3976901"," 0.2943491"," 0.1428245"
"1-palmitoyl-GPC","-0.02020122","-0.09907278","-0.27923623","-0.27008970","-0.10145876","-0.10461886"," 0.15391380"," 0.72076377"
"1-palmitoyl-GPE"," 0.5244918","-0.3985805"," 0.6014195"," 0.3535958","-0.3196570","-0.1724005","-0.2558106","-0.3330585"
"1-stearoyl-2-arachidonoyl-GPC"," 0.5112913","-0.3732877"," 0.4765264"," 0.5291389","-0.3569334","-0.1484261","-0.4708611","-0.1674483"
"1-stearoyl-2-arachidonoyl-GPE","-0.42958200","-0.02119152","-0.20275504","-0.22175739"," 0.12098228"," 0.57041800"," 0.06795318"," 0.11593248"
"1-stearoyl-2-arachidonoyl-GPI","-0.4604423","-0.5178031","-0.3674321","-0.1866540"," 0.2969655"," 0.4767409"," 0.4821969"," 0.2764283"
"1-stearoyl-2-arachidonoyl-GPS","-0.48624040"," 0.17679893","-0.14043652","-0.21460265"," 0.08542803"," 0.51375960","-0.12132905"," 0.18662206"
"1-stearoyl-2-linoleoyl-GPC","-0.55700806"," 0.34701331","-0.44759272","-0.27684157"," 0.02756302"," 0.44299194"," 0.20902402"," 0.25485006"
"1-stearoyl-2-linoleoyl-GPE","-0.5932052"," 0.2411596","-0.3971870","-0.3168416"," 0.1611949"," 0.4067948"," 0.2817855"," 0.2162991"
"1-stearoyl-2-oleoyl-GPC"," 0.5451197","-0.1205725"," 0.4016830"," 0.5391260","-0.4274692","-0.1229566","-0.4548803","-0.3600502"
"1-stearoyl-2-oleoyl-GPE","-0.09496353"," 0.65838870"," 0.03656280"," 0.24753975","-0.26588325"," 0.10004254","-0.34007573","-0.34161130"
"1-stearoyl-2-oleoyl-GPS"," 0.44736435","-0.10440756"," 0.18567684"," 0.47845217"," 0.06934024","-0.21345931","-0.52154783","-0.34141889"
"1-stearoyl-GPC"," 0.33759305","-0.26159402","-0.30449466","-0.03756202","-0.37904713","-0.03561845"," 0.05977035"," 0.62095287"
"1-stearoyl-GPE"," 0.54217552","-0.21063068"," 0.14924119"," 0.33169647","-0.45782448"," 0.04942865","-0.21926263","-0.18482403"
"1-stearoyl-GPI"," 0.65931742","-0.15655123"," 0.20143671"," 0.29219229","-0.27649632","-0.34068258","-0.30103764","-0.07817865"
"1-stearoyl-GPS"," 0.65384831","-0.07913055"," 0.18598506"," 0.24770862","-0.20341749","-0.34615169","-0.32535986","-0.13348240"
"10-heptadecenoate","-0.03246856"," 0.44927833","-0.45075791","-0.55072167"," 0.25132577"," 0.12475678"," 0.07113391"," 0.13745334"
"10-nonadecenoate"," 0.06704724"," 0.51913460","-0.32281039","-0.48086540","-0.30702986","-0.08672457"," 0.28617753"," 0.32507085"
"12,13-DiHOME","-0.416652018"," 0.316613636","-0.580478564","-0.349618626"," 0.372353901"," 0.419521436"," 0.233459453"," 0.004800783"
"12-HETE"," 0.41669292"," 0.09610536"," 0.22892519"," 0.33030327","-0.13381466","-0.22799570","-0.12690929","-0.58330708"
"15-HETE"," 0.58319617","-0.06362693","-0.03614785"," 0.30465202","-0.14128649","-0.41680383","-0.06761091","-0.16237218"
"15-methylpalmitate","-0.16724905"," 0.37542310","-0.29928981","-0.62457690","-0.09688165"," 0.21234396"," 0.30924269"," 0.29098767"
"16-hydroxypalmitate","-0.480285886"," 0.057407229","-0.357680132","-0.318648114"," 0.519714114"," 0.420213263"," 0.161503070","-0.002223544"
"17-methylstearate","-0.11167284"," 0.30210377","-0.47437655","-0.62855734"," 0.08806327"," 0.11289431"," 0.34010274"," 0.37144266"
"2'-deoxycytidine"," 0.383433642"," 0.288735078"," 0.124442358"," 0.006181802","-0.608754397","-0.466858980","-0.118425106"," 0.391245603"
"2-aminoadipate"," 0.5920776","-0.2582493"," 0.3870968"," 0.5636987","-0.3086715","-0.3097837","-0.2582461","-0.4079224"
"2-aminoheptanoate"," 0.08360778"," 0.34494437","-0.61987792","-0.11736840","-0.01986283"," 0.14912657"," 0.38012208","-0.20069164"
"2-hydroxybutyrate/2-hydroxyisobutyrate","-0.34407152"," 0.61595846","-0.23287138","-0.38404154","-0.05582499"," 0.05196099"," 0.14341310"," 0.20547687"
"2-hydroxyglutarate","-0.59722076"," 0.14676227","-0.07530329","-0.29674141"," 0.04542281"," 0.40277924"," 0.19905531"," 0.17524584"
"2-hydroxystearate"," 0.2509341"," 0.2869054","-0.2297996","-0.5706089","-0.1207378"," 0.1280092"," 0.4293911","-0.1740935"
"2-linoleoylglycerol"," 0.47191947"," 0.09115222","-0.44542559","-0.52808053"," 0.29821445"," 0.39909374"," 0.21830946","-0.50518321"
"2-methylbutyrylcarnitine","-0.05023741"," 0.06597108","-0.18267163"," 0.14607304","-0.56427201","-0.05325504"," 0.43572799"," 0.20266398"
"2-oleoylglycerol"," 0.61746800","-0.38253200","-0.07371543","-0.19954810","-0.17994407"," 0.03309224"," 0.28331519","-0.09813583"
"2-palmitoyl-GPC","-0.25224585"," 0.14589588","-0.32631102","-0.32019686","-0.02081153"," 0.04464566"," 0.05533475"," 0.67368898"
"2-stearoyl-GPE"," 0.554874217","-0.445125783","-0.047354122"," 0.001489715","-0.214577232","-0.016191915","-0.043122765"," 0.210007884"
"3-(4-hydroxyphenyl)lactate"," 0.57413395"," 0.14746379"," 0.06124157"," 0.13801125","-0.42586605","-0.10264507","-0.35494603","-0.03739342"
"3-aminoisobutyrate","-0.33043493"," 0.57028984","-0.31205140","-0.42971016","-0.02184168"," 0.28115023"," 0.18640738"," 0.05619073"
"3-hydroxy-3-methylglutarate","-0.06807539","-0.30507138"," 0.64923771"," 0.27495063","-0.35076229"," 0.16023177","-0.29321058","-0.06730047"
"3-hydroxybutyrate","-0.30733132","-0.11201345","-0.33589921","-0.20394234"," 0.66410079"," 0.19448204","-0.04885948"," 0.14946298"
"3-hydroxybutyrylcarnitine","-0.5527635","-0.2148144","-0.1972223","-0.4036509"," 0.2705412"," 0.4472365"," 0.2900823"," 0.3605912"
"3-hydroxyisobutyrate"," 0.03378343","-0.54016957","-0.10994269","-0.35950744"," 0.44465594"," 0.40977533"," 0.45983043","-0.33842544"
"3-methylhistidine"," 0.43356968","-0.02746809"," 0.28706572"," 0.29383149","-0.38108798"," 0.07065960","-0.56643032","-0.11014010"
"3-phosphoglycerate"," 0.2960723","-0.1217560"," 0.6089118"," 0.3608379","-0.1822583","-0.3910882","-0.3219257","-0.2487937"
"3-ureidopropionate","-0.42038415"," 0.11942456","-0.18925214","-0.39384586"," 0.57961585"," 0.21782910"," 0.13012809","-0.04351546"
"4-cholesten-3-one","-0.58726510"," 0.21953401","-0.18068128","-0.23465278"," 0.08441944"," 0.41273490"," 0.18110156"," 0.10480925"
"4-guanidinobutanoate"," 0.28417870"," 0.05780999","-0.19811521","-0.40972720","-0.17594164","-0.04864640","-0.09983106"," 0.59027280"
"4-hydroxy-nonenal-glutathione"," 0.34276931","-0.09383864"," 0.17117102"," 0.20684031","-0.65723069"," 0.06700715"," 0.05229669","-0.08901515"
"4-imidazoleacetate","-0.37622274"," 0.45891684","-0.54108316","-0.33684976","-0.01777872"," 0.31473274"," 0.22098494"," 0.27729986"
"5-dodecenoate","-0.30170962"," 0.27232408","-0.08438345","-0.31572713"," 0.64126872","-0.04804022","-0.35873128"," 0.19499889"
"5-methylthioadenosine"," 0.5644735","-0.2447030"," 0.3194805"," 0.4363685","-0.4355265","-0.1945057","-0.1443814","-0.3012057"
"5-oxoproline"," 0.5713346","-0.1631927"," 0.4940791"," 0.5125685","-0.3051887","-0.3764723","-0.4286654","-0.3044631"
"7-hydroxycholesterol","-0.52781142"," 0.17039878","-0.42722144","-0.19193627"," 0.47218858","-0.03477001"," 0.32718897"," 0.21196282"
"7-methylguanine"," 0.3633581","-0.3978352"," 0.2820624"," 0.2256405","-0.6366419"," 0.2004353","-0.1585062"," 0.1214870"
"acetylcarnitine","-0.37013067"," 0.09917373"," 0.37895873","-0.62104127"," 0.03040843"," 0.33752604","-0.02775542"," 0.17286043"
"acetylphosphate","-0.03448758","-0.16706260"," 0.28815167"," 0.57570446","-0.16923440"," 0.09146242","-0.16023843","-0.42429554"
"aconitate"," 0.18973149","-0.45054893"," 0.54945107","-0.04659355","-0.10910649","-0.30703236"," 0.22495090","-0.05085214"
"adenine"," 0.6188766","-0.2715199"," 0.1865886"," 0.4050486","-0.2240785","-0.2157726","-0.3811234","-0.1180193"
"adenosine","-0.5562942"," 0.4437058","-0.3500290","-0.1627477"," 0.1845443","-0.2549412"," 0.2881671"," 0.4075949"
"adenosine 5'-monophosphate","-0.6419159"," 0.2059206","-0.4237756","-0.4011627"," 0.1960464"," 0.3514333"," 0.3580841"," 0.3553700"
"adrenate","-0.002826749"," 0.100974653","-0.189058250","-0.397109892","-0.051575156"," 0.058540940"," 0.602890108","-0.121835654"
"alanine","-0.1416735","-0.1456197","-0.1807496"," 0.1512182","-0.4960375"," 0.5039625"," 0.0319619"," 0.2769377"
"allantoin","-0.21463174","-0.03657816","-0.32860094","-0.22609606"," 0.67139906"," 0.20329895"," 0.04614223","-0.11493334"
"alpha-hydroxyisovalerate"," 0.5445349","-0.3557339"," 0.4615705"," 0.4011626","-0.3671918","-0.2017901","-0.0270873","-0.4554651"
"alpha-ketoglutarate","-0.36451248","-0.44164903","-0.32473135","-0.12580265"," 0.03941049"," 0.55835097"," 0.35813699"," 0.30079705"
"alpha-tocopherol","-0.70852924"," 0.17592014","-0.02821414","-0.18982205"," 0.07834037"," 0.29147076"," 0.14206572"," 0.23876844"
"anserine","-0.10143849"," 0.54751287","-0.42307658","-0.33955179"," 0.49645031"," 0.04758573"," 0.22500509","-0.45248713"
"arachidate"," 0.002477639"," 0.279718673","-0.545670885","-0.616581989"," 0.045889160"," 0.244009628"," 0.383418011"," 0.206739763"
"arachidonate"," 0.55563938"," 0.23501802","-0.44436062","-0.39498500"," 0.11160947"," 0.18224972","-0.16907061","-0.07610036"
"arachidonoyl ethanolamide","-0.59593932"," 0.15627550","-0.22888335","-0.53470342"," 0.36075317"," 0.40406068"," 0.36258738"," 0.07584936"
"arginine"," 0.34353516"," 0.04140797"," 0.25287329"," 0.32421049","-0.65646484","-0.02536716","-0.22505796","-0.05513695"
"argininosuccinate"," 0.56192406","-0.41414940"," 0.36002906"," 0.45388933","-0.43807594","-0.01068815","-0.36515385","-0.14777511"
"ascorbate","-0.44645449","-0.48105967"," 0.44140438","-0.44283549"," 0.14134967"," 0.51894033"," 0.02972891"," 0.23892637"
"asparagine"," 0.4925237","-0.1414245"," 0.2429387"," 0.5121265","-0.4878735","-0.1229794","-0.2384524","-0.2568592"
"aspartate"," 0.55105333","-0.40127524"," 0.40885238"," 0.31737096","-0.34100755","-0.02067170","-0.06537552","-0.44894667"
"behenoyl sphingomyelin","-0.5423939"," 0.4334091","-0.5274641","-0.3394705"," 0.1362410"," 0.4576061"," 0.2132307"," 0.1688416"
"beta-alanine"," 0.47982382"," 0.22640451"," 0.15397634"," 0.25358926","-0.30162880","-0.05664824","-0.52017618","-0.23534070"
"beta-guanidinopropanoate","-0.6343144"," 0.2017114","-0.3716281","-0.3637342"," 0.3039152"," 0.3196849"," 0.3656856"," 0.1786796"
"beta-hydroxyisovaleroylcarnitine","-0.23777108"," 0.14678022"," 0.04238625","-0.39430677","-0.15238632"," 0.59710079"," 0.40109611","-0.40289921"
"betaine"," 0.5368853","-0.2695050"," 0.4887198"," 0.4669393","-0.1110400","-0.2109187","-0.4379660","-0.4631147"
"betaine aldehyde"," 0.3469899","-0.1173974"," 0.6239091"," 0.3321558","-0.2786360","-0.1714656","-0.3594648","-0.3760909"
"butyrylcarnitine"," 0.32107415","-0.06727566"," 0.29481050"," 0.31165319","-0.67892585","-0.44090458"," 0.19477498"," 0.06479328"
"C-glycosyltryptophan"," 0.05162641"," 0.52596626"," 0.11320683"," 0.12702853","-0.01098853","-0.13607035","-0.19673542","-0.47403374"
"carnitine","-0.4481585"," 0.2433058","-0.1922735","-0.6022515"," 0.1369671"," 0.3977485"," 0.2789088"," 0.1857532"
"carnosine","-0.2288406"," 0.5577854","-0.4422146","-0.1248241"," 0.4922045","-0.1274969"," 0.2908692","-0.4174829"
"cholesterol","-0.488656699"," 0.047208980","-0.113457142","-0.321378867"," 0.001057966"," 0.253516606"," 0.511343301"," 0.110365856"
"choline"," 0.30074963","-0.08009141"," 0.28890484"," 0.44158461","-0.27069299"," 0.16613594","-0.28817521","-0.55841539"
"choline phosphate","-0.2033175"," 0.2746323"," 0.5079278","-0.2905816","-0.4447081"," 0.5118423"," 0.1323624","-0.4881577"
"citrate"," 0.30607449","-0.27149890"," 0.62125950"," 0.39296083","-0.37874050","-0.31799168","-0.02884002","-0.32322374"
"citrulline"," 0.0434249"," 0.5333498","-0.4209344"," 0.1189279","-0.3966435"," 0.4319647"," 0.1565607","-0.4666502"
"creatine","-0.66597955"," 0.28600412"," 0.33402045","-0.56549056"," 0.24156325"," 0.23113772"," 0.21645313","-0.07770856"
"creatine phosphate","-0.003151407"," 0.007055651","-0.150091284","-0.012384924","-0.538387771"," 0.227878250"," 0.461612229"," 0.007469255"
"creatinine","-0.26020117"," 0.15204044"," 0.59577372","-0.40422628"," 0.18976259"," 0.01991454","-0.08455089","-0.20851295"
"cysteine"," 0.4151418","-0.4637605"," 0.5362395"," 0.4323206","-0.4554926","-0.1135469","-0.2206932","-0.1302087"
"cysteine sulfinic acid"," 0.4551279"," 0.1832258"," 0.4899500"," 0.2829847","-0.5100500","-0.3143308","-0.1178267","-0.4690808"
"cytidine"," 0.4879923","-0.1226526"," 0.5195303"," 0.4270268","-0.2751251","-0.2292297","-0.3270723","-0.4804697"
"cytidine 5'-diphosphocholine"," 0.3031858","-0.2319994"," 0.4238224"," 0.2606859","-0.1794255","-0.3723804","-0.5761776"," 0.3722888"
"cytidine 5'-monophosphate","-0.07530474"," 0.13809466","-0.49375486","-0.21148313","-0.01837023"," 0.50624514"," 0.40398279","-0.24940964"
"cytidine 5'-monophospho-N-acetylneuraminic acid"," 0.55290154","-0.30890270","-0.13506153"," 0.20411075","-0.44709846","-0.09565888"," 0.01434212"," 0.21536715"
"cytidine-5'-diphosphoethanolamine","-0.5369102"," 0.4630898","-0.3747684","-0.3540354"," 0.3835414"," 0.1035573"," 0.1521054"," 0.1634202"
"dehydroascorbate"," 0.45677299","-0.03457702"," 0.45703174"," 0.42420092","-0.54296826","-0.21352258","-0.24654946","-0.30038833"
"deoxycarnitine"," 0.32318090","-0.33753511"," 0.30745395"," 0.11324189","-0.67207978"," 0.32792022"," 0.01481092","-0.07699298"
"dihomo-linoleate"," 0.2269117"," 0.5275013","-0.2248971","-0.4724987","-0.4649634","-0.2236538"," 0.2712400"," 0.3603599"
"dihomo-linolenate"," 0.186901369"," 0.491226824","-0.376112430","-0.508773176","-0.025350437","-0.091522163","-0.004783947"," 0.328413959"
"dihydroxyacetone"," 0.25231944","-0.05860757"," 0.49611047"," 0.28743977","-0.31338524","-0.50388953","-0.05343668","-0.10655065"
"dimethyl","-0.037973470"," 0.439864562"," 0.007930328","-0.211882612"," 0.256171851"," 0.144830944","-0.038806165","-0.560135438"
"dimethylarginine"," 0.5191880","-0.2257687"," 0.4416557"," 0.4336213","-0.4808120","-0.1813563","-0.3805198","-0.1260080"
"dimethylglycine","-0.3568551"," 0.2196064","-0.2382246","-0.4327859"," 0.5672141"," 0.3284567"," 0.1998056","-0.2872172"
"docosadienoate","-0.02510959"," 0.27250951","-0.28881112","-0.59003475","-0.14358871"," 0.04971560"," 0.31535382"," 0.40996525"
"docosahexaenoate"," 0.63206090","-0.05024484","-0.18061186","-0.36793910"," 0.01355454"," 0.19059726","-0.21162934","-0.02578756"
"docosapentaenoate"," 0.24999222"," 0.19432166","-0.42876285","-0.71219531"," 0.08898301"," 0.28780469"," 0.08377828"," 0.23607831"
"eicosapentaenoate","-0.187749662"," 0.251905469","-0.459499685","-0.536328989"," 0.302197817"," 0.463671011"," 0.167075019","-0.001270982"
"eicosenoate"," 0.0312369"," 0.4432295","-0.3667101","-0.5567705","-0.1636202","-0.0507009"," 0.2923050"," 0.3710302"
"ergothioneine","-0.4271463","-0.2264154","-0.2147424","-0.3852503"," 0.5728537"," 0.3250901"," 0.2275783"," 0.1280324"
"erucate","-0.1296750"," 0.2523170","-0.4777342","-0.6203006"," 0.1497280"," 0.1967570"," 0.2492084"," 0.3796994"
"erythronate*"," 0.57466197","-0.33828113"," 0.36436292"," 0.42236356","-0.42533803","-0.09383387","-0.28213363","-0.22180179"
"flavin adenine dinucleotide"," 0.42893084"," 0.15382852"," 0.31090609"," 0.24176819","-0.57106916","-0.19990942","-0.40198340"," 0.03752833"
"fructose"," 0.58997732","-0.32846718","-0.41002268"," 0.31015014"," 0.03146979","-0.15347661"," 0.06829754","-0.10792832"
"fumarate"," 0.51922733","-0.30189997"," 0.25638264"," 0.47826205","-0.48077267"," 0.04029538","-0.11648656","-0.39500821"
"galactonate"," 0.19273031","-0.18247191"," 0.32184923"," 0.08084563"," 0.14540763","-0.67815077"," 0.10852163"," 0.01126826"
"gamma-aminobutyrate"," 0.247584147"," 0.004482997"," 0.473945490"," 0.289450572","-0.088349609"," 0.055142474","-0.526054510","-0.456201561"
"gamma-carboxyglutamate"," 0.500903743","-0.003583039"," 0.437023206"," 0.454093600","-0.450133283","-0.033876358","-0.405331612","-0.499096257"
"gamma-glutamyl-epsilon-lysine"," 0.05463072"," 0.46715671","-0.29131572","-0.13142679","-0.24253394","-0.53284329"," 0.21403877"," 0.46229355"
"gamma-glutamylalanine"," 0.0485932757"," 0.1890830341","-0.3750201393"," 0.0009757572"," 0.5623603358","-0.4376396642"," 0.0243091479","-0.0126617471"
"gamma-glutamylglutamate","-0.35149799"," 0.02565016","-0.39488502","-0.19501249"," 0.60511498","-0.12062996"," 0.20396523"," 0.22729510"
"gamma-glutamylglutamine"," 0.23441244","-0.11773559"," 0.10741056"," 0.22057496"," 0.46255892","-0.53744108","-0.30961487","-0.06016533"
"gamma-glutamylisoleucine*","-0.16929563","-0.72607167","-0.09006944"," 0.20402727"," 0.25603989"," 0.23420391"," 0.27392833"," 0.01723734"
"gamma-glutamylleucine","-0.65700185"," 0.10220115"," 0.22602167","-0.19634014"," 0.07496621","-0.01364289"," 0.12079770"," 0.34299815"
"gamma-glutamylvaline"," 0.14657323","-0.06236323"," 0.37016636"," 0.46913728","-0.01599072","-0.53086272","-0.15836370","-0.21829649"
"gamma-tocopherol/beta-tocopherol","-0.2445762"," 0.3935759","-0.3265114","-0.5461956","-0.1329482"," 0.4538044"," 0.3030024"," 0.0998485"
"glucose","-0.47435370"," 0.28292076","-0.26388886","-0.22143109"," 0.52564630"," 0.02603016"," 0.04523175"," 0.07984467"
"glucuronate"," 0.6730151","-0.2439938","-0.3212714"," 0.2044357"," 0.4233106","-0.1976786","-0.2108326","-0.3269849"
"glutamate"," 0.44516439","-0.47161008"," 0.42824430"," 0.39869804","-0.55483561"," 0.10572328","-0.07696884","-0.27441548"
"glutamate, gamma-methyl ester"," 0.6227545","-0.3772455"," 0.2056388"," 0.3469911","-0.1961352","-0.1488144","-0.1790303","-0.2741591"
"glutamine"," 0.5888786","-0.1186402"," 0.2075712"," 0.4981672","-0.1991192","-0.2072974","-0.4111214","-0.3584388"
"glutarate"," 0.6268683","-0.1061643"," 0.3086743"," 0.4920795","-0.3509372","-0.3731317","-0.2472249","-0.3501640"
"glutarylcarnitine"," 0.44067030","-0.55932970"," 0.42816143"," 0.04854315","-0.14727071","-0.06452965","-0.06916891","-0.07707590"
"glutathione, oxidized (GSSG)"," 0.473305134","-0.521002322"," 0.334790954"," 0.279700838","-0.526694866"," 0.372888855","-0.001364802","-0.411623791"
"glutathione, reduced (GSH)","-0.466133575","-0.003257261","-0.454099874","-0.439765921","-0.087724645"," 0.533866425"," 0.462153728"," 0.454961122"
"glycerate"," 0.6084577","-0.2579733"," 0.3570605"," 0.5007210","-0.3915423","-0.2159284","-0.2465965","-0.3541986"
"glycerol","-0.57426458"," 0.29075451","-0.39673166","-0.27814952"," 0.19693204"," 0.42573542"," 0.09096409"," 0.24475971"
"glycerol 3-phosphate"," 0.24435119","-0.03474666"," 0.11264105"," 0.39800755","-0.04467035"," 0.10713906","-0.18072939","-0.60199245"
"glycerophosphoethanolamine","-0.1430646","-0.2655804","-0.4127278","-0.2172033"," 0.2599265"," 0.5872722"," 0.3226063","-0.1312289"
"glycerophosphoglycerol"," 0.27477805","-0.17447470"," 0.52548523"," 0.11269881","-0.47451477"," 0.06841711","-0.16596781","-0.16642193"
"glycerophosphoinositol*"," 0.5939273","-0.2402405"," 0.5617448"," 0.5256583","-0.4060727","-0.3606499","-0.3008299","-0.3735374"
"glycerophosphorylcholine"," 0.48275830","-0.51724170"," 0.34379765"," 0.29025868","-0.11794805"," 0.06525857","-0.07905492","-0.46782853"
"glycine"," 0.6004654","-0.3886421"," 0.4891252"," 0.5323466","-0.2299532","-0.2718155","-0.3995346","-0.3319918"
"glycosyl-N-palmitoyl-sphingosine"," 0.36125159","-0.19692382"," 0.48940918"," 0.43532051","-0.37643988","-0.51059082","-0.06523184","-0.13679492"
"glycylleucine","-0.60183724"," 0.14324961"," 0.07007366","-0.26619188","-0.12356043"," 0.39816276"," 0.26802205"," 0.11208147"
"glycylvaline","-0.50008026"," 0.11753495","-0.05952023","-0.18796105","-0.01489046"," 0.49991974","-0.21322106"," 0.35821837"
"guanidinoacetate","-0.16951065"," 0.17949245"," 0.61212449"," 0.05555376"," 0.03425664","-0.10821105","-0.38787551","-0.21583012"
"guanine"," 0.5808631"," 0.2095096"," 0.1717165"," 0.1457725","-0.1483370","-0.3875448","-0.4191369","-0.1528430"
"guanosine"," 0.1315952"," 0.2147238"," 0.3694615"," 0.1246976"," 0.4842203","-0.5157797","-0.4604383","-0.3484802"
"guanosine 5'- monophosphate","-0.5409541"," 0.3367211","-0.5913889","-0.5505669"," 0.2494157"," 0.4086111"," 0.3652782"," 0.3228838"
"gulonic acid*","-0.15504139","-0.13173842","-0.07454244"," 0.01245101"," 0.81590603","-0.18409397","-0.11330600","-0.16963483"
"heme","-0.7016908"," 0.2125484","-0.1630130","-0.4158871"," 0.2439870"," 0.2789760"," 0.2467705"," 0.2983092"
"hexanoylcarnitine","-0.1516373","-0.3060132"," 0.0524082","-0.4915665"," 0.5084335","-0.2691739"," 0.4065458"," 0.2510035"
"histamine","-0.2114457"," 0.3299961"," 0.2758720"," 0.1142845"," 0.2770983","-0.6700039","-0.3586507"," 0.2428496"
"histidine"," 0.6111256","-0.2698976"," 0.3280925"," 0.5352088","-0.2414380","-0.2638338","-0.3888744","-0.3103830"
"homocitrulline"," 0.30804244","-0.50896107"," 0.16189575","-0.06686432"," 0.33660485"," 0.23803423"," 0.19464327","-0.66339515"
"hypotaurine"," 0.5356292","-0.2254830"," 0.4425086"," 0.4536766","-0.4643708","-0.1335449","-0.3535450","-0.2548706"
"hypoxanthine"," 0.5643895","-0.1015833"," 0.3926952"," 0.4526921","-0.0633648","-0.3897579","-0.4356105","-0.4194603"
"imidazole lactate","-0.3928395"," 0.1964706","-0.4172291","-0.5578290"," 0.0351293"," 0.4421710"," 0.3637864"," 0.3303402"
"inosine"," 0.54500918","-0.15131239"," 0.44100007"," 0.43172503"," 0.02275569","-0.45499082","-0.42849094","-0.40569582"
"inosine 5'-monophosphate (IMP)","-0.06511689"," 0.10183470","-0.19215080","-0.22852506","-0.38995195"," 0.61004805"," 0.29329211","-0.12943016"
"Isobar: fructose 1,6-diphosphate, glucose 1,6-diphosphate, myo-inositol 1,4 or 1,3-diphosphate","-0.20655946"," 0.16842751"," 0.58016881"," 0.28842279","-0.33151120","-0.41983119","-0.13322352"," 0.05410624"
"isobutyrylcarnitine","-0.19848789"," 0.59796519","-0.35097133","-0.08577390","-0.40203481"," 0.05053239"," 0.59088622","-0.20211588"
"isocitrate","-0.61175257","-0.02227723","-0.09902652","-0.42754121"," 0.13940842"," 0.38824743"," 0.26379576"," 0.36914592"
"isoleucine"," 0.4259263","-0.5129544"," 0.1136633"," 0.4870456","-0.2286474","-0.2635908","-0.3838833"," 0.3624406"
"isovalerylcarnitine","-0.02960058"," 0.50716705","-0.24752868"," 0.02431883","-0.44548032","-0.07363436"," 0.55451968","-0.28976162"
"kynurenine"," 0.5659893","-0.2971086"," 0.4808770"," 0.5366905","-0.2304173","-0.2074805","-0.4145397","-0.4340107"
"lactate"," 0.399032820"," 0.008433437"," 0.401357318"," 0.334253664"," 0.106441323","-0.598642682","-0.360064625","-0.290811254"
"laurylcarnitine","-0.37246857"," 0.04404382","-0.19742084","-0.49984046"," 0.07954960"," 0.23169678"," 0.21428013"," 0.50015954"
"leucine"," 0.5164117","-0.3803526"," 0.1568487"," 0.5619591","-0.2633748","-0.2964694","-0.4380409"," 0.1430181"
"linoleate","-0.2847470"," 0.4321764","-0.5043805","-0.5678236"," 0.3583087"," 0.2824202"," 0.1429397"," 0.1411059"
"linolenate","-0.3611040"," 0.3187835","-0.4937121","-0.5496915"," 0.4503085"," 0.3863582"," 0.1285143"," 0.1205431"
"linoleoylcarnitine*"," 0.1471936","-0.4948963"," 0.2597574"," 0.5051037","-0.2087619","-0.3414716","-0.3563988"," 0.4894738"
"lysine"," 0.60058669","-0.05238151"," 0.33088483"," 0.57738318","-0.30324362","-0.37122386","-0.39941331","-0.38259241"
"malate"," 0.47013749","-0.46564195"," 0.31653085"," 0.30837997","-0.52986251"," 0.13693076","-0.07547671","-0.16099788"
"malonylcarnitine","-0.53886278"," 0.46113722","-0.25253573","-0.35395001"," 0.12886052"," 0.18493125"," 0.31130775"," 0.05911178"
"maltose","-0.16999363","-0.04218738","-0.19395671","-0.16012097"," 0.65408816"," 0.11728010"," 0.14080228","-0.34591184"
"mannose"," 0.54470028","-0.19684440","-0.02743317"," 0.44872867","-0.11033970","-0.16981580","-0.03369617","-0.45529972"
"margarate"," 0.07782866"," 0.45253379","-0.47854367","-0.54746621"," 0.01535388","-0.03181079"," 0.24351394"," 0.26859039"
"mead acid","-0.009850249"," 0.507627980"," 0.053557881","-0.492372020","-0.091056732"," 0.041230278"," 0.158172926","-0.167310062"
"methionine"," 0.57160551","-0.02283198","-0.02139545"," 0.47467742","-0.42839449","-0.06426514","-0.24877995","-0.26061594"
"methionine sulfoxide"," 0.6010648","-0.2006819"," 0.3552373"," 0.4486535","-0.3296707","-0.3989352","-0.3602577","-0.1154101"
"methylmalonate"," 0.30924830"," 0.10310667"," 0.54449398","-0.33158404","-0.02752477"," 0.24861750","-0.45550602","-0.39085163"
"methylphosphate"," 0.6364212","-0.0458235"," 0.1538398"," 0.1908451","-0.1633505","-0.2214580","-0.3635788","-0.1868953"
"myo-inositol"," 0.47008199","-0.51136855"," 0.33549964"," 0.48863145","-0.03431614"," 0.10196441","-0.48727290","-0.36321988"
"myristate","-0.4211276"," 0.2805627","-0.5088598","-0.5259266"," 0.4740734"," 0.4011686"," 0.1844525"," 0.1156568"
"myristoleate","-0.48035478"," 0.23803138","-0.35800883","-0.41176630"," 0.51964522"," 0.34872121"," 0.07058324"," 0.07314886"
"myristoylcarnitine","-0.46764566","-0.01283772","-0.18961656","-0.30645697"," 0.19795013"," 0.17368409"," 0.07256834"," 0.53235434"
"N-acetylalanine"," 0.5350549","-0.2134900"," 0.4790761"," 0.4597179","-0.2589711","-0.2639591","-0.4649451","-0.2724836"
"N-acetylasparagine"," 0.3826397","-0.3301833"," 0.4730449"," 0.3759792","-0.1457590"," 0.2427127","-0.4714789","-0.5269551"
"N-acetylaspartate"," 0.10879361","-0.08360261"," 0.65547751"," 0.21937780","-0.10863763","-0.34452249","-0.25763261","-0.18925357"
"N-acetylglutamate","-0.58340458"," 0.41659542","-0.11439976","-0.14868487"," 0.04753684"," 0.09267573"," 0.06522550"," 0.22445571"
"N-acetylglutamine"," 0.1632939","-0.3112923"," 0.3568385"," 0.1813927"," 0.5482278","-0.1439304","-0.3427580","-0.4517722"
"N-acetylglycine","-0.3635079","-0.2476352","-0.3309133","-0.4434510"," 0.5565490"," 0.2165612"," 0.2270682"," 0.3853291"
"N-acetylhistidine"," 0.09922020","-0.08917235"," 0.19365295"," 0.11905941"," 0.26540066"," 0.04157167"," 0.10486680","-0.73459934"
"N-acetylleucine"," 0.1029494","-0.3211829","-0.1243066","-0.1582878"," 0.5768335","-0.0328061"," 0.3799669","-0.4231665"
"N-acetylmethionine"," 0.5963315","-0.2337736"," 0.5741185"," 0.4363498","-0.3624981","-0.3189129","-0.2879468","-0.4036685"
"N-acetylneuraminate"," 0.5800816","-0.2627663"," 0.3513159"," 0.5597244","-0.4199184","-0.2002072","-0.2906458","-0.3175842"
"N-acetylserine"," 0.36945372","-0.09579350"," 0.46877492"," 0.40181876","-0.53122508","-0.06627893","-0.21395556","-0.33279434"
"N-acetylthreonine"," 0.3214658","-0.2924857"," 0.3587043","-0.2877647","-0.5527670","-0.1340436"," 0.1396579"," 0.4472330"
"N-alpha-acetylornithine"," 0.05883141","-0.69646693","-0.30706074"," 0.29819343"," 0.11707097"," 0.30353307"," 0.18176853"," 0.04413026"
"N-delta-acetylornithine"," 0.27818664"," 0.08380653","-0.31032474","-0.21084020"," 0.68967526","-0.30191097"," 0.07003953","-0.29863204"
"N-glycolylneuraminate","-0.5391343"," 0.2191216","-0.3485028","-0.3825203"," 0.1472110"," 0.4608657"," 0.2677546"," 0.1752046"
"N-palmitoyl-sphinganine","-0.54821358"," 0.45178642","-0.18947677","-0.38290568"," 0.21441432"," 0.19831935"," 0.19070836"," 0.06536757"
"N-palmitoyl-sphingosine","-0.45328669"," 0.21938424"," 0.10751853","-0.46943226","-0.09344464"," 0.53056774"," 0.26412020","-0.10542712"
"N1-Methyl-2-pyridone-5-carboxamide","-0.113947696"," 0.253639142","-0.005374367","-0.530092331","-0.353785601"," 0.469907669"," 0.028035891"," 0.251617293"
"N2-acetyllysine/N6-acetyllysine"," 0.41952267","-0.58047733"," 0.23795781"," 0.30405835"," 0.01395734"," 0.04850326","-0.57391881"," 0.13039669"
"N6,N6,N6-trimethyllysine"," 0.6479079","-0.2307333"," 0.2154794"," 0.4624721","-0.1779718","-0.3520921","-0.2816588","-0.2834034"
"N6-succinyladenosine"," 0.39986826","-0.59155417"," 0.40844583"," 0.23581894"," 0.07955658","-0.37866333"," 0.06822538","-0.22169750"
"nicotinamide","-0.5248639"," 0.3885786","-0.4964991","-0.4875014"," 0.2408261"," 0.4751361"," 0.2859247"," 0.1183989"
"nicotinamide adenine dinucleotide"," 0.10521078","-0.47838366"," 0.42883741","-0.17288042","-0.52709984"," 0.47290016"," 0.10581910"," 0.06559647"
"nonadecanoate","-0.09142735"," 0.36323583","-0.58258186","-0.63676417"," 0.10840925"," 0.16612726"," 0.35612134"," 0.31687970"
"oleamide","-0.55353691"," 0.44646309"," 0.39763946"," 0.06188545","-0.13136904","-0.07540817","-0.08209795","-0.06357592"
"oleate/vaccenate","-0.11165899"," 0.56027558","-0.34526500","-0.43972442","-0.05278884","-0.08472741"," 0.19510005"," 0.27878902"
"oleoyl ethanolamide","-0.002682062"," 0.310598595","-0.170573339","-0.319863964","-0.605886036"," 0.128295495"," 0.394113964"," 0.265997347"
"oleoylcarnitine"," 0.2453073","-0.3105606"," 0.3704443"," 0.2734908","-0.1580352","-0.5276901","-0.3652665"," 0.4723099"
"ornithine"," 0.07601115","-0.01674893","-0.06494970"," 0.12056135"," 0.56171565","-0.18217588","-0.05612929","-0.43828435"
"orotate"," 0.4742755","-0.2684433"," 0.4228127"," 0.4381982","-0.4078454"," 0.2990850","-0.5257245","-0.4323582"
"orotidine"," 0.5852747","-0.2749115"," 0.4979976"," 0.5226226","-0.3032788","-0.3473548","-0.2656245","-0.4147253"
"oxalate"," 0.08446539"," 0.32004072","-0.12133869"," 0.05689504","-0.62338774"," 0.07655718","-0.16984417"," 0.37661226"
"palmitate","-0.2367958"," 0.4025822","-0.4623491","-0.5974178"," 0.2039947"," 0.1404467"," 0.2850628"," 0.2644761"
"palmitoleate","-0.31215660"," 0.36899253","-0.49565927","-0.53812100"," 0.46187900"," 0.32879679"," 0.06679227"," 0.11947628"
"palmitoyl dihydrosphingomyelin","-0.66624455"," 0.33375545","-0.06357156","-0.18621962"," 0.10236520"," 0.30854966"," 0.15487404"," 0.01649139"
"palmitoyl ethanolamide","-0.2501527"," 0.3135005","-0.4182328","-0.5456259","-0.2294949"," 0.2712149"," 0.4543741"," 0.4044168"
"palmitoyl sphingomyelin","-0.166232154"," 0.245481914"," 0.238876211"," 0.202354293","-0.551981618"," 0.448018382","-0.007912618","-0.408604411"
"palmitoylcarnitine","-0.2688765","-0.3276166"," 0.2203504","-0.1081855"," 0.1446005","-0.1340770","-0.1985787"," 0.6723834"
"pantothenate","-0.6190446"," 0.1945478","-0.3542029","-0.3097841"," 0.1193517"," 0.3809554"," 0.2974175"," 0.2907590"
"phenol sulfate"," 0.01434144"," 0.50594512","-0.03372052","-0.41540533"," 0.26018542","-0.49405488"," 0.19139693","-0.02868819"
"phenylalanine"," 0.6022570","-0.1486223"," 0.3465217"," 0.4509736","-0.2470280","-0.3089452","-0.3977430","-0.2974140"
"phenylalanylglycine","-0.37555305"," 0.23410783","-0.15457165","-0.65776113"," 0.32643516"," 0.06000641"," 0.22509757"," 0.34223887"
"phosphate"," 0.13556115"," 0.26285823"," 0.33094614"," 0.23425378","-0.39045579"," 0.15429125","-0.05840091","-0.66905386"
"phosphoenolpyruvate"," 0.14524099","-0.04662975"," 0.64440785"," 0.31247082","-0.11394287","-0.35559215","-0.27489937","-0.31105551"
"phosphoethanolamine","-0.3196658","-0.1054095"," 0.6803342","-0.2079921","-0.1931916"," 0.2777368","-0.2674645"," 0.1356525"
"pipecolate"," 0.6354080","-0.3645920"," 0.4102990"," 0.5627932","-0.3415842","-0.2422306","-0.3173032","-0.3427903"
"pro-hydroxy-pro"," 0.212020257","-0.609222937"," 0.036570449"," 0.390777063"," 0.006933876"," 0.057538063","-0.012866523","-0.081750248"
"proline"," 0.20561343"," 0.12497259"," 0.15190973"," 0.41860700","-0.58139300","-0.28819428"," 0.08302347","-0.11453895"
"prolylglycine"," 0.40716888","-0.56395484"," 0.43604516"," 0.11943810","-0.21287668"," 0.02180601","-0.19171946","-0.01590717"
"propionylcarnitine","-0.4780619"," 0.2285511","-0.3214312","-0.3950607","-0.1455908"," 0.5219381"," 0.4873237"," 0.1023316"
"pseudouridine","-0.41489844","-0.02123173","-0.05185617","-0.52458886"," 0.18202266"," 0.47541114"," 0.03875735"," 0.31638404"
"putrescine"," 0.5548031","-0.1889526"," 0.3795182"," 0.4276749","-0.3651241","-0.1652692","-0.1974534","-0.4451969"
"pyridoxal"," 0.49580819","-0.08070884"," 0.39665083"," 0.48586251","-0.50419181","-0.26608307","-0.21036746","-0.31697033"
"pyridoxamine","-0.06659189"," 0.38024453","-0.09670377","-0.11036309"," 0.51641243","-0.09779866","-0.04161197","-0.48358757"
"pyridoxamine phosphate"," 0.4606932","-0.1079917"," 0.4424831"," 0.4366256","-0.3221485","-0.0745938","-0.2957610","-0.5393068"
"pyroglutamine*","-0.2333959"," 0.1603097","-0.6406663","-0.3431870"," 0.2158366"," 0.2962177"," 0.3593337"," 0.1855515"
"retinol","-0.5714197"," 0.1770478","-0.2704612","-0.4305810"," 0.1657305"," 0.4285803"," 0.2519170"," 0.2491862"
"ribulose","-0.315489957"," 0.006317751"," 0.145174279","-0.316863696"," 0.533376001"," 0.100108497"," 0.314001125","-0.466623999"
"S-adenosylhomocysteine"," 0.4116282"," 0.1761039"," 0.3311525"," 0.4606480","-0.2781609","-0.2720248","-0.2899949","-0.5393520"
"sarcosine"," 0.149733488","-0.067384819"," 0.582334214","-0.417665786","-0.007662279","-0.081626405","-0.028349824","-0.129378590"
"sedoheptulose-7-phosphate","-0.62588728"," 0.13788994","-0.14005121","-0.12361036"," 0.37411272"," 0.32922886"," 0.13057172","-0.08225439"
"serine"," 0.48224519","-0.22781359"," 0.12434224"," 0.46323022","-0.51775481"," 0.08995908","-0.24978625","-0.16442209"
"spermidine","-0.21528991"," 0.44313913","-0.37352032","-0.55686087"," 0.03454448"," 0.28281601"," 0.29449446"," 0.09067702"
"sphinganine","-0.62412732"," 0.24479808","-0.12889892","-0.48270043"," 0.19921285"," 0.36563005"," 0.37587268"," 0.05021302"
"sphingomyelin"," 0.6026139","-0.3054568"," 0.4345055"," 0.4946890","-0.3973861","-0.1807284","-0.2647988","-0.3834383"
"sphingosine"," 0.21852095","-0.36305050"," 0.63694950"," 0.23220909","-0.18223473","-0.09426408","-0.21659134","-0.23153889"
"stachydrine"," 0.40505968","-0.05457217"," 0.30827766","-0.48119330"," 0.51880670","-0.38592531","-0.13464800","-0.17580528"
"stearate","-0.09309271"," 0.36890238","-0.54169126","-0.58414026"," 0.01753153"," 0.15706156"," 0.41585974"," 0.25956903"
"stearidonate","-0.48472488"," 0.10526207","-0.40542421","-0.34179161"," 0.44367245"," 0.51527512","-0.09051286"," 0.25824392"
"stearoyl ethanolamide","-0.5413425"," 0.1938341","-0.3404354","-0.4517275"," 0.1878033"," 0.4586575"," 0.3498390"," 0.1433717"
"stearoyl sphingomyelin","-0.54182684"," 0.38132668","-0.37545701","-0.25458279"," 0.10203804"," 0.45817316"," 0.15337893"," 0.07694982"
"stearoylcarnitine"," 0.5814713","-0.3419012"," 0.4996005"," 0.5921075","-0.2878461","-0.3811028","-0.4078925","-0.2544366"
"succinate","-0.34571293"," 0.14648241","-0.52125097","-0.26044273"," 0.08310094"," 0.18240199"," 0.23667224"," 0.47874903"
"succinylcarnitine","-0.60279605"," 0.39720395","-0.37645062","-0.27000938"," 0.05918739"," 0.35342924"," 0.17793154"," 0.26150394"
"sucrose","-0.18746857"," 0.05388407","-0.28647774","-0.39404158"," 0.45489251"," 0.60595842","-0.07257729","-0.17416983"
"sulfate*","-0.2640824"," 0.2211417","-0.3612611","-0.5016524","-0.3215958"," 0.4983476"," 0.3201895"," 0.4089129"
"tartronate","-0.3777818"," 0.5128240","-0.2164016"," 0.4328018","-0.4871760","-0.1059524"," 0.1192306"," 0.1224554"
"taurine","-0.5926660"," 0.3953439","-0.4526792","-0.3887061"," 0.1733270"," 0.4073340"," 0.3356771"," 0.1223693"
"tauro-beta-muricholate","-0.28977186"," 0.06432013","-0.07042759","-0.10073890"," 0.71022814","-0.15497609","-0.11006198","-0.04857185"
"taurocholate","-0.29210999"," 0.01386131","-0.07362566","-0.15078497"," 0.70789001","-0.03752319","-0.15092341","-0.01678409"
"thiamin monophosphate"," 0.51317063"," 0.09349468"," 0.28086421"," 0.13383126"," 0.11217467","-0.24037268","-0.40633339","-0.48682937"
"threonate"," 0.60107000","-0.39893000"," 0.30442213"," 0.21699048","-0.26160207"," 0.05319492","-0.32086647","-0.19427899"
"threonine"," 0.5535322","-0.0600411"," 0.1766919"," 0.4955352","-0.4464678","-0.1564539","-0.2887944","-0.2740021"
"trans-4-hydroxyproline","-0.04194949","-0.13231257","-0.49395531"," 0.50604469","-0.26024201"," 0.07890013"," 0.01618550"," 0.32732905"
"trans-urocanate","-0.3295359"," 0.4218510","-0.4170277","-0.5085980","-0.1092121"," 0.1396589"," 0.3114618"," 0.4914020"
"tricosanoyl","-0.5965673"," 0.3992944","-0.4242430","-0.3341329"," 0.1410287"," 0.4034327"," 0.2522473"," 0.1589401"
"trigonelline"," 0.04617394"," 0.27841967","-0.17873133","-0.03038694"," 0.58527028","-0.18370491","-0.10231098","-0.41472972"
"trimethylamine N-oxide"," 0.14854141","-0.30895091"," 0.09405822"," 0.46916747","-0.53083253"," 0.14152184","-0.11614617"," 0.10264067"
"tryptophan","-0.3488522"," 0.2925422","-0.2894176","-0.7074578"," 0.2841143"," 0.2844973"," 0.2440513"," 0.2405225"
"tyrosine"," 0.27885118","-0.09523455"," 0.27067361"," 0.44250644","-0.55749356"," 0.04584262","-0.08737640","-0.29776936"
"UDP-galactose"," 0.2202413","-0.2932150"," 0.1325441"," 0.1799796"," 0.3523449"," 0.4641667","-0.5202284","-0.5358333"
"UDP-glucose"," 0.4612143","-0.1091978"," 0.2152739"," 0.2556770"," 0.2150644","-0.5387857","-0.1439366","-0.3553094"
"UDP-N-acetylgalactosamine"," 0.55816687","-0.06668397"," 0.04246251"," 0.32195241","-0.29958267","-0.44183313","-0.02917427","-0.08530776"
"UDP-N-acetylglucosamine"," 0.43793041","-0.07917261"," 0.17308909"," 0.33555849","-0.56206959","-0.12743762"," 0.01439931","-0.19229748"
"uracil","-0.25895820"," 0.06517765"," 0.18643080"," 0.41588356"," 0.32225269"," 0.04166676","-0.58411644","-0.18833682"
"urate","-0.5904705"," 0.3567514","-0.2118148","-0.2828993","-0.1522949"," 0.4095295"," 0.2389117"," 0.2322869"
"urea","-0.40133979"," 0.53498884","-0.46501116","-0.33817868"," 0.02813771"," 0.41905041"," 0.28399851","-0.06164583"
"uridine"," 0.50565865","-0.04356998"," 0.44979893"," 0.48933597","-0.13245473","-0.36632779","-0.49434135","-0.40809968"
"uridine 5'-diphosphate"," 0.11099166"," 0.11421102"," 0.04054687","-0.04939471","-0.57572214"," 0.25524504"," 0.42427786","-0.32015560"
"uridine 5'-monophosphate","-0.5380598"," 0.2674027","-0.5695818","-0.5097112"," 0.2132130"," 0.4304182"," 0.3943419"," 0.3119770"
"valine"," 0.6363932","-0.3014188"," 0.1394477"," 0.6322093","-0.3636068","-0.2936871","-0.3046962","-0.1446413"
"xanthine"," 0.41292274"," 0.10427001"," 0.37554435"," 0.40321833","-0.02295104","-0.27146737","-0.41445975","-0.58707726"
"xanthosine"," 0.23216644","-0.05660515"," 0.16661792"," 0.10700929"," 0.43403495"," 0.17914268","-0.56596505","-0.49640108"
