"","201","203","204","206","207","208","209","243","213","215","217","218"
"Label","ND_Veh","ND_Veh","ND_Veh","ND_Veh","HFD_Veh","HFD_Veh","HFD_Veh","HFD_Veh","HFD_Tx","HFD_Tx","HFD_Tx","HFD_Tx"
"1,2-dilinoleoyl-GPC (18:2/18:2)","32115680","23411206","27184488","33082252"," 6959785"," 6426450"," 7345000"," 9843078"," 7258798"," 9286538"," 8106757"," 9917901"
"1,2-dioleoyl-GPC (18:1/18:1)*","132741768"," 94652480"," 33720400","100215360"," 15195066"," 14280182"," 15940232"," 18088672","114514272"," 24566752"," 84853176"," 96660232"
"1,2-dioleoyl-GPE (18:1/18:1)","23191172","17260656","13910642","20636596"," 7420265"," 6666161"," 6518864"," 9541907","18461024","16529866","24078552","23831892"
"1,2-dipalmitoyl-GPC (16:0/16:0)","219913136","191033744","135357392","174395824"," 40214876"," 25662664"," 28787720"," 36128764","132814000"," 40389620","125729120","123381808"
"1,2-distearoyl-GPC (18:0/18:0)","92410976","76396280"," 1385069","46334876","  607352","  403157","  434891","  764064","73913304","  442321","38667672","53887028"
"1,5-anhydroglucitol (1,5-AG)","3110843","2566371","1483537","2527224"," 467242"," 184221"," 378080"," 283684","1185180"," 582061","1028155","1112062"
"1-(1-enyl-oleoyl)-GPE (P-18:1)*","1737579.0","1442381.0"," 270504.0","1201991.0","  38229.0"," 295277.3"," 140834.0"," 111819.0","5181594.0"," 188809.0","1095499.0","1387355.0"
"1-(1-enyl-palmitoyl)-2-arachidonoyl-GPC (P-16:0/20:4)*","55849312","35855000"," 4523318","29433274"," 2210494"," 1609184"," 1434169"," 2210298","32286848"," 2404440","27964836","25583442"
"1-(1-enyl-palmitoyl)-2-arachidonoyl-GPE (P-16:0/20:4)*","117198440"," 95530000"," 31800634"," 95454616"," 38305088"," 32818548"," 32487524"," 35993256"," 77994264"," 44268240"," 91895800"," 85158312"
"1-(1-enyl-palmitoyl)-2-linoleoyl-GPC (P-16:0/18:2)*","3776652","3293813","1494829","2862222"," 101270","  74732"," 217925"," 203890","2631263"," 207388","1684622","2159104"
"1-(1-enyl-palmitoyl)-2-linoleoyl-GPE (P-16:0/18:2)*","6662850","7254941","6868615","9305089","3407099","3507335","5038771","3635278","3293222","4407385","4552196","5086566"
"1-(1-enyl-palmitoyl)-2-oleoyl-GPC (P-16:0/18:1)*","15134026","16427810"," 5059961","11936744"," 1679568"," 1522750"," 1928014","  129475","11144210","  100860"," 9652163"," 7600146"
"1-(1-enyl-palmitoyl)-2-oleoyl-GPE (P-16:0/18:1)*","27787892","26757446","29891154","32196980"," 5562256"," 4926729"," 8852456"," 6584362","17915048"," 9859764","25063936","16784752"
"1-(1-enyl-palmitoyl)-2-palmitoleoyl-GPC (P-16:0/16:1)*","4310274.0","5647723.0"," 292327.0","2820787.0"," 637048.0"," 383731.1"," 587053.0"," 501969.2","3476386.0"," 606865.2","2783524.0","2101567.0"
"1-(1-enyl-palmitoyl)-2-palmitoyl-GPC (P-16:0/16:0)*","4940681","5781769","2466629","4004812"," 354133"," 224026"," 483346"," 360148","2869127"," 505287","2639445","2599048"
"1-(1-enyl-palmitoyl)-GPC (P-16:0)*","3236201.0","2468275.0"," 541304.0","1709413.0"," 927336.7"," 440058.8"," 556589.4"," 652796.1","2545960.0"," 513431.3","1361823.0","1401868.0"
"1-(1-enyl-palmitoyl)-GPE (P-16:0)*","8914053","7563662","3894833","7437632","1364040"," 688942","1151854"," 742049","6244779","1373018","4834657","4729698"
"1-(1-enyl-stearoyl)-2-arachidonoyl-GPE (P-18:0/20:4)*","168867712","126762888"," 12699497","120483760"," 17147964"," 13888464"," 13881180"," 16440777","128864080"," 18115000","118679944","113176648"
"1-(1-enyl-stearoyl)-2-linoleoyl-GPE (P-18:0/18:2)*","4550072","3836928","2380275","4842463","1359424","1155549","1452505","1479845","2000337","1517205","2830425","3432827"
"1-(1-enyl-stearoyl)-2-oleoyl-GPE (P-18:0/18:1)","12415182"," 8551091"," 1832366"," 7911057"," 1166501","  751854"," 1030357"," 1139598"," 7923673"," 1738610"," 6913014"," 7060490"
"1-(1-enyl-stearoyl)-GPE (P-18:0)*","3479968.0","2296250.0"," 237403.0","2081224.0","  85163.0"," 446327.5"," 116638.0"," 222899.0","7911004.0"," 154775.0","2071236.0","2282940.0"
"1-arachidonoyl-GPC (20:4)*","13276315"," 8498314"," 2303008"," 8557493"," 2012694"," 1243938"," 3166547","10212200","12292828"," 1854488"," 5737801"," 7153831"
"1-arachidonoyl-GPE (20:4)*","21513462","12097709"," 3432893","12946004"," 1839797"," 1580163"," 2032694"," 3479229","12129279"," 3297606"," 6922750","10782982"
"1-arachidonoyl-GPI (20:4)*","4480313.0","3281039.0"," 699598.0","3207561.0"," 458095.4"," 302718.0"," 414864.5"," 191793.0","5037460.0"," 259191.0","1801670.0","2081363.0"
"1-linolenoyl-GPC (18:3)*","266750.00","105303.00","139976.33"," 72372.00","117947.17"," 66194.25"," 66398.00","293253.00","274587.00","111536.57"," 54697.00"," 96857.00"
"1-linoleoyl-2-arachidonoyl-GPC (18:2/20:4)*","17248814","11485435"," 5699310","12651518"," 3213206"," 2373123"," 2970343"," 4469627"," 9961161"," 3279494"," 8807057","10165654"
"1-linoleoyl-GPC (18:2)","19512952"," 9016301"," 8526712"," 8942565"," 7010675"," 4956255"," 9441919","26310348","17169604"," 7024301"," 6580542"," 7962338"
"1-linoleoyl-GPE (18:2)*","2711893","2080936","1840546","2280854"," 636136"," 659046"," 942986","1740722","1371424"," 962226"," 928408","1177564"
"1-linoleoylglycerol (18:2)","4878235","2133235","1946380","3017738"," 655613"," 685820"," 903551"," 610190","2773618"," 834263","1279857","1305449"
"1-methylhistidine","55690224","30101936"," 7366686","33667440"," 2268565"," 2399782"," 2063578"," 2680955","45189576"," 3197886","25172328","25354788"
"1-methylimidazoleacetate","2772853","1266156","1906193","3261380","1036218","1100836"," 853513","1214668","2274343","2199916","1781747","1435977"
"1-methylnicotinamide","1894317","2345484","3481628","2912185","5539245","5760346","5377189","8256360","2237655","6925304","1677424","2163999"
"1-oleoyl-2-linoleoyl-glycerol (18:1/18:2)","108207784"," 78032360"," 99084488"," 96652344","131956928"," 61879112"," 62780984"," 68500944"," 52947476"," 92320728"," 74465120"," 54602872"
"1-oleoyl-2-linoleoyl-GPC (18:1/18:2)*","139787664","122431008","128541024","140621680"," 73340336"," 69789616"," 76202624","100176960"," 92323512"," 97599168"," 98115808","137780768"
"1-oleoyl-2-linoleoyl-GPE (18:1/18:2)*","33252416","33925804","62068868","49943736","29671920","32983124","34592292","39445920","18810434","47029080","28948614","36203228"
"1-oleoyl-3-linoleoyl-glycerol (18:1/18:2)","622536576","392075616","475201088","462893632","409984576","241203424","267257808","269951584","349369600","321668288","443629696","349818848"
"1-oleoyl-GPC (18:1)","39164576","20934070","16958176","24861998"," 5847057"," 3101970"," 6758882","17481020","27294872"," 5022867","13019175","16085046"
"1-oleoyl-GPE (18:1)","13775114","11236918"," 9548917","11014578"," 1339780"," 1512719"," 1914450"," 2314462","16249917"," 3406520"," 7076975"," 8856108"
"1-oleoylglycerol (18:1)","6143520","2912170","4327320","4143301","1766293","2475711","3824483","1571451","7962861","5065860","3767305","3215984"
"1-palmitoleoyl-2-linoleoyl-GPC (16:1/18:2)*","18693520","13088871","11687098","15561174"," 5603541"," 4837215"," 5255697"," 7215193"," 8227782"," 5709672"," 8103362"," 8322807"
"1-palmitoleoyl-2-oleoyl-glycerol (16:1/18:1)*","11961549","10242325","11473050"," 7825783","24203458","12620480","14090384","14462727","16410925","17934212","17923280","13772984"
"1-palmitoleoyl-3-oleoyl-glycerol (16:1/18:1)*","30703440","24028258","27916840","16975178","55237736","31925934","43140416","36968176","57856716","42052416","65484908","56299828"
"1-palmitoleoyl-GPC (16:1)*","3380272","2613241","1136787","2035012"," 409015"," 249772"," 490139","1638123","3148274"," 331800","1481765","1451969"
"1-palmitoleoylglycerol (16:1)*","449040.00","117515.00","223020.00","257908.00","139901.67"," 88760.00","192119.00"," 92486.33","966968.00","104129.00","212382.40","143280.00"
"1-palmitoyl-2-arachidonoyl-GPC (16:0/20:4)","610618752","423540512","236045376","431603520"," 55249020"," 40245032"," 44441732"," 85169136","416235136"," 47096080","340790016","329584800"
"1-palmitoyl-2-arachidonoyl-GPE (16:0/20:4)*","48301640","34598492","60054144","58394980","17847544","17935976","15596353","19287316","31165164","14202793","42136952","29114092"
"1-palmitoyl-2-linoleoyl-glycerol (16:0/18:2)*","42600528","29625650","46353164","46028224","49357052","24807572","22567720","30133942","15636565","34925608","18789792","15607924"
"1-palmitoyl-2-linoleoyl-GPC (16:0/18:2)","549471616","485011872","399027904","516042720","185673232","161778736","178947792","292368096","316527008","188792624","270228800","306355616"
"1-palmitoyl-2-linoleoyl-GPE (16:0/18:2)","30701890","32420562","48480344","43013584","25434804","27416888","27660696","29502848","12855361","29027772","19002456","19986956"
"1-palmitoyl-2-oleoyl-GPC (16:0/18:1)","659940864","553224448","494894240","597597568"," 98306856"," 77830456"," 82759752","131051392","553576384","112040696","489524416","452510336"
"1-palmitoyl-2-oleoyl-GPE (16:0/18:1)","23534906","20391566","28859838","27950108"," 9674345"," 8442743"," 9023076","10475643","16492634","13368946","21527592","17732208"
"1-palmitoyl-2-oleoyl-GPG (16:0/18:1)","1441937"," 962706"," 508611"," 906592","  69210","  82259","  61994"," 104747"," 708539"," 119925"," 890532"," 725320"
"1-palmitoyl-2-palmitoleoyl-GPC (16:0/16:1)*","114736512","114012608"," 23783196"," 88501232"," 12261553"," 10889554"," 11156431"," 13416739"," 86448544"," 12818231"," 71442128"," 61200344"
"1-palmitoyl-2-stearoyl-GPC (16:0/18:0)","95612872","72363336","11287412","58119176"," 7147829"," 4880424"," 5428366"," 6341953","70443984"," 6663653","48570608","53602752"
"1-palmitoyl-3-linoleoyl-glycerol (16:0/18:2)*","374373184","237287824","378321696","317168192","242898544","165159824","178652672","181882992","204601536","217780944","235780208","191612448"
"1-palmitoyl-GPC (16:0)","154115568","107524888","107123024","102040752"," 27236612"," 16960452"," 29841498"," 78392168","113590408"," 27088948"," 63662824"," 66937848"
"1-palmitoyl-GPE (16:0)","14772510","10411816","16663264","14788587"," 1411134","  967192"," 1169491"," 1441906"," 9008585"," 1331998"," 7321734"," 6519455"
"1-palmitoyl-GPG (16:0)*"," 473359.0"," 160976.0"," 520321.0"," 446827.0"," 147992.8"," 177380.5"," 171477.5"," 183498.8","1034674.0"," 162316.9"," 242657.0"," 195152.0"
"1-palmitoyl-GPI (16:0)*"," 5161039.0"," 3848719.0"," 3212650.0"," 3773215.0","  561945.4","  604414.0","  797171.4","  125673.0","10974818.0"," 1083735.6"," 2189732.0"," 2342388.0"
"1-stearoyl-2-arachidonoyl-GPC (18:0/20:4)","1132169600"," 813522432"," 101998848"," 729380736","  88026824","  69785136","  61569288"," 112553168"," 891718912","  85677944"," 663925376"," 732773888"
"1-stearoyl-2-arachidonoyl-GPE (18:0/20:4)","221563040","166028864"," 64979888","169949568"," 71150088"," 66478432"," 54037432"," 72982504","163871488"," 62132216","155476624","158894944"
"1-stearoyl-2-arachidonoyl-GPI (18:0/20:4)","6612739","5403483","1816430","6228665","3863890","2988245","3831163","3885743","5941119","1460941","5137583","6614392"
"1-stearoyl-2-arachidonoyl-GPS (18:0/20:4)","70038016","59253664","30237644","59000240","25207148","21308880","17353240","27892388","63494428","26657596","62750296","61908400"
"1-stearoyl-2-linoleoyl-GPC (18:0/18:2)*","748485632","634948736","449955104","695824448","297723488","298156480","291277280","396985216","578049664","424143296","506933056","639561792"
"1-stearoyl-2-linoleoyl-GPE (18:0/18:2)*","58566580","57911596","63833828","74557120","55282992","58640840","57074248","64137516","41058968","65117016","48501348","59936504"
"1-stearoyl-2-oleoyl-GPC (18:0/18:1)","668393728","523903360"," 85133080","462914208"," 67803704"," 56107940"," 52650356"," 74339176","625581376"," 89191456","424633504","500956160"
"1-stearoyl-2-oleoyl-GPE (18:0/18:1)","49832224","38403532","11688928","35905792"," 9323617"," 6999131"," 7154559"," 9250051","38264856","14676907","31655604","36566840"
"1-stearoyl-2-oleoyl-GPS (18:0/18:1)","1389721.0","1342011.0","1028941.5","1170433.0"," 268181.5"," 179346.4"," 124855.0"," 196704.0","1703599.0"," 309556.4"," 991349.0","1419183.0"
"1-stearoyl-GPC (18:0)","179113680","129495008"," 44939256","104573184"," 25267592"," 20420904"," 27935624"," 54988328","162689392"," 27355564"," 77976056"," 98959656"
"1-stearoyl-GPE (18:0)","26797704","19630336"," 8554143","17929308"," 2779396"," 2482453"," 2617727"," 3470066","21158436"," 3279412","12432491","14692955"
"1-stearoyl-GPI (18:0)"," 9886973"," 6044138"," 2248595"," 5731083","  263250","  133073","  193284","  522978","21970432","  388286"," 3738157"," 5247533"
"1-stearoyl-GPS (18:0)*"," 8775935"," 5058389"," 2590892"," 5676963","  354938","  149071","  201219","  444429","14582861","  497654"," 3066586"," 3786041"
"10-heptadecenoate (17:1n7)"," 69449528"," 43121680"," 32822754"," 66867668"," 40472692"," 21650580"," 25816742"," 36246412","107518696"," 51212424"," 49758188"," 45732532"
"10-nonadecenoate (19:1n9)","26712440","11823621","13482775","22484844"," 4454774"," 3555784"," 6849444"," 9253012","25415672","11043202","12776590","11145779"
"12,13-DiHOME","4242049","1408027","1045695","2415352"," 557770"," 374862"," 358963"," 327069"," 626634"," 507776"," 377556"," 559212"
"12-HETE","10754589"," 5520561"," 2250730"," 6093722","  793814","  426774","  639193","  398126"," 7224294"," 1137663"," 4142467"," 5065342"
"15-HETE","4965724","1503026"," 734146","1635141"," 213154","  99221"," 183677"," 214731","1744244"," 229690"," 696246","1042376"
"15-methylpalmitate","16471092"," 9411009"," 9884110","17420032"," 8483893"," 8171531","11918849","15033070","28972134","16279572","18660244","12310661"
"16-hydroxypalmitate","1108869","1145394"," 722235","1439183","2596314","1305519"," 944053"," 853637","1096437"," 936033","1110726","1257561"
"17-methylstearate","3848309","1462009","2218939","3455154","1129011"," 729569","1257935","1697027","3259980","1489032","1557451","1318305"
"2'-deoxycytidine","7150842","5450842","3406698","5888371"," 513086"," 372051"," 682157","1503640","5453735","1300019","3222661","2960421"
"2'-deoxyguanosine","1514712.0","4280097.0"," 478595.0","1864494.0"," 581895.6"," 362747.0"," 530831.4"," 640726.0","2723084.0"," 542726.0","1023063.0","1080179.0"
"2'-deoxyinosine","270141.0","408096.0","125308.0","240785.0","184989.6","126528.7","117635.6","175063.4","309670.0","105959.9","102607.0","142126.0"
"2'-deoxyuridine","90893.00","88262.40","43021.00","87828.00","19917.00","78297.67","94428.00","25577.00","84026.00","71457.67","58857.00","36727.00"
"2-aminoadipate"," 863844736"," 807110272","  29131488"," 540419840","  34476400","  21490890","  31336664","  27384514","1378291456","  39019724"," 623750464","1030238336"
"2-aminoheptanoate","3203007","1383253"," 550570"," 982491"," 399435"," 307052"," 518832"," 329909","1708087"," 618836"," 559640","1075634"
"2-aminooctanoate","278093.00"," 99212.00","209628.25","144346.00"," 96823.33"," 45650.00"," 40485.00","115401.14","207376.00"," 82007.43"," 92852.00","118687.00"
"2-hydroxy-3-methylvalerate","793237.0","243951.0","369115.0","650637.0","173263.2","200132.0","114762.8","220755.1","801949.0","171453.1","629728.0","434900.0"
"2-hydroxybutyrate/2-hydroxyisobutyrate","1050304"," 719885"," 573474"," 528529"," 497750"," 338232"," 462427"," 627747","1500693"," 829856","1266872","1171599"
"2-hydroxyglutarate"," 5069914"," 3427121","19412916"," 8962935"," 3172294"," 3994750"," 3413713"," 4215600"," 3392905"," 3836717"," 7308415"," 4922642"
"2-hydroxystearate","4625093","3751004","2410021","2796180","1320453","1018682","1674127","1300588","6811876","1848060","3514598","2738958"
"2-linoleoylglycerol (18:2)","2352811.0"," 937519.0"," 483928.0","1234185.0"," 234783.0"," 257966.0"," 267692.0"," 152477.0","1688617.0"," 294696.1"," 462191.0"," 437458.0"
"2-methylbutyrylcarnitine (C5)","3397675","1840256","1319663","1819615"," 350730"," 439905","1090983","1027544","2662233"," 820833","1721748","2801062"
"2-methylbutyrylglycine","759420.0","323627.0","592694.0","574232.7","293834.9","478772.0","339904.7","510313.0","539445.7","561374.0","557011.0","473465.0"
"2-methylcitrate/homocitrate","223270.0","158727.0","239505.0","213654.0","196677.8","185733.6","114749.0","144344.8","205454.0"," 30104.0","172300.0","148298.0"
"2-oleoylglycerol (18:1)","2458268.0","1265239.0"," 748737.0","1191700.0"," 433280.0"," 264352.9"," 583556.0"," 468484.6","4033476.0"," 341442.0","1426552.0","1285656.0"
"2-palmitoleoyl-GPC (16:1)*"," 863368","1134699"," 214316"," 520549","  87706","  77458"," 118587"," 168700"," 676261"," 108228"," 208190"," 437377"
"2-palmitoyl-GPC (16:0)*","5495842","3514844","3836798","3700448","1406914"," 962351","1244009","3765066","3856917","1754319","2698518","2828770"
"2-stearoyl-GPE (18:0)*","1201375"," 504355"," 507522"," 891543"," 169166"," 197693"," 260082"," 358593","2355923"," 113382"," 655980"," 740890"
"3-(4-hydroxyphenyl)lactate"," 823573"," 401321"," 378711"," 503862","  93697","  83456","  80643"," 147740","1055485"," 174085"," 466227"," 527150"
"3-aminoisobutyrate","1689694"," 835065","1639723","1377782"," 542594"," 448508"," 523543"," 600783","1454235"," 928681","1211953","1130334"
"3-hydroxy-3-methylglutarate"," 5714632"," 3605708","11572638"," 7752618"," 1033593","  949582","  859584"," 1318545"," 4818788"," 1060823"," 6407869"," 5024349"
"3-hydroxybutyrate (BHBA)","1657935"," 602644"," 846863"," 822414","1457425"," 373843"," 300139"," 565725"," 869703"," 331534"," 638153"," 852042"
"3-hydroxybutyrylcarnitine (1)","3963935","1172945","1831493","3201076","2318785","2106755","1924531","2890720","1530649"," 823457","2515653","1689659"
"3-hydroxybutyrylcarnitine (2)","16005558"," 4754469"," 7873814"," 9400715"," 1946199"," 2475890"," 2658228"," 3875211"," 5540127"," 2148658"," 6399355"," 5261150"
"3-hydroxyisobutyrate","481388.0","432666.9","262576.0","292604.0","233430.0","107083.3","255468.0","157811.9","949989.0","180733.0","678451.0","612442.0"
"3-indoxyl sulfate","237398","187790"," 95574","298054","173947"," 29036"," 95120"," 74610","145036","109740","161356","142650"
"3-methylcytidine","2490431.0","1597174.0"," 670380.0","1442132.0"," 578245.6"," 168229.1"," 215623.1"," 213708.8","2010319.0"," 235134.1","1265597.0","1140300.0"
"3-methylhistidine","11269238"," 7156729","  620722"," 4850549","  114369","  418274","   44123","  339965","10419609","  452030"," 4551452"," 4858058"
"3-phosphoglycerate","4953211","3066870","2040084","3333137"," 198920","  77033"," 114994"," 175959","2244957"," 226613","3563634","2097147"
"3-ureidopropionate","6711081","1542707","1652177","1716297","2424797"," 815143"," 893365"," 858228","1644471","1092176","1893439","1385809"
"4-cholesten-3-one","4439540","4319219","5354316","4076412","2112115","2097269","1927520","2239756","3088371","2533703","4242863","4087429"
"4-guanidinobutanoate","50711784","33721700"," 9472026","27606532","  910768","  631348","  771508"," 1747614"," 4985015"," 1091773"," 2610858"," 2285751"
"4-imidazoleacetate","1359950"," 873716","1050534","1581649"," 669353"," 800637"," 849378","1226645","1253135","1682549"," 703686","1089624"
"5-aminovalerate","112977768"," 30926856"," 19376716"," 29609464","  7356928","  3571595","  4476131","  7650694"," 41189696","  6285500"," 21542888"," 15627376"
"5-dodecenoate (12:1n7)"," 830280","1325343"," 246367","1117953","1434802"," 271641"," 201962"," 682212","1054817"," 750684","1190785"," 828972"
"5-methylthioadenosine (MTA)","12027033","10105280"," 3062012"," 6993846","  252562","  310525","  455295","  379374","15745536","  427826"," 6133055"," 8850139"
"5-oxoproline","203220736","110737776"," 17983090","124128912","  6021090","  3277324","  3772117","  6212859","124581712","  7867684"," 83051920"," 89490240"
"6-phosphogluconate","510238.0","183573.0","135311.0","268030.0","173969.0"," 87908.0","119702.6","170628.7"," 99614.0"," 52990.0","243933.0","170520.0"
"7-hydroxycholesterol (alpha or beta)","3273557","2492728","4172688","2515721","3466634"," 965697","2190816","2358887","2651636","2124539","2411357","3647694"
"7-methylguanine","2194128.0"," 798246.0"," 702234.0"," 999928.0","  65489.0"," 150893.7","  96580.0"," 179263.0"," 895280.0","  88343.0"," 624523.0"," 603661.0"
"9,10-DiHOME","4185556","1074752"," 742535","2421693"," 340292"," 327798"," 291626"," 261552"," 410337"," 397727"," 352685"," 456546"
"acetylcarnitine","1132103296"," 524416928"," 615856256"," 775827840"," 173071536"," 125592864"," 133990512"," 191099072"," 536898816"," 177445856"," 598260160"," 382748288"
"acetylphosphate","8133870","5883564","2732385","5775214"," 853605"," 679812"," 685479"," 694066","3645001"," 848159","3809782","5172335"
"aconitate [cis or trans]","1073351"," 845492"," 712438","2293702"," 167767","  76494"," 227601"," 189695","1018060","  96511","1399567"," 562360"
"adenine","1751281","1269835"," 879998","1654949"," 131801","  83617","  79516"," 163814","2203970"," 120182"," 795065","1216047"
"adenosine"," 8259784","15592469","14881857","13403877"," 7234014"," 3221142"," 6240732"," 8854760","15383730"," 8762458","13973851","16785664"
"adenosine 2'-monophosphate (2'-AMP)","171535.0","102201.0","416241.0","349119.0"," 10789.0"," 89014.0"," 78691.0"," 71434.4","197683.7"," 17799.0","128593.0"," 42430.0"
"adenosine 3',5'-diphosphate","472238.0"," 63312.0","377917.0","284248.0","123893.0"," 64324.5","116500.3"," 27985.0","401676.6"," 33918.0","138840.0"," 65865.0"
"adenosine 3'-monophosphate (3'-AMP)"," 65984.0"," 74079.0","248943.0","193309.0","137964.8","236249.0","132257.0"," 38221.0","154014.8"," 46111.0"," 66580.0","101522.2"
"adenosine 5'-diphosphoribose (ADP-ribose)","291081.3","284610.0"," 18676.0","212886.0","242441.0"," 87144.0","123423.0","271987.0"," 38241.0","202867.0","253427.0","162841.0"
"adenosine 5'-monophosphate (AMP)"," 769492"," 641815"," 493436"," 554216","3406752","4446114","5844833","7465929"," 242488","3539948"," 527855"," 610737"
"adrenate (22:4n6)","29960448","16750404","19908784","30421528","12902652","11304611","47277092","12565612","59587248","19671940","30733552","20281992"
"alanine","928402816","742114304","412724320","665707904","201685264","181529152","194693616","275435264","864691072","227237728","660337344","774694848"
"allantoin","4496765","1910140","1185375","1816654","1112319"," 378266"," 392762"," 412128","1323758"," 439173"," 884131","1050135"
"alpha-hydroxyisocaproate","1464522.0"," 498176.0"," 673457.0","1638771.0"," 545244.0"," 364939.4"," 376002.3"," 425570.2","1434394.0"," 531955.5","1237325.0"," 825797.0"
"alpha-hydroxyisovalerate","10440189"," 5561527"," 4024749"," 7467894"," 1165818","  860945"," 1307675"," 1099068","11003103"," 1169464"," 7840010"," 7668629"
"alpha-ketoglutarate","4303762","1331769"," 818522","1394592"," 606484"," 768435"," 745340"," 891971","1318643"," 312442","1078288","1469472"
"alpha-tocopherol"," 5392373"," 1544220"," 1426710"," 6059794","32987208","45697364","33325166","61865768"," 6587192","47086388","64681424","36778084"
"anserine"," 5040378"," 4795381"," 5835610","10425996"," 3375452","  994182"," 1705194","  708461"," 4667103"," 3646367"," 2108234"," 2520955"
"arabitol/xylitol","450212.00","319933.00","193181.00","280321.00","150422.20"," 87211.00"," 76926.20","168989.00","303441.00"," 94347.57","256495.00","198491.00"
"arabonate/xylonate","11114123"," 6990279","  793257"," 5021582"," 1155853","  903638"," 1023333"," 1348863"," 7920989"," 1390411"," 4539260"," 5792892"
"arachidate (20:0)","18517750"," 9485321","10104127","14974457"," 6360217"," 4974187"," 7417607"," 7860182","22817234"," 8214784"," 9512251"," 9126377"
"arachidonate (20:4n6)","246141600","221713600","121761080","255779328","105230992"," 68922760"," 69648392"," 95811496","531304256","113191192","212908368","228638416"
"arachidonoyl ethanolamide","276709","201700","313695","449592","720350","496715","576044","389520","311426","449694","553616","288041"
"arginine","647599488","477171456","221418800","490250624"," 49903216"," 64142148"," 65044404","102184072","589136128","109801592","411469984","464027424"
"argininosuccinate","12212745"," 4502902","  439294"," 3988566","  111687","  235956","  109482","  263155"," 7268644","  118564"," 3167587"," 4302190"
"ascorbate (Vitamin C)"," 875015"," 666123","1871058","1084343","1284252","2326349"," 746756","1742010"," 923643"," 220498","8729549"," 751355"
"asparagine","177198656","126945608"," 52157648","108635296"," 15108794"," 13982388"," 15731952"," 19956484","163317856"," 21742814"," 96739360","134306832"
"aspartate","414493184","357218048","167399824","298237888"," 52206304"," 39680248"," 49186212"," 50365764","338936160"," 49900324","240735664","236663600"
"azelate (nonanedioate)","810604.0","290362.0","177499.0","296044.0","284484.0","170794.0","189114.0","329657.0","199679.0","232307.0","208570.1","136855.0"
"behenoyl sphingomyelin (d18:1/22:0)*","111918688"," 95967760"," 62495252"," 97050736"," 37921656"," 29723716"," 31880604"," 39981112"," 88629984"," 46350400"," 69379816"," 82321200"
"beta-alanine","62702832","51965628","19914524","52100800","10576716"," 7652087"," 7393909","11337522","63501540","14368559","40504728","44680764"
"beta-guanidinopropanoate"," 4006591"," 5284093"," 6096581","12548932"," 1212859","  777671"," 1066485"," 1022265"," 1014499"," 1020822"," 4262543"," 1260887"
"beta-hydroxyisovaleroylcarnitine","7944803","4528336","2865823","5642360","1808810","1829177","2054681","1587030","6452065","2173241","5982206","4698820"
"betaine","9897763","5374073","8647177","7956861"," 122284","  48034","  21274","  24486","9390385","  58011","5813648","5460870"
"betaine aldehyde","46795776","13284945"," 1485877","16013654","  563904","  505811","  342032","  418445","17480734","  962570","34416432","13389706"
"butyrylcarnitine","26337010","26341136","14613363","23529276","  692313","  708794"," 3370859"," 3331594","20720520"," 2438545","15200330","16361932"
"C-glycosyltryptophan","4595152","3179040","2363862","3376888"," 807700"," 460984"," 561834"," 594010","3185338","1184220","2580613","2709679"
"carboxyethyl-GABA"," 926365.0"," 764471.0"," 343654.0"," 615028.0"," 173070.4"," 113375.0"," 154516.4"," 159117.0","1105227.0"," 138330.8"," 624272.0"," 327236.0"
"carnitine","1007919168"," 806495552"," 405618240"," 940090560"," 493264832"," 486865600"," 503662112"," 553588544"," 667082560"," 589247232"," 808863808"," 410110816"
"carnosine","17899794"," 3637815"," 4240413"," 7435420"," 2359175","  633645"," 1427785","  703325"," 3326166"," 2558196"," 1926189"," 3086333"
"cholesterol","84054720","56237572","47413888","56117088","29912064","30837428","65469716","38274232","42713240","32501424","69582448","47908512"
"choline","2641891584","2020106368"," 476685376","1598292352"," 326928576"," 310562592"," 256029824"," 255728944","2129328768"," 389114464","1630818048","1962163840"
"choline phosphate"," 438987808"," 322255680","1200971392"," 606496512","  82710720","  94219352","  94596320","  82933408"," 362594208"," 128785192"," 438798208"," 276414944"
"citrate","15440285","14626530","10590070","25393846","  778717","  548653"," 1234618","  895017","11291704","  953627","16263835","10787727"
"citrulline","90787120","68915744","21736816","53020156","16697112","14455628","16525380","16737832","74788816","23860704","48271000","62034536"
"corticosterone"," 94208.00"," 28151.00","104330.62"," 27626.00","275145.00"," 33913.00","133855.00","110467.71","130342.11","221000.00"," 65302.00"," 91132.22"
"creatine","1709148672","1016420352","7995486720","4325921280"," 987192768"," 608776128"," 760670912"," 668958400","1130161664","1037721472","3253111552","1038338560"
"creatine phosphate"," 310407.7"," 218823.4","1317833.0"," 403671.0","  84285.0"," 112664.0"," 180953.0"," 149231.0"," 310309.4"," 143556.0"," 361562.0"," 229126.1"
"creatinine"," 59283472"," 24706186","164042976","101322240"," 13600882","  6943218","  7808065","  8713815"," 29958700"," 12893362"," 64435916"," 20314702"
"cysteine"," 8524561","10533861"," 1113732","13110162","  137740","  280904","  247040","  437061","10533868","  132736","12403068"," 9001147"
"cysteine sulfinic acid","3144779","4549563"," 205020","1973278","  36313","  41687","  97746","  42493","2739773"," 309957","2364620","1292689"
"cystine","145035344"," 94284000"," 47276039","101555592","   908702"," 17799710"," 20532692"," 28177375"," 86517656"," 25578927"," 70571312"," 82858616"
"cytidine","177913152","112979824","104922440","140991056"," 10271938","  6874401","  7573162","  7803584","120128992"," 12772577"," 97513864"," 88361504"
"cytidine 3'-monophosphate (3'-CMP)","688368.0","337975.3","708504.0","623801.0","398902.0"," 79077.0","317398.0","206792.0","415778.5","150373.0","238412.0","302441.0"
"cytidine 5'-diphosphocholine","4189757","2829757","5401732","4064490"," 527244"," 258867"," 255480","1084057","3635537"," 489514","3275393","2775676"
"cytidine 5'-monophosphate (5'-CMP)","16925184","13152001"," 2902820"," 9594526"," 4372308"," 4607594"," 5301293"," 3579713","15566870"," 5066255"," 7950898","10945890"
"cytidine 5'-monophospho-N-acetylneuraminic acid","568666","458265","479222","361059"," 80034"," 68217"," 95750","147923","728490"," 89651","307603","431254"
"cytidine-5'-diphosphoethanolamine","1195458","1313964","2451420","1901610","1359451"," 575180"," 783998","1030533","1419179","1506200","1378225","1474685"
"cytosine","415261","280709","256580","222251","138617","118424"," 90617","201699","361499","167353"," 81811","194024"
"decanoylcarnitine","256248","300093","158252","225938","316457","146438","195817","491034","237807","120408","283978","128083"
"dehydroascorbate","25310528","14386320","11104640","22664416","  144508","  310032","  349005","  369157","22965438","  960790","17806760","16369731"
"deoxycarnitine","156485824","108172720"," 68608032","124689408"," 19474352"," 22130304"," 23379648"," 28635662","133002232"," 23584700","102062680"," 94468536"
"dihomo-linoleate (20:2n6)"," 50337652"," 29632496"," 27782852"," 49460192"," 13710130"," 11099029"," 24021156"," 34193416","108384160"," 39357572"," 51748500"," 41261952"
"dihomo-linolenate (20:3n3 or n6)","38676392","35286720","28395036","50064040","13578829"," 8030230","11002019","18831570","61146608","20778102","29520736","27451630"
"dihydoxyphenylalanine (L-DOPA)","445566.0","112381.0"," 71460.0","157392.0","147879.8","125848.0","113644.9","148867.0","276593.0","120671.3","221163.0","219919.0"
"dihydroxyacetone phosphate (DHAP)","3368101.0","1219009.0","1942121.9","3355267.0"," 161620.0","  69353.0"," 588317.2"," 632571.9","1861644.0"," 838270.9","2334140.0","1606712.0"
"dimethyl sulfone","54537724","58482556","39078028","60440928","21948766","12023856","12318004"," 8586869","58339200","27064318","47720028","38218308"
"dimethylarginine (SDMA + ADMA)","30910408","15142538"," 5378946","17157552","  398323","  522898","  406676","  988487","17874324","  742984","11426225","11643452"
"dimethylglycine","7074838","3976537","1946007","3505211","2941989","1359032","1470725","1026532","3436693","1877867","3094024","2513401"
"docosadienoate (22:2n6)","1682252"," 716650"," 804339","1611142"," 419945"," 338060"," 609529"," 892547","1847534"," 717617","1013659"," 710577"
"docosahexaenoate (DHA; 22:6n3)"," 96238264"," 68913208"," 33977684"," 75883216"," 22717644"," 16477332"," 14976230"," 22647944","143841264"," 21352836"," 56336228"," 50042384"
"docosapentaenoate (n3 DPA; 22:5n3)","20280948","14128129","11571175","22962732"," 4622271"," 3494668"," 3662720"," 5481937","20314566"," 5069171"," 8223850"," 6519526"
"docosapentaenoate (n6 DPA; 22:5n6)","18882078","10634597","23188132","24436590"," 4990240"," 4007236"," 4440221"," 8659839","51282120"," 9253161","26756770","15624641"
"dopamine sulfate (2)","519779.0","459851.0"," 43313.0","274108.0","139701.6","114074.2"," 93783.6","128315.7","436204.0","104390.9","104658.0","291939.0"
"eicosapentaenoate (EPA; 20:5n3)","18262760","22116990","11092110","26787740"," 6043430"," 4563174"," 4109482"," 4367246","12841727"," 5650581"," 7239985"," 6879429"
"eicosenoate (20:1)","112429992"," 42615696"," 61985308","107986608"," 23452522"," 16831252"," 32603566"," 46445160","112125280"," 48820040"," 53406832"," 44010080"
"ergothioneine","11767161","11236269"," 6047476","20367802"," 3042507"," 1338480"," 1484761"," 1668140"," 2775538","  971043"," 2905858"," 2371741"
"erucate (22:1n9)","5789420","2015469","3135123","5137300","1770041","1178388","1610101","2480354","4590463","2013229","2232829","1918234"
"erythronate*","15294695","10500842"," 8781529","10019280"," 1121594"," 1054559"," 1065389"," 1484769","14473675"," 1238011"," 8654332"," 9661985"
"ethylmalonate","1025273.0"," 552122.0"," 396670.0"," 644809.0"," 229894.3"," 107093.8"," 113597.3"," 184583.0"," 569078.0"," 157378.8"," 462033.0"," 428910.0"
"flavin adenine dinucleotide (FAD)","401471","340327","134622","345695"," 43951"," 39809"," 41441"," 83174","449649"," 89904","309574","300328"
"fructose","1650996.0"," 984405.0"," 200771.0"," 436825.0"," 264976.0"," 149832.3"," 219872.1"," 240069.9","2244340.0"," 155898.0"," 407678.0","1204341.0"
"fumarate","16341797"," 8023125"," 2264180"," 8148393"," 1037689"," 1111060"," 1203759"," 1168240","10980310"," 1237732"," 6483840"," 8475330"
"galactitol (dulcitol)","  223569.0","  169728.0","  524556.0","  258716.0","   95227.8","31201078.8","  109971.7","  128795.0","  154266.0","   87969.0","  203075.0","  164637.0"
"galactonate","3555574.0","1334724.0"," 812961.0","1391234.0"," 939243.9","  38737.0"," 454707.9"," 446845.6","1331862.0"," 165538.0","1335576.0"," 857467.0"
"gamma-aminobutyrate (GABA)","53295288","33229422","27884516","44556568"," 5282363"," 3868017"," 2597138"," 3629230","28818646"," 5802208","28646888","24300740"
"gamma-carboxyglutamate","3412024.0","2254294.0","1161293.0","2442019.0"," 112841.0"," 191553.1","  97456.0"," 106406.0","2379382.0"," 251177.0","1641792.0","1760214.0"
"gamma-glutamyl-epsilon-lysine","2178418","1038349","1283638","2249851"," 350110"," 163315"," 441903"," 734473","1780268"," 710308"," 972802","1188204"
"gamma-glutamylalanine","816260","610416","134834","357227","410662"," 58385","147411","180570","723003","234285","299067","542533"
"gamma-glutamylglutamate"," 571494.0"," 684710.0","2097664.0"," 870416.0"," 519522.0"," 101648.0"," 156084.0"," 292392.0"," 423361.0"," 203766.0"," 591128.3"," 437931.0"
"gamma-glutamylglutamine","2652419","2020742"," 394165","1590156"," 853134","  32844","  78953"," 204756","1701903"," 167836"," 925299","1318550"
"gamma-glutamylisoleucine*","704393.0","348940.0","150419.0","451345.0","196882.6","106720.7","104080.7","149133.0","447160.0"," 65071.0","376849.0","535684.0"
"gamma-glutamylleucine"," 431216.0"," 277223.0"," 452312.0","1336050.0"," 309961.0"," 226784.4"," 271764.0"," 560561.0"," 251311.0"," 325444.0","1242180.0"," 532137.0"
"gamma-glutamylvaline","2517207","1645463"," 621627","2351496"," 552356"," 213782"," 385251"," 471409","2421423"," 524575","2309912","2632987"
"gamma-tocopherol/beta-tocopherol","1421329.5"," 779281.4"," 704097.8","  99228.0"," 571553.0"," 715727.0"," 762640.0"," 775815.0","1394080.1","1057122.0","1326544.0","1063137.0"
"glucose","62279208","43978536","16619413","29002494","22849820"," 7276107"," 9511951","12896203","22313504","16326356","22965568","25281234"
"glucuronate","1074314"," 504254"," 161074"," 352762"," 138527","  52947","  66746","  78768"," 636153","  80956"," 224131"," 353370"
"glutamate","2256139008","1843137664"," 994574848","1892093696"," 173070112"," 214425312"," 226062928"," 238414016","1836644608"," 187065328","1397995264","1409424640"
"glutamate, gamma-methyl ester","18066326","17572900"," 4631474","10000804","  751584","  528146","  624369","  638643","21418400","  476411"," 5919580"," 8725535"
"glutamine","1659931392","1450268800"," 512882112","1126131712"," 173928640"," 107942952"," 114592568"," 155420640","1325758336"," 185339056"," 730274048"," 984356416"
"glutarate (pentanedioate)","7070301","4814344"," 900807","3077363"," 212967"," 126299"," 217012"," 219844","8199718"," 377864","2981383","4792583"
"glutarylcarnitine (C5)","1539418.0","1333204.0"," 263860.0","1426183.0"," 225358.0"," 164593.2"," 228278.3"," 287395.6","2057969.0"," 120161.0","1564403.0"," 918190.0"
"glycerate","76018968","46669376","19716356","44164056"," 5160682"," 3911849"," 4818145"," 5539934","58248540"," 5925080","34244396","41673856"
"glycerol","44331816","36573920","44783512","61473824","27208000","24008198","18471008","30129056","32088158","31075056","32475926","40360008"
"glycerol 3-phosphate","330510080","160032560"," 23027444","145434672"," 28098924"," 22446888"," 17962948"," 11771467","168844832"," 28313522","105731872","174246224"
"glycerophosphoethanolamine","7855154","7690577","3658167","5894808","2948826","2364162","2462883","2257178","8180055","1961409","5162413","6225899"
"glycerophosphoglycerol","1071780"," 894425","1929422","1513778"," 140689"," 168703"," 162226"," 209787","1302377"," 199951","1362833"," 863391"
"glycerophosphoinositol*","248715936","219320800","  4950564","179465648","   412532","   324363","   558827","   500939","241952080","   944789","159319680","138033632"
"glycerophosphorylcholine (GPC)","3356003328","3571740160"," 923151104","2918763008"," 578099456"," 429398144"," 477533376"," 428592512","3833126144"," 393726528","2605331712","2575194624"
"glycine","451902240","298992928","107144848","290752320"," 25379536"," 14925294"," 15776167"," 22529364","321696288"," 19959396","211785120","234498800"
"glycosyl-N-palmitoyl-sphingosine"," 9072138","11710687"," 9372477","11742994","  565576","  275453"," 1157963","  910363"," 8412250","  783338"," 8271786"," 7774981"
"glycylleucine","560934.0","488209.0","712091.0","749850.0","158340.0","171100.3","170641.0","203767.0","379968.0","180673.1","554766.0","419923.0"
"glycylvaline","552723","403553","571968","431081","169376","172354","111803","248423","403231","190379","473915","436253"
"guanidinoacetate"," 46819392"," 40791904","119345200"," 82540656"," 12404683","  6904556","  7001885"," 10423947"," 39585000"," 13847112"," 57996644"," 38294848"
"guanine","1137724","2166839","1358480","1246747"," 227949"," 107898"," 132485"," 233650","2005647"," 342712"," 965352"," 973654"
"guanosine","15998763","21417200","62071216","21802016"," 8260331"," 1825456"," 2463062"," 3580413","21569674"," 6189144","21397328","17244128"
"guanosine 5'- monophosphate (5'-GMP)","  317180","  747279","  713337","  693727"," 7845064","10364792","10770001","11417493","  719974","11726200","  440001","  554124"
"gulonic acid*","7907959","2934671","1716900","2251084","2218328"," 265462"," 380137"," 448115","1678666"," 459135","1485436","1782955"
"heme","  382299.0","  166478.0","  252303.4","   74333.0"," 8737367.0"," 6521947.0"," 7056922.0","11855706.0","  273145.0"," 7388232.0","  226415.9","  935961.0"
"hexadecanedioate","151947","172512","177669","226407","270037","261192","228074","233946","240342","292363","350686","253128"
"hexanoylcarnitine","3816207","1744571","1561088","2377433"," 635768"," 266653"," 480501"," 574003","1707066"," 415030","1468343","1154471"
"hexanoylglycine","543859.00","100917.00","407324.00","325206.00","276731.00"," 39635.00"," 82666.33","197613.00","153798.00","151497.00","109284.00","183696.30"
"hippurate","770831.00","208478.00","735011.00","520067.00"," 74331.00"," 86251.75","174234.50"," 80838.00","105149.00"," 59423.00"," 59958.00"," 45631.00"
"histamine","6724563","6547017","2313822","4891166","2929311"," 255308"," 621556","2810775","3994570","3242670","8528007","6333994"
"histidine","772474048","498943680","128333304","418708576"," 48620112"," 29409226"," 31158692"," 45258632","643399552"," 46232656","328438848","463248032"
"homoarginine"," 845697"," 559554"," 379453"," 681475","1072256","1442586","1589287","1392661","1643794","1052895"," 680447","1102478"
"homocitrulline","2217601.0","1038034.0"," 332068.0","1159279.0"," 209565.9"," 148058.1"," 193548.0","  47049.0"," 646754.0","  55888.0"," 410498.0"," 312399.0"
"homostachydrine*","33097854","18293716","13973070","29109344","  925818","  249248","  232168","  120799","  132142","  194831","  249640","   79216"
"hypotaurine","34913836","25878718","  477836","19512664","  355979","  635647","  402924","  712961","32008574","  753173","18452696","19873284"
"hypoxanthine","736531648","442845248","190937056","403054592"," 43315148"," 15182410"," 17829866"," 23739810","496665056"," 40138300","283766784","328078528"
"imidazole lactate","4449972","2668236","2275555","3196227","1971740","2214216","2519682","3106984","4013292","2466157","3001571","2548632"
"imidazole propionate","382927.00","490001.00","111965.00","132789.00","149074.00","154864.00"," 98692.86","198486.00","478468.00","151186.00"," 97520.00","176024.00"
"indolelactate","155006.00"," 33890.00"," 99699.38"," 80593.00"," 33020.00"," 72939.50"," 75325.00"," 55115.50"," 81043.00"," 42621.00"," 84335.00"," 82891.00"
"inosine","518286336","438936672","399640256","404547392"," 62618640"," 21564086"," 28392670"," 37797012","452794784"," 49967916","308042688","316523808"
"Isobar: fructose 1,6-diphosphate, glucose 1,6-diphosphate, myo-inositol 1,4 or 1,3-diphosphate","2287599","3338541","3846172","5543595"," 311981"," 169124"," 342183"," 599089","1438246"," 693399","3967376","2575025"
"isobutyrylcarnitine","18748136","11287516"," 9784571","17833836"," 4291115"," 4685502","11615336"," 5656645","20777668","14589996","13337865","19223276"
"isocitrate","2465382","1473498","2680904","3251065","2861724","3083011","2991443","4873461","2085797","1992519","4958510","2512752"
"isoleucine","887696320","615585536","241853376","506978304","121559024"," 74081160"," 86433296","192835856","738603712"," 97948088","455514560","621872448"
"isoleucylglycine"," 940970"," 837552","1436964","1187618"," 433870"," 279745"," 272992"," 439953"," 688246"," 475522","1183370"," 481127"
"isovalerylcarnitine","8960243","6000651","3999534","9129367","1058585","1142843","3663533","1371161","7348260","4255212","4132585","6404738"
"isovalerylglycine","212177.0","132382.0","160556.0","131496.0"," 87486.0"," 18900.0"," 80216.0","116353.0","118776.0","103226.0","112697.8"," 96642.0"
"kynurenine","147026656"," 81024408","   555523"," 76587208","  1112442","   768865","   395916","   470444","136564656","   823998"," 72901648"," 96736704"
"lactate","68259872","30637014","17228670","35834920"," 9523349"," 3799805"," 5634596"," 7619265","43233600"," 8872072","33539296","33405360"
"laurylcarnitine","1597279","1186697"," 633025","1169320"," 513341"," 443594"," 544507","1294329"," 739351"," 472002"," 831153"," 454019"
"leucine","720905600","543689920","175918208","426429056"," 84931136"," 51537780"," 57793756","126174824","645755200"," 75800576","361881600","541738816"
"leucylglycine","172877.0","189513.0","349747.0","356019.0","237220.0","146499.3","223032.0","179063.0","229104.0","364008.0","280649.0","144454.0"
"linoleate (18:2n6)","4611120640","3294100992","3057678592","5280943104","1667029120"," 947975552","1014575680","1309739392","2814450944","1812746368","1657307392","1591581440"
"linolenate [alpha or gamma; (18:3n3 or 6)]","669695488","579980224","439157184","907715392","187002096","106614848"," 93656664","119796480","218810624","153414688","140009040","134258176"
"linoleoylcarnitine*","12814801"," 6517033"," 3108126"," 7550422"," 1346189","  756976","  952831"," 2422443"," 6739838"," 1062236"," 5711832"," 7222426"
"lysine","842996928","573218944","224979552","543112832","102072072"," 59865156"," 74265136"," 97620624","898905920","128111360","540483136","708208960"
"malate","149274000"," 96108920"," 28317668","107378352"," 14728786"," 15801451"," 16947176"," 20460286","124737560"," 15385079"," 85321560"," 88107944"
"malonylcarnitine","1484855"," 949364","1264420","1304744"," 573162"," 382040"," 562277"," 545330","1006773"," 830918","1081805","1001456"
"maltose","2733834","1892985"," 831814","1271272","2651751"," 492159"," 661191"," 284455","1548652"," 544215","1136316","1275166"
"maltotriose","576225","683412","379754","386848","699584","235530","318038","153383","475108","238883","374714","259237"
"mannitol/sorbitol","598742.00","382049.00","208389.00","330257.00","129750.00"," 91205.80"," 88263.83","130992.14","518195.00","108385.62","528889.00","361669.00"
"mannose","1869386.0","1641509.0"," 265329.0","1101895.0"," 205966.0"," 101309.8"," 166740.2"," 131633.0","1922161.0"," 181185.0"," 674279.0","1355165.0"
"margarate (17:0)"," 68209536"," 35858696"," 29766696"," 57249296"," 25659884"," 15197200"," 26545906"," 35349348","103865248"," 42008152"," 42507200"," 40828112"
"mead acid (20:3n9)","11107464"," 6321915"," 6826277","14443861"," 3502223"," 2565279"," 3758872"," 3293780","14543644"," 7112402","12154478"," 6571508"
"methionine","420754848","273603552","105139520","228864432"," 56488540"," 45338752"," 50885576"," 65307384","422727104"," 73988152","217989616","318484544"
"methionine sulfoxide","42864384","25296352"," 3469516","16842704","  615965","  306402","  443436"," 1287117","50060800","  934878","17230222","24377508"
"methylmalonate (MMA)","6128119","3152256","1415279","5435294"," 970129"," 817272"," 486601"," 675145","5259083","1107779","5252345","2119379"
"methylphosphate","5235087","3442574","1715551","3238250"," 518966"," 303307"," 327672"," 520342","4941971"," 589732","2187886","2373990"
"methylsuccinate","606118.0","259621.0","299300.0","248640.0","186572.0"," 92408.0","112284.5","164708.7","229554.0","165897.0","153542.0","228326.0"
"myo-inositol","75872592","82639696","18081184","42286580"," 8507539"," 6327753"," 3803213"," 5763983","60974132"," 4592468","39785856","50272168"
"myristate (14:0)","200771376","159248128","133941024","205770192","225668160","127423280","119925088","140953792","243549136","170781520","166902272","169407872"
"myristoleate (14:1n5)","14533556","14007253"," 6995607","14076415","15030908"," 7533367"," 6697159"," 8694132","15540384","10355442","14101449","13673996"
"myristoylcarnitine","12623693"," 9262721"," 7899999"," 9554573"," 4947133"," 2981834"," 3261881"," 8434221"," 6841956"," 3571503"," 8055455"," 7022701"
"N-acetylalanine","3987680","2305718","1113724","2119730"," 306317"," 190607"," 201097"," 311654","2430005"," 316983","1786083","1823232"
"N-acetylarginine"," 767587"," 569888","1188703"," 882898","1106858","2229988","2243155","1587326"," 657984","1449524"," 539100"," 487464"
"N-acetylasparagine"," 926463"," 616089","1097943","1053117"," 121258"," 154246","  59479","  70862","1002812","  91389"," 888631"," 799519"
"N-acetylaspartate (NAA)","6035939","3198282","4915310","4781235"," 711956"," 353970"," 490595"," 678355","3313266"," 723363","4364279","2970356"
"N-acetylglutamate","4987363","3372075","6171764","4971911","1934367","1348283","1607539","3052880","1593248","4668178","3821579","3657485"
"N-acetylglutamine","3707864.0","1590586.0","2413181.0","2263739.0"," 747079.0"," 282996.7"," 133353.0"," 143692.0","1475280.0"," 175055.0","1581415.0","1224560.0"
"N-acetylglycine","836380.0","296439.0","303309.0","584565.0","465787.0","170083.0","166309.2","366089.0","409574.0","129469.0","334049.0","290626.0"
"N-acetylhistidine","1242046.0"," 542146.0"," 698430.0"," 685882.0"," 234331.0"," 122142.3"," 141957.0","  49979.0"," 679605.0"," 132933.0"," 610860.0"," 564599.0"
"N-acetylleucine","1694217","1412523","1456269","1317861"," 683091"," 239510"," 451320"," 272591","1641922"," 288979","1025225","1031913"
"N-acetylmethionine","1707622","1232468"," 475066","1490706"," 101679","  67666","  90108","  98764","1514909"," 121264","1136696"," 969796"
"N-acetylneuraminate","40835176","30605634"," 3344680","24026868"," 1513632"," 1438108"," 1541984"," 1895343","38321676"," 2024792","19198652","29683508"
"N-acetylphenylalanine"," 97698.00"," 61668.00","101002.00"," 88452.00"," 89915.25"," 75685.50","123826.25"," 73629.00"," 89611.00","105499.57"," 50710.00"," 49492.00"
"N-acetylputrescine","2185704.0","2017901.0"," 382787.0","1210859.0"," 562739.9"," 158745.8"," 203312.4"," 183141.5","2065964.0"," 228822.8"," 819117.0","1264947.0"
"N-acetylserine","4779376","2511807","2437037","3723659"," 407787"," 389006"," 433287"," 503225","3483779"," 600692","2953550","2888940"
"N-acetyltaurine","607643","442321","444763","429610","171423","131476","200889","164781","388945","254552","316372","268296"
"N-acetylthreonine","2074993","1425054","1251641","1444158"," 315816"," 222027"," 305376"," 430697","1520401"," 336871","1190093","1032065"
"N-alpha-acetylornithine","674296.00","422490.00","395772.78","364705.00","120234.00"," 94782.17","113891.00","146667.29","424388.00"," 47879.00","218097.00","446944.00"
"N-delta-acetylornithine","31931540.0","22447520.0"," 6678434.0","18712228.0","  498090.0","  591446.2","  174725.0","  138803.0"," 1088815.0","  221565.0","  387138.0","  459046.0"
"N-formylmethionine","112650.00"," 54908.00","101039.00"," 77453.00"," 21341.00"," 89609.67","107176.50"," 26411.00"," 60912.00"," 85992.14"," 50062.00"," 53674.00"
"N-glycolylneuraminate","5634508","4360467","3531650","5301904","2550843","2352467","2358750","2721177","4105096","2765272","4027450","4013670"
"N-methyl-4-aminobutyric acid","152918432"," 63979688"," 87827728","103956144","  5335157"," 11084194"," 17904270"," 18415584","  5293390"," 17192752"," 41257814","  8375488"
"N-monomethylarginine","6405946.0","3348320.0"," 274575.0","3057260.0","1141183.7"," 695870.6"," 801657.9"," 787405.5","3605746.0"," 907510.5","2767259.0","1947705.0"
"N-palmitoyl-sphinganine (d18:0/16:0)","6007907","7366207","4112033","5379619","2966326","1817119","2292536","2531699","4263021","3970594","5196555","4230257"
"N-palmitoyl-sphingosine (d18:1/16:0)","174214272","128248776","119023096","179813552"," 41651360"," 40438872"," 42685584"," 42556148","121755696"," 51500468","140083120"," 96929448"
"N1-Methyl-2-pyridone-5-carboxamide","1505337"," 924848"," 835731"," 779123"," 181669"," 249056"," 208194"," 333371"," 860353"," 321444"," 739123"," 465909"
"N1-methyladenosine","2757581.0"," 503442.0","1342479.0","1399348.0"," 366511.2"," 205714.5"," 230889.8"," 331149.3"," 853446.0"," 192232.3"," 606549.0"," 213115.0"
"N2-acetyllysine/N6-acetyllysine","7320558.0","5140839.0","2848998.0","5570991.0"," 975024.8"," 670738.5"," 146790.0","1172465.7","4994661.0"," 180416.0","2697743.0","3197671.0"
"N6,N6,N6-trimethyllysine","25553068","16052258"," 5005692","14390803"," 2185529"," 1100469"," 1530041"," 1975405","22983060"," 2029664","10401678","14697235"
"N6-carboxymethyllysine","26568876","20584592"," 3978289","17681896"," 2493599"," 2153531"," 1845477"," 2413245"," 2987987"," 2014246","  958209"," 1152608"
"N6-succinyladenosine","4007642.0","4712834.0"," 472676.0","2546273.0"," 310242.1","  67516.0"," 264597.6"," 180399.0","4468859.0","  55612.0","3554284.0","2171800.0"
"nicotinamide","469768640","477491104","383268352","440501344","236608304","186364304","196993088","216077472","419038912","271421056","333802848","350079072"
"nicotinamide adenine dinucleotide (NAD+)","980312.0","480337.0","541255.0","613003.0"," 89585.0","132995.6","130019.8","171098.0","541000.0"," 92122.0","533504.0","354007.0"
"nicotinamide riboside","301643.00","492066.00","189548.00","498986.00","177451.86"," 90627.17","111318.86","102276.00","636194.00","116291.43","341115.00","256269.00"
"nonadecanoate (19:0)","10506544"," 4105888"," 5073038"," 8799545"," 2315588"," 1548974"," 2465355"," 3046467"," 6902812"," 3095541"," 3006572"," 2932992"
"O-sulfo-L-tyrosine","214176.0","150284.0"," 32517.0","132740.0","187706.2","207935.2","108454.8","134160.7","218043.0","130785.4"," 91396.0","154247.0"
"octanoylcarnitine","573995","580288","462557","841706","323656","142309","331867","549547","425362","238242","690757","362384"
"oleamide"," 1911273"," 3743321"," 8460211"," 9967976"," 1099358","  792875","  992877"," 1346893"," 1409320"," 4768282","12389586"," 5463771"
"oleate/vaccenate (18:1)","4672587264","3000571648","2793688320","4580566016","1715720832","1036118848","1787543296","2532504320","6065020928","3306802688","3647080448","3422150656"
"oleoyl ethanolamide","2558052","1357244","2298490","2774286"," 619106","1051286","1922871","2089865","5301573","2137083","3267818","2772292"
"oleoylcarnitine","65536632","28115142","11574684","33300084"," 9427961"," 4567839"," 6508255","15003768","46915140"," 8415565","39616780","38518228"
"ornithine","168041680"," 78821560"," 18946652"," 50298088"," 41557800","  7407337"," 11671232","  7925692"," 69010704"," 15531116"," 42143964"," 59905620"
"orotate","379495168","267218048","  4352311","240217088","   192811"," 27361320","    66446","   166913","383189184","   514831","205916576","238777584"
"orotidine","6712574","5274748","2294183","4701528"," 162242","  89757"," 143427"," 122721","7188028"," 174052","4370851","4864657"
"oxalate (ethanedioate)","8592161","6738065","3723657","4964529"," 824940","1117552","1084302","2565930","6794598","2319750","4192806","5306984"
"p-cresol sulfate","1871346"," 974839"," 515655"," 701714"," 487837"," 275021"," 464577"," 528588"," 523030"," 453403"," 844348"," 878898"
"p-cresol-glucuronide*","311060.00","123528.00"," 97972.00","123511.00"," 72887.00"," 79153.75"," 67256.00"," 32626.00"," 95670.00"," 84448.00","142062.00","145735.00"
"palmitate (16:0)","3503269888","2460500224","2522139904","3812334336","1868492416","1079858304","1644871296","2074780544","4082251520","2368490752","2392619264","2104595840"
"palmitoleate (16:1n7)","1308094848","1171359616"," 821111872","1548182016"," 938254208"," 491835904"," 442918112"," 614472320","1269067136"," 822756608"," 771066688"," 757716928"
"palmitoyl dihydrosphingomyelin (d18:0/16:0)*","25315566","22165316","17295436","24248928"," 8380306"," 6077878"," 6930964"," 8117142","18152820"," 9817067","21704308","20654068"
"palmitoyl ethanolamide","2650793","1550419","2696882","3049152"," 990823","1143268","1822288","2217976","3640121","1909724","2295420","2041594"
"palmitoyl sphingomyelin (d18:1/16:0)","584139072","563865856","398960352","567036864","130660552","104968496","119264560","139561152","542324288","158250528","465019584","478979168"
"palmitoylcarnitine","89940928","46569100","38392332","48048276","16428343"," 8499840","10363337","24223722","46747664","11821743","50480356","41981740"
"pantothenate","153369584","125349512","163443120","136757616"," 63820424"," 70926192"," 75185328"," 95866848"," 47407292"," 74665712"," 65746896"," 75356576"
"phenol sulfate","3376122.0","1731407.0","1350695.0","2489897.0"," 341675.0","  34591.0"," 396005.4"," 175308.0"," 711221.0"," 613166.0"," 490583.0"," 202967.0"
"phenylacetylglycine","1032851"," 425223"," 453703"," 661079"," 214833","  94819"," 151461"," 223283"," 222163"," 272999"," 394494"," 259448"
"phenylalanine","1168702080"," 860920128"," 290835552"," 746244928"," 132929080","  78537048","  92253960"," 130812952","1087382144"," 144202608"," 666955328"," 762650048"
"phenylalanylglycine"," 171365.0"," 389545.0","1012021.0"," 350172.0"," 489010.0"," 148576.0"," 295962.0"," 525908.0"," 425840.9"," 377632.0"," 387933.0"," 103209.0"
"phenyllactate (PLA)","169658.00"," 88044.00","135916.88","109640.00"," 38568.00"," 53957.00"," 79199.33"," 83434.00","190118.00"," 18315.00","119497.00"," 83111.00"
"phosphate","538669696","393444160","301167648","418268608"," 93210496"," 68425176"," 81863848"," 88469944","410127744","112063184","336532352","339992256"
"phosphoenolpyruvate (PEP)","1608163"," 849623"," 665936","1152941","  78374","  28635","  43642","  52107"," 525372","  90260","1234258"," 613491"
"phosphoethanolamine","22386380","19264634","26525180","29060328"," 5385231"," 4348329"," 4118968"," 6634400","18943588"," 5600950","25264424","16207845"
"phosphopantetheine"," 39074"," 41728"," 15625"," 53865"," 21891","126979","113343"," 94868"," 64778"," 60935"," 64959"," 66861"
"pipecolate","382986176","242902848"," 30229008","208381584","  6148970","  5150426","  5259681","  6313412","411308480","  5698062","164215376","267441584"
"pro-hydroxy-pro","1692601.0"," 574615.0"," 303545.0"," 986416.0"," 152605.0"," 100881.0"," 118903.0"," 206994.9"," 720966.0","  76691.0"," 460210.0"," 707066.0"
"proline","459700832","275037216","223940976","303000128"," 61444232"," 46577968"," 75729280"," 86051744","388374880"," 96933600","290408768","359722784"
"prolylglycine","2186743","1190534","1359794","1811935"," 186474"," 166371"," 153339"," 258977","1798092"," 108616","1455147"," 936160"
"propionylcarnitine","50282448","20322906","20370672","28624060","10685876","12080329","14922740","13720344","29976038","14769003","26682726","25982214"
"pseudouridine","1081741"," 539070"," 704169"," 819928"," 201766"," 164013"," 141343"," 234463"," 445597"," 166799"," 477679"," 325253"
"putrescine","15048597","12888579"," 1143918","11547700","  865649","  765018","  921665","  776453","16047648"," 1164669"," 9175964","10368080"
"pyridoxal","9299185","8580406","2911114","9512598"," 255111"," 275257"," 398389"," 403730","9510767"," 667733","5869557","7485633"
"pyridoxamine","1796961.0"," 861044.0"," 270519.0"," 954490.0"," 290646.4"," 172484.0"," 233077.0"," 189541.0","1074215.0"," 452110.0"," 806194.0"," 826094.0"
"pyridoxamine phosphate","2552389","2508634"," 403113","2376021"," 154393"," 161105"," 129853"," 101500","2939562"," 238473","2192838","2251985"
"pyridoxate","386628.0"," 42728.0","365594.0","175610.0","156542.0"," 49183.0"," 99394.6"," 60240.0","275965.4","109018.0","119473.0"," 86690.0"
"pyroglutamine*","3619541","3905482","1038846","1808502","2003906","1513866","2237437","1922679","2621304","1743535"," 778151","1629819"
"retinol (Vitamin A)","1209417"," 781859"," 517787","3055765","3695388","5916327","4005701","5132517"," 996415","3815825","2265340","1327933"
"ribitol","372506.0","194603.0","424173.0","286953.0","179737.8","118424.0"," 89595.0"," 94828.2","340773.0","126235.7","241718.0","194339.0"
"riboflavin (Vitamin B2)","3869306.0","1050827.0"," 216245.0"," 905054.0"," 850841.5"," 316948.4"," 436498.3"," 385892.7","1300643.0"," 409469.4"," 810198.0"," 854824.0"
"ribonate","2919391.0","1726645.0","1148486.0","1670859.0"," 729413.4"," 197443.7"," 316959.9"," 370538.1","1941582.0"," 337448.9","1534307.0","1520779.0"
"ribose","7009545.0","4042348.0"," 434576.0","2568882.0","1208912.8"," 691574.5"," 839316.7"," 778955.1","5116197.0"," 825256.6","1667393.0","3340176.0"
"ribulose 5-phosphate"," 4756235"," 7945622","15334365"," 8471834"," 3519542"," 1730959"," 2482202"," 2084472"," 8287801"," 2606611"," 8285447"," 6668401"
"S-adenosylhomocysteine (SAH)","1679698","1246403"," 316281","1253514"," 179344"," 112920"," 140879"," 136574","1501763"," 300904","1059813","1279854"
"S-adenosylmethionine (SAM)","4252927.0","3424417.0","1138697.0","2907052.0"," 584648.5"," 456805.0"," 183411.0"," 735192.0","4740700.0"," 625024.8","2388642.0","2819493.0"
"saccharopine"," 8744911"," 5146125","  854775"," 5117129"," 1422561"," 1163987"," 1382462"," 1324555","10473831"," 1250787"," 5883321"," 6691019"
"salicylate","319440","262355"," 84755","133385","272949","213101","280104","197375","422471","149027"," 66751","206255"
"sarcosine (N-Methylglycine)","6363837.0","2275798.0","4443781.6","7326877.0"," 534471.0"," 708733.2"," 406877.0","1294625.1","2837399.0","1356528.9","5639604.0"," 663858.0"
"sebacate (decanedioate)","166816.0","157220.0","101274.0","246218.0","193773.0","167729.0","236108.0","116250.0","192385.0","133568.0","155097.1","207208.0"
"sedoheptulose-7-phosphate","2413361","2265136","2529537","2437561","1225609"," 725506"," 725790"," 724904","1368369"," 911826","1913971","2029754"
"serine","236155792","151568096"," 55422404","129274368"," 28423600"," 25372872"," 26484938"," 36026564","192453728"," 33406208","120868424","153249440"
"spermidine","21590512","13746315"," 5603919","16951960"," 6140993"," 4799672"," 6178507"," 6655303","18482238"," 8793845","12417663","10945884"
"sphinganine","3540976","2047250","2905309","3142259","1550546","1212142","1565447","1307911","1933467","1634627","2912658","1882534"
"sphingomyelin (d18:1/14:0, d16:1/16:0)*","18199570","14627831"," 1583194","11392075"," 1121055","  936249"," 1065861"," 1176867","16077103"," 1256998"," 9947495","11206559"
"sphingomyelin (d18:1/15:0, d16:1/17:0)*","8879725","6564985","2574242","6008675","1732313","1372252","1741998","2011322","7343371","2350423","5691802","6241671"
"sphingomyelin (d18:1/17:0, d17:1/18:0, d19:1/16:0)","11146299"," 9462361"," 2448162"," 8475424"," 2218975"," 1841720"," 1833390"," 2249562","10878226"," 2838475"," 7320640"," 9124136"
"sphingomyelin (d18:1/18:1, d18:2/18:0)","15772642","14482436"," 5306567","13664369","10177697"," 9627386"," 9520482","11599364","18891994","10735663","17473470","19693044"
"sphingomyelin (d18:1/20:0, d16:1/22:0)*","47599444","39758124","27304536","43552316","19930096","15761323","13178668","19023884","39369132","22897164","33615492","37920416"
"sphingomyelin (d18:1/20:1, d18:2/20:0)*","11419801"," 9702918"," 5809109","10655577"," 6644687"," 5927228"," 6483828"," 6789437","10330120"," 6538603"," 9470794"," 9073741"
"sphingomyelin (d18:1/21:0, d17:1/22:0, d16:1/23:0)*","6355128","5236791","4392943","5742998","2382782","1868231","2111282","2543362","4460180","3093287","3804347","4437481"
"sphingomyelin (d18:1/22:1, d18:2/22:0, d16:1/24:1)*","31961412","26740964","13876253","26425800","14125428","11093819","12110894","14869651","26511580","13574490","21630332","24857350"
"sphingomyelin (d18:1/24:1, d18:2/24:0)*","144556320","115484768"," 73336504","110203552"," 37790960"," 28834640"," 37001216"," 37273016"," 93706656"," 47225080"," 82710240"," 94882600"
"sphingomyelin (d18:2/16:0, d18:1/16:1)*","66319384","54183260"," 6862923","39735396"," 7088292"," 6203168"," 7923898"," 8844876","52029548"," 7362010","33233894","40576616"
"sphingomyelin (d18:2/23:0, d18:1/23:1, d17:1/24:1)*","10886283"," 9305936"," 9460409","10552059"," 8553154"," 6827408"," 8175590"," 8779663"," 9808069"," 9010090"," 8500657","10774012"
"sphingomyelin (d18:2/24:1, d18:1/24:2)*","49256976","39022220","15370959","34432152","11443729"," 8554210","11184874","11665923","27690762","11920679","24994902","29207072"
"sphingosine","21349232","14969003","13736133","19742778"," 2689249"," 1773487"," 2097396"," 2689264","12924439"," 2389428","12907493","10493831"
"stachydrine","70311616","49350272","30516154","47791204"," 2581712","  170021","  404645","  472613"," 7330348","  614918"," 4463322","  651023"
"stearate (18:0)","1182561664"," 704179264"," 667923776","1011555904"," 568126016"," 416735936"," 714045056"," 772439360","1885856512"," 842556608"," 873809408"," 865209280"
"stearidonate (18:4n3)","3470894","5254702","2750034","6555964","1349369"," 934946"," 498978","1065338","1340330"," 823032","1163481","1325161"
"stearoyl ethanolamide"," 7751278"," 6306826"," 8056846","10526989"," 8511461"," 8907176"," 9224902"," 8059457"," 8013078"," 8537492"," 9095921"," 7651348"
"stearoyl sphingomyelin (d18:1/18:0)","132847904","103480640"," 46075272","100289776"," 55183056"," 46771696"," 45916640"," 55654256","119932736"," 69471608","107096424","123441232"
"stearoylcarnitine","87641240","34696472","10742859","39721016"," 5044230"," 2823151"," 3483682"," 5407748","53320768"," 4691181","37479520","43480096"
"succinate","22254294","36146156","26111652","20875356","13588695"," 9482416","12826899","21697164","31850148","14454232","20314456","28185176"
"succinylcarnitine","3365967","3065060","2169264","3002233","1407355","1332442","1325113","1929044","2084435","2248067","2221938","2683852"
"sucrose","148925","116157","115004","251179","658103","669353"," 95807"," 89361","313067","179296","176277","129573"
"sulfate*","6109273","4977584","3502677","5753730","1317228","1545807","1717277","2378642","5187346","1981699","3729241","3480291"
"tartronate (hydroxymalonate)","1228568"," 643536"," 377596"," 642768"," 132832"," 102316"," 147433"," 191098"," 531390"," 227726"," 449649"," 666891"
"taurine","760330176","577038784","561138624","641687872","465311776","411441664","471316928","444591168","563621696","641119744","537214720","613949632"
"tauro-beta-muricholate","24602816"," 1026142","  516278"," 3291424","19744346","   43669","   74565","  144093","  109232","  289618","  353922","  301893"
"taurocholate","38361696","  947226","  805562"," 4142752","20950746","  120976","   75561","  227148","  147206","  265028","  450146","  288124"
"taurocyamine","117219"," 59983","145526","103346","221954","122950","167891","180734","111270","246289"," 64135","156544"
"taurodeoxycholate","2056762.0"," 115844.0","  57699.0"," 233917.0","2484133.0"," 181275.0"," 250384.5"," 144556.6"," 718582.4"," 158627.8","  26714.0","  37193.0"
"tetradecanedioate","157085","207704","106460","187428","177369","179665","105035","148143","195740","161940","207516","249030"
"thiamin (Vitamin B1)","4651821.0","2112557.0","2228399.0","3248790.0"," 527767.4"," 379665.5"," 475128.7"," 104024.0","2214070.0"," 582817.3","1978365.0","1483768.0"
"thiamin monophosphate","3029100","2629632","3291466","3346732"," 548696"," 277729"," 320302"," 394925","2628723"," 538043","1771755","1686470"
"threonate"," 79123864"," 92789944"," 40058132"," 69614696"," 12444584"," 10914766","  9298407"," 13785726","118581520"," 10645887"," 66764952"," 63173396"
"threonine","300687072","197811776"," 62876588","164205648"," 27475992"," 25447698"," 27093556"," 35765736","401451744"," 45998184","186604624","298820416"
"thymidine","392252","439666","211426","306988"," 66514"," 44173"," 52510"," 84006","377231"," 50529","201965","218329"
"tiglylcarnitine","768232.0","233187.0","412858.7","324781.0","219861.5","132834.3","170689.8","229275.3","317006.0","167080.0","174380.0","486269.0"
"trans-4-hydroxyproline","48400536","29111892","11469013","31789228"," 7707479"," 6199579"," 7537595","12289734","34155612"," 8405109","18909340","41326472"
"trans-urocanate"," 985808","1384709","5288337","5610591","1432726","1750876","3542551","7441816","2982363","5938388","1825218","1482628"
"tricosanoyl sphingomyelin (d18:1/23:0)*","33175284","27550716","28831780","35282384","13959722","12269457","12843809","14722437","20188452","19356980","19559292","22855070"
"trigonelline (N'-methylnicotinate)","23636592","16505826"," 9392023","16313950"," 1202036","  133313","  203929","  130689"," 1347388","  597815","  629392"," 4898478"
"trimethylamine N-oxide","15130347","13498104"," 4579976","12846257","   73969","  943466","  145495"," 1482011"," 1225982","  118989","  843298"," 1986150"
"tryptophan","32446302","17415772","67326864","20569502","46777292","29283568","32316242","41293240","18661564","47792976","17848688"," 4210859"
"tyrosine","201585920","124274320"," 54984192","190358320"," 18873588"," 25210148"," 27157006"," 26964804","203711536"," 33482862","156183872","201542048"
"tyrosylglycine"," 60958.00"," 38705.00"," 29437.00"," 44896.00"," 89915.25"," 75685.50","123826.25"," 23434.00"," 27726.00","105499.57"," 38634.00"," 27186.00"
"UDP-galactose","215106.0","300357.0","250672.0","317542.0","209750.2","180076.7","  4246.0","  5154.0","410792.0"," 13352.0","222636.0","280751.0"
"UDP-glucose","216061.0","569589.0","733343.0","627711.0","238661.5"," 29701.0"," 63997.0"," 62496.0","677648.0"," 83460.0","378364.0","415041.0"
"UDP-glucuronate","275872.1","157487.0","160752.0","145899.0"," 51510.0"," 89014.0","116897.0","147292.0","204756.0","119201.0","162408.0","127606.0"
"UDP-N-acetylgalactosamine","386649","677247","205193","411977"," 50907"," 24558"," 66358"," 77511","915602"," 77169","277120","479380"
"UDP-N-acetylglucosamine","1188744","1638855"," 717206","1431110"," 152886"," 163269"," 247685"," 248432","1974641"," 274835","1103780","1401619"
"uracil","19174424"," 5902980"," 3024496"," 7464485"," 2248378"," 1223356"," 1143256"," 1799351"," 6353768"," 1963145"," 6135681"," 7145122"
"urate"," 3468526"," 1403573","  805828","17002304"," 5664917"," 8802015"," 8503908","10885564","10493574","12816947","15013980","13908894"
"urea","60862464","34783536","38060864","42243164","20360120","19035364","21100280","19126744","49301036","34020780","35766576","42365168"
"uridine","184402960","102475656"," 43020156"," 89230224"," 12360032","  5789389","  6296679","  9062391","102383552"," 13677844"," 74023880"," 80796384"
"uridine 5'-diphosphate (UDP)","2461203","5039830","7179422","4888018"," 995733"," 896776","1230395","1147908","5072979","1336969","3809889","3806934"
"uridine 5'-monophosphate (UMP)"," 351916","1250041"," 614490"," 856435","5152761","7562602","8360307","7826578","1014357","6321965"," 694212"," 913013"
"valine","374948096","267408448"," 73540192","192137824"," 38894088"," 26166622"," 32948892"," 50428820","418526720"," 41168932","192457696","335528320"
"valylglycine"," 260955"," 308195"," 931999","1171978"," 108676"," 234140"," 194456"," 229985"," 317680"," 298808","1009116"," 500781"
"xanthine","216262400","143725888"," 95276552","155054560"," 26625988"," 12796768"," 14011974"," 15103186","159114464"," 30207444","118473768","126812720"
"xanthosine","802070.0","466236.0","415982.0","663623.0","180726.0","133493.7"," 27190.0"," 39505.0","486439.0"," 79120.0","337816.0","317954.0"
