"","ND_Veh_1","ND_Veh_2","ND_Veh_3","ND_Veh_4","HFD_Veh_1","HFD_Veh_2","HFD_Veh_3","HFD_Veh_4","HFD_Tx_1","HFD_Tx_2","HFD_Tx_3","HFD_Tx_4"
"Label","0","0","0","0","1","1","1","1","2","2","2","2"
"1,2-dilinoleoyl-GPC (18:2/18:2)","-0.02250484","-0.01557986"," 0.36202031"," 0.08567070"," 0.07895932"," 0.21713345"," 0.18149145"," 0.22876787","-0.63797969"," 0.23273131","-0.44324043","-0.26746958"
"1,2-dioleoyl-GPC (18:1/18:1)*"," 0.10256758"," 0.09228409","-0.44324346","-0.01839041","-0.41649158","-0.08613821","-0.19366562","-0.28220963"," 0.28953372"," 0.15278393"," 0.24621306"," 0.55675654"
"1,2-dioleoyl-GPE (18:1/18:1)","-0.36402587","-0.33954628","-0.08190073","-0.32020994"," 0.05578280"," 0.22638776"," 0.06521224"," 0.19375792","-0.30692505"," 0.63597413"," 0.07285132"," 0.16264170"
"1,2-dipalmitoyl-GPC (16:0/16:0)","-0.022451696"," 0.284214662"," 0.657700731","-0.110632070"," 0.017639873","-0.152520527","-0.293960797","-0.253317383","-0.342299269"," 0.034917062","-0.004253489"," 0.184962902"
"1,2-distearoyl-GPC (18:0/18:0)"," 0.4549047"," 0.4917186","-0.4176955"," 0.3192093","-0.4188581","-0.4361261","-0.4695117","-0.3738537"," 0.4771915","-0.5011150"," 0.3752511"," 0.4988850"
"1,5-anhydroglucitol (1,5-AG)"," 0.27996257"," 0.42863336"," 0.45704883"," 0.24729458"," 0.09315122","-0.54295117"," 0.01815714","-0.51291734","-0.43348278"," 0.33842293","-0.30259845","-0.07072090"
"1-(1-enyl-oleoyl)-GPE (P-18:1)*"," 0.07220319"," 0.11319896","-0.20156444"," 0.01756904","-0.52696034"," 0.15690117","-0.11283854","-0.23674999"," 0.47303966","-0.06794766"," 0.10341096"," 0.20973801"
"1-(1-enyl-palmitoyl)-2-arachidonoyl-GPC (P-16:0/20:4)*"," 0.4818940"," 0.4185385","-0.4145180"," 0.2241441","-0.3566187","-0.3415547","-0.5181060","-0.3898057"," 0.3480022","-0.3062831"," 0.4142837"," 0.4400237"
"1-(1-enyl-palmitoyl)-2-arachidonoyl-GPE (P-16:0/20:4)*","-0.24623936","-0.14175126","-0.58128501","-0.26927265"," 0.25989950"," 0.41871499"," 0.24142843"," 0.15809869","-0.32957727"," 0.38612763"," 0.02722914"," 0.07662718"
"1-(1-enyl-palmitoyl)-2-linoleoyl-GPC (P-16:0/18:2)*"," 0.2888784"," 0.3811352"," 0.2777775"," 0.2411855","-0.6188648","-0.5993901","-0.1834730","-0.3121817"," 0.2631008","-0.2725174"," 0.1753588"," 0.3589908"
"1-(1-enyl-palmitoyl)-2-linoleoyl-GPE (P-16:0/18:2)*","-0.3582543","-0.1493172"," 0.1125382","-0.1003533"," 0.1724683"," 0.3607398"," 0.4415852"," 0.1751479","-0.5584148"," 0.3053853","-0.2628129","-0.1387122"
"1-(1-enyl-palmitoyl)-2-oleoyl-GPC (P-16:0/18:1)*"," 0.15745168"," 0.26887682"," 0.10547082"," 0.14129558"," 0.02887723"," 0.09564106"," 0.10486692","-0.68130421"," 0.15786638","-0.73112318"," 0.19009462"," 0.16198627"
"1-(1-enyl-palmitoyl)-2-oleoyl-GPE (P-16:0/18:1)*","-0.31768856","-0.05450268"," 0.56371865","-0.02442455","-0.21384712","-0.01239493"," 0.33427308","-0.11530541","-0.43628135"," 0.30848262"," 0.10389919","-0.13592897"
"1-(1-enyl-palmitoyl)-2-palmitoleoyl-GPC (P-16:0/16:1)*"," 0.090911326"," 0.342139612","-0.657860388","-0.012284728"," 0.012039729","-0.055982994"," 0.037555985","-0.112731389"," 0.129685136","-0.005660143"," 0.146637641"," 0.085550213"
"1-(1-enyl-palmitoyl)-2-palmitoyl-GPC (P-16:0/16:0)*"," 0.19106066"," 0.51291074"," 0.32929613"," 0.16967188","-0.41210473","-0.48708926","-0.11202435","-0.44032430"," 0.03500723","-0.17284128"," 0.15359902"," 0.23283826"
"1-(1-enyl-palmitoyl)-GPC (P-16:0)*"," 0.06382701"," 0.10690969","-0.58735307","-0.27524973"," 0.41264693"," 0.11753086"," 0.14183488"," 0.11039564"," 0.11364111","-0.01795961","-0.15355599","-0.03266772"
"1-(1-enyl-palmitoyl)-GPE (P-16:0)*"," 0.13245529"," 0.29976657"," 0.20912779"," 0.12900237","-0.02309829","-0.36608261","-0.04989177","-0.70023343"," 0.08348982","-0.01007731"," 0.09038335"," 0.20515824"
"1-(1-enyl-stearoyl)-2-arachidonoyl-GPE (P-18:0/20:4)*"," 0.16900916"," 0.19042626","-0.67748842"," 0.08861138","-0.11430320","-0.04708237","-0.14884433","-0.16538894"," 0.18770926","-0.08356232"," 0.27840195"," 0.32251158"
"1-(1-enyl-stearoyl)-2-linoleoyl-GPE (P-18:0/18:2)*","-0.25361973","-0.12531609","-0.04717594","-0.05991026"," 0.16259894"," 0.30957091"," 0.33121267"," 0.18307863","-0.66878733"," 0.25632536","-0.17645877"," 0.08848161"
"1-(1-enyl-stearoyl)-2-oleoyl-GPE (P-18:0/18:1)"," 0.31150159"," 0.27373609","-0.56587160"," 0.07427945","-0.24573611","-0.32801195","-0.22963327","-0.31772311"," 0.18853397"," 0.10651944"," 0.29827711"," 0.43412840"
"1-(1-enyl-stearoyl)-GPE (P-18:0)*"," 0.17944013"," 0.15172428","-0.39236439"," 0.07145884","-0.45822725"," 0.18408477","-0.31148955","-0.16848753"," 0.54177275","-0.26444714"," 0.19594503"," 0.27059007"
"1-arachidonoyl-GPC (20:4)*"," 0.001602028","-0.050273276","-0.375361019","-0.114629793","-0.070781492","-0.131519148"," 0.194035405"," 0.624638981"," 0.104093212","-0.104372320","-0.117787301"," 0.040354723"
"1-arachidonoyl-GPE (20:4)*"," 0.38715174"," 0.12695358","-0.59719784"," 0.03824009","-0.38983477","-0.18653206","-0.13377878"," 0.22050401"," 0.10662627"," 0.23337830","-0.20831270"," 0.40280216"
"1-arachidonoyl-GPI (20:4)*"," 0.23418682"," 0.24353410","-0.26448817"," 0.15231332","-0.05703608","-0.09351519","-0.03427634","-0.54361455"," 0.45638545","-0.35166180"," 0.05597269"," 0.20219975"
"1-linolenoyl-GPC (18:3)*","-0.06416036","-0.27210322"," 0.02553150","-0.45460316"," 0.25036891"," 0.16958416"," 0.10067640"," 0.54539684"," 0.05245944"," 0.23318159","-0.41559128","-0.17074081"
"1-linoleoyl-2-arachidonoyl-GPC (18:2/20:4)*","-0.005817526","-0.144978264","-0.372798279","-0.244105156"," 0.071956597"," 0.146664959"," 0.187306637"," 0.559217553","-0.440782447"," 0.120066474","-0.189344090"," 0.312613543"
"1-linoleoyl-GPC (18:2)","-0.12057149","-0.29310023","-0.09103648","-0.35544177"," 0.15227118"," 0.15139692"," 0.32390996"," 0.64455823","-0.05056148"," 0.15547993","-0.32195201","-0.19495276"
"1-linoleoyl-GPE (18:2)*","-0.156389031","-0.118900025"," 0.143225001","-0.153734850"," 0.002493438"," 0.223065867"," 0.313839604"," 0.552375084","-0.373663117"," 0.246408516","-0.447624916","-0.231095570"
"1-linoleoylglycerol (18:2)"," 0.25502916","-0.27011434"," 0.23903241","-0.06423693","-0.04388111"," 0.36715097"," 0.44502537","-0.18241799","-0.01619709"," 0.21699998","-0.55497463","-0.39141581"
"1-methylhistidine"," 0.4451275"," 0.2637301","-0.2651869"," 0.2384758","-0.4922822","-0.2379248","-0.4618637","-0.4240440"," 0.5077178","-0.2703804"," 0.3031115"," 0.3935192"
"1-methylimidazoleacetate","-0.23930125","-0.47201747"," 0.03150654","-0.06523764"," 0.13927729"," 0.34666985"," 0.11299033"," 0.19016640","-0.18329895"," 0.52798253","-0.17375339","-0.21498424"
"1-methylnicotinamide","-0.51026109","-0.33951342","-0.03474767","-0.31917624"," 0.36909752"," 0.48973891"," 0.40461007"," 0.47588431","-0.36118033"," 0.44129575","-0.36917635","-0.24657146"
"1-oleoyl-2-linoleoyl-glycerol (18:1/18:2)","-0.29426564","-0.29320446"," 0.05587357","-0.26647337"," 0.53091751"," 0.35371528"," 0.27324520"," 0.22389637","-0.46908249"," 0.38026270","-0.20987302","-0.28501166"
"1-oleoyl-2-linoleoyl-GPC (18:1/18:2)*","-0.473482433","-0.340566915"," 0.080110257","-0.349485837"," 0.254922948"," 0.454078895"," 0.377097696"," 0.425314162","-0.545921105"," 0.452143418","-0.327401784","-0.006809301"
"1-oleoyl-2-linoleoyl-GPE (18:1/18:2)*","-0.4599639","-0.3105460"," 0.1932790","-0.2100697"," 0.2283239"," 0.4208784"," 0.3549150"," 0.3246241","-0.5720579"," 0.4279421","-0.2753815","-0.1219435"
"1-oleoyl-3-linoleoyl-glycerol (18:1/18:2)","-0.30758997","-0.39194203"," 0.09440935","-0.38286276"," 0.52102657"," 0.40305189"," 0.34002668"," 0.21813407","-0.47897343"," 0.37109322","-0.16071752","-0.22565607"
"1-oleoyl-GPC (18:1)"," 0.07674375","-0.13714462"," 0.12472756","-0.12257566","-0.05157761","-0.25996908"," 0.15551230"," 0.69429001"," 0.03820188","-0.15646948","-0.30570999","-0.05602907"
"1-oleoyl-GPE (18:1)","-0.04490645"," 0.06501617"," 0.42472012","-0.08509755","-0.57527988","-0.16795716","-0.13857100","-0.14940683"," 0.36839323"," 0.24599970","-0.12858479"," 0.18567444"
"1-oleoylglycerol (18:1)","-0.234239661","-0.447679651"," 0.048847772","-0.344893547"," 0.009925289"," 0.359017493"," 0.478244307","-0.080338945"," 0.055882243"," 0.552320349","-0.192657827","-0.204427821"
"1-palmitoleoyl-2-linoleoyl-GPC (16:1/18:2)*","-0.1767442","-0.1987157"," 0.1762225","-0.1814043"," 0.2452914"," 0.4059154"," 0.3091796"," 0.4025003","-0.5940846"," 0.2656690","-0.3927755","-0.2610539"
"1-palmitoleoyl-2-oleoyl-glycerol (16:1/18:1)*","-0.43002062","-0.36488823","-0.10780186","-0.52220735"," 0.47779265"," 0.36316555"," 0.32887297"," 0.26305757","-0.19682684"," 0.36807739","-0.06565497","-0.11356627"
"1-palmitoleoyl-3-oleoyl-glycerol (16:1/18:1)*","-0.44564801","-0.41473787","-0.14904451","-0.59787551"," 0.40212449"," 0.32740104"," 0.36376923"," 0.23296925","-0.10038277"," 0.30438035"," 0.04143906"," 0.03560525"
"1-palmitoleoyl-GPC (16:1)*"," 0.06764932"," 0.11470202","-0.05390727","-0.14775963","-0.18598318","-0.28308645"," 0.02536664"," 0.68146822"," 0.22209660","-0.31853178","-0.09853644","-0.02347804"
"1-palmitoleoylglycerol (16:1)*","-0.06591002","-0.55068294"," 0.03180198","-0.24658439"," 0.20137663"," 0.14841449"," 0.42183527","-0.02559044"," 0.44931706"," 0.06280536","-0.15145677","-0.27532622"
"1-palmitoyl-2-arachidonoyl-GPC (16:0/20:4)"," 0.31430219"," 0.27476537"," 0.26350159"," 0.13052779","-0.42272834","-0.39268504","-0.50418271","-0.01752623"," 0.23216585","-0.58921412"," 0.30028777"," 0.41078588"
"1-palmitoyl-2-arachidonoyl-GPE (16:0/20:4)*","-0.38474152","-0.38813912"," 0.51094239","-0.09127379"," 0.19675382"," 0.47588503"," 0.20298799"," 0.21118931","-0.48905761"," 0.01933398","-0.03830226","-0.22557821"
"1-palmitoyl-2-linoleoyl-glycerol (16:0/18:2)*","-0.2418668","-0.2550509"," 0.1432619","-0.1424514"," 0.4873556"," 0.3535095"," 0.2379269"," 0.2718334","-0.5126444"," 0.3549990","-0.3386318","-0.3582411"
"1-palmitoyl-2-linoleoyl-GPC (16:0/18:2)","-0.2978265","-0.1376178"," 0.1592098","-0.2078629"," 0.2022426"," 0.3641457"," 0.2850334"," 0.5111362","-0.4888638"," 0.2202129","-0.4069659","-0.2028439"
"1-palmitoyl-2-linoleoyl-GPE (16:0/18:2)","-0.3512547","-0.1988065"," 0.1890411","-0.1467857"," 0.2585255"," 0.4251558"," 0.3484878"," 0.2938151","-0.5748442"," 0.3134990","-0.3152981","-0.2415352"
"1-palmitoyl-2-oleoyl-GPC (16:0/18:1)","-0.11336601"," 0.07193524"," 0.63242121","-0.01838004","-0.33183286","-0.19743655","-0.36757879","-0.05573957"," 0.04625142","-0.16585426"," 0.21551745"," 0.28406275"
"1-palmitoyl-2-oleoyl-GPE (16:0/18:1)","-0.5019741","-0.3485291"," 0.4115924","-0.2136185"," 0.1864464"," 0.3583111"," 0.2466093"," 0.2029980","-0.5415763"," 0.4584237","-0.1051224","-0.1535605"
"1-palmitoyl-2-oleoyl-GPG (16:0/18:1)"," 0.35083862"," 0.29760752"," 0.25206724"," 0.14647121","-0.58609711","-0.21696934","-0.56288609","-0.33284126"," 0.06326378","-0.18932111"," 0.41390289"," 0.36396365"
"1-palmitoyl-2-palmitoleoyl-GPC (16:0/16:1)*"," 0.20459404"," 0.52991716","-0.47008284"," 0.12206987","-0.31149195","-0.08404231","-0.26297453","-0.28075273"," 0.22923235","-0.26044822"," 0.30181202"," 0.28216715"
"1-palmitoyl-2-stearoyl-GPC (16:0/18:0)"," 0.3825487"," 0.4199030","-0.5241903"," 0.1471119","-0.2571443","-0.2843810","-0.3546129","-0.3888784"," 0.3840689","-0.3041004"," 0.3038649"," 0.4758097"
"1-palmitoyl-3-linoleoyl-glycerol (16:0/18:2)*","-0.3382449","-0.4179701"," 0.2375283","-0.3307826"," 0.4749211"," 0.4489778"," 0.3712690"," 0.2552365","-0.5250789"," 0.4101325","-0.2702570","-0.3157318"
"1-palmitoyl-GPC (16:0)","-0.05701775","-0.08050435"," 0.35767978","-0.23725322","-0.06430376","-0.16348953"," 0.11540192"," 0.70195892","-0.05513363","-0.06364750","-0.29804108","-0.15564980"
"1-palmitoyl-GPE (16:0)"," 0.12449550"," 0.11248230"," 0.72681861"," 0.22963198","-0.24293677","-0.26247019","-0.26951598","-0.26524888"," 0.01449093","-0.27318139"," 0.04707961"," 0.05835429"
"1-palmitoyl-GPG (16:0)*","-0.22908911","-0.63653257"," 0.31381176","-0.16383435"," 0.07599422"," 0.36188681"," 0.23367116"," 0.16058416"," 0.36346743"," 0.12966074","-0.28233714","-0.32728312"
"1-palmitoyl-GPI (16:0)*"," 0.038361263"," 0.049926631"," 0.176362264","-0.005178181","-0.120270603"," 0.013807207"," 0.037868250","-0.620490524"," 0.379509476"," 0.092719366","-0.053850519"," 0.011235370"
"1-stearoyl-2-arachidonoyl-GPC (18:0/20:4)"," 0.2574841"," 0.2568549","-0.5900319"," 0.1097593","-0.2107872","-0.1474636","-0.3319117","-0.1057688"," 0.2962815","-0.2224887"," 0.2781041"," 0.4099681"
"1-stearoyl-2-arachidonoyl-GPE (18:0/20:4)","-0.22072635","-0.18631680","-0.49274441","-0.29445118"," 0.27427643"," 0.50725559"," 0.16269943"," 0.24557390","-0.21573022"," 0.16543168","-0.03873693"," 0.09346885"
"1-stearoyl-2-arachidonoyl-GPI (18:0/20:4)","-0.3030193","-0.2284422","-0.5303392","-0.2340682"," 0.3911744"," 0.4424065"," 0.4696608"," 0.3596528","-0.1857202","-0.1742676","-0.1170081"," 0.1099703"
"1-stearoyl-2-arachidonoyl-GPS (18:0/20:4)","-0.47845290","-0.29378424","-0.40592526","-0.47142557"," 0.32054437"," 0.52154710"," 0.05785597"," 0.36804426","-0.23995200"," 0.39140695"," 0.04577702"," 0.18436429"
"1-stearoyl-2-linoleoyl-GPC (18:0/18:2)*","-0.466623091","-0.324713643","-0.126900180","-0.376504999"," 0.223387324"," 0.521153583"," 0.327301619"," 0.419801157","-0.424311513"," 0.533376909","-0.311176985"," 0.005209818"
"1-stearoyl-2-linoleoyl-GPE (18:0/18:2)*","-0.47064618","-0.32036473","-0.00312563","-0.27269719"," 0.31627307"," 0.50687068"," 0.39870905"," 0.35833904","-0.49312932"," 0.39657844","-0.29033801","-0.12646923"
"1-stearoyl-2-oleoyl-GPC (18:0/18:1)"," 0.15621124"," 0.21073589","-0.57878445"," 0.03572458","-0.20245680","-0.10386478","-0.27253136","-0.18180262"," 0.30953653","-0.02429414"," 0.23031036"," 0.42121555"
"1-stearoyl-2-oleoyl-GPE (18:0/18:1)","-0.039085064"," 0.026279044","-0.557497591","-0.181499492"," 0.006025475"," 0.060845051","-0.109890050","-0.057953785"," 0.002119644"," 0.442502409"," 0.071500515"," 0.336653843"
"1-stearoyl-2-oleoyl-GPS (18:0/18:1)","-0.12248864"," 0.10939104"," 0.35240732","-0.11781165","-0.06070491","-0.10622292","-0.55040313","-0.35164663"," 0.28005529"," 0.05722968"," 0.06059768"," 0.44959687"
"1-stearoyl-GPC (18:0)"," 0.06651383"," 0.07173372","-0.43131018","-0.30807083","-0.17752882","-0.04079782"," 0.07500460"," 0.56868982"," 0.28617264","-0.08848431","-0.20504542"," 0.18312277"
"1-stearoyl-GPE (18:0)"," 0.32584655"," 0.35391664","-0.04239088","-0.02069167","-0.51252519","-0.15463738","-0.38469409","-0.26147182"," 0.43601509","-0.24711452"," 0.02027247"," 0.48747481"
"1-stearoyl-GPI (18:0)"," 0.23224973"," 0.18361500"," 0.05972226"," 0.12237101","-0.33626855","-0.43718711","-0.38597363","-0.14889778"," 0.56281289","-0.21823559"," 0.11200478"," 0.25378700"
"1-stearoyl-GPS (18:0)*"," 0.24965517"," 0.17115716"," 0.13757140"," 0.15827356","-0.27617284","-0.46145950","-0.42671611","-0.21759472"," 0.53854050","-0.15420737"," 0.07918726"," 0.20176548"
"10-heptadecenoate (17:1n7)","-0.3613270","-0.4549187","-0.2632845","-0.2724342"," 0.3914118"," 0.2126806"," 0.1962003"," 0.2834340"," 0.1122000"," 0.5450813","-0.2106938","-0.1783499"
"10-nonadecenoate (19:1n9)","-0.10019197","-0.46470699"," 0.06489130","-0.09615316","-0.15085671","-0.06142984"," 0.27910864"," 0.35314786"," 0.09330893"," 0.53529301","-0.22570722","-0.22670385"
"12,13-DiHOME"," 0.40512945","-0.01322964"," 0.13645846"," 0.19659624"," 0.24004763"," 0.21146225"," 0.07881020","-0.08085706","-0.46294429"," 0.19265670","-0.59487055","-0.30925939"
"12-HETE"," 0.36026336"," 0.15351341","-0.04436775"," 0.12106998","-0.18047861","-0.34961145","-0.22582216","-0.63973664"," 0.30492223"," 0.04386836"," 0.12515026"," 0.33122904"
"15-HETE"," 0.60152127"," 0.13226039"," 0.05513468"," 0.09567899","-0.17074101","-0.39847873","-0.17410290","-0.19900294"," 0.20110162","-0.12682968","-0.15430018"," 0.13775848"
"15-methylpalmitate","-0.41224085","-0.53044273","-0.21056946","-0.29231596"," 0.13185793"," 0.28942306"," 0.37951891"," 0.39490921"," 0.03541171"," 0.46955727","-0.05552659","-0.19958250"
"16-hydroxypalmitate","-0.40297353","-0.26243279","-0.21850219","-0.23268069"," 0.59702647"," 0.46381063"," 0.25946054"," 0.14183398","-0.28788623"," 0.20318538","-0.18079865","-0.08004293"
"17-methylstearate","-0.14055558","-0.57081289"," 0.09737596","-0.09344593"," 0.19463711"," 0.13256531"," 0.36363684"," 0.42918711","-0.04509600"," 0.38541269","-0.36584526","-0.38705936"
"2'-deoxycytidine"," 0.17979402"," 0.23379096"," 0.33091784"," 0.16434080","-0.66908216","-0.64752865","-0.27073153"," 0.27746434"," 0.21392787"," 0.20317962","-0.03149771"," 0.01542460"
"2'-deoxyguanosine","-0.34410499"," 0.50219518","-0.49780482","-0.10568713"," 0.13031779"," 0.05111280"," 0.16173354"," 0.15308300"," 0.20895780"," 0.09110293","-0.23407868","-0.11682742"
"2'-deoxyinosine","-0.3234301"," 0.1023124","-0.2456915","-0.2874938"," 0.4483541"," 0.4281041"," 0.2704274"," 0.3825601","-0.0685924"," 0.1322093","-0.5516459","-0.2871135"
"2'-deoxyuridine","-0.26252483","-0.12100421","-0.18910813","-0.19490494","-0.16557544"," 0.64285255"," 0.63597009","-0.07565876","-0.15451160"," 0.44012242","-0.19850969","-0.35714745"
"2-aminoadipate"," 0.2064464"," 0.2840889","-0.5317426"," 0.1199223","-0.2382218","-0.2762624","-0.2242214","-0.3242788"," 0.4365106","-0.1995940"," 0.2790956"," 0.4682574"
"2-aminoheptanoate"," 0.35472950","-0.05016866","-0.32551510","-0.44204010"," 0.07053548"," 0.13521326"," 0.39125044","-0.12843539"," 0.09988060"," 0.42292543","-0.57707457"," 0.04869909"
"2-aminooctanoate","-0.05304560","-0.52499201"," 0.36491776","-0.37477992"," 0.39692456"," 0.12277342","-0.09392051"," 0.47500799","-0.04353287"," 0.28938368","-0.40747105","-0.15126545"
"2-hydroxy-3-methylvalerate","-0.07790833","-0.62940539"," 0.01206880","-0.09121412"," 0.05341609"," 0.37059461","-0.12137049"," 0.17201381"," 0.12879005"," 0.05068307"," 0.14240778","-0.01007590"
"2-hydroxybutyrate/2-hydroxyisobutyrate","-0.31528711","-0.33941667","-0.16627885","-0.56938460"," 0.17233549"," 0.15145860"," 0.20678894"," 0.25845357"," 0.01634616"," 0.43061540"," 0.06294779"," 0.09142127"
"2-hydroxyglutarate","-0.42499860","-0.45157665"," 0.53480196","-0.10562589"," 0.11115538"," 0.35687405"," 0.20344082"," 0.20722196","-0.46519804"," 0.19509717","-0.02505832","-0.13613383"
"2-hydroxystearate","-0.30491275","-0.20290301","-0.09074399","-0.58184167"," 0.09497648"," 0.16734051"," 0.41815833"," 0.03146619"," 0.28601425"," 0.38626222","-0.05337305","-0.15044352"
"2-linoleoylglycerol (18:2)"," 0.48532798","-0.06561866","-0.14680849"," 0.04928119","-0.05659274"," 0.35257037"," 0.19877782","-0.51467202"," 0.46280973"," 0.16125147","-0.50057601","-0.42575063"
"2-methylbutyrylcarnitine (C5)","-0.044268465","-0.266417857","-0.077197143","-0.394025439","-0.472601887","-0.025553743"," 0.527398113"," 0.322263275"," 0.005542133"," 0.197946703","-0.129951067"," 0.356865378"
"2-methylbutyrylglycine","-0.2592229","-0.5049757"," 0.0485905","-0.3070309"," 0.1041401"," 0.4950243"," 0.2394569"," 0.3353145","-0.2753962"," 0.4109624","-0.1370287","-0.1498342"
"2-methylcitrate/homocitrate","-0.2920826","-0.2975481"," 0.1592067","-0.2301522"," 0.4479178"," 0.5810538"," 0.2643161"," 0.2769747","-0.1880974","-0.4189462","-0.1478950","-0.1547476"
"2-oleoylglycerol (18:1)"," 0.016279274","-0.231875455","-0.195096260","-0.388726119"," 0.007255961","-0.103599313"," 0.333680152"," 0.021050823"," 0.611273881","-0.164643413"," 0.035624414"," 0.058776056"
"2-palmitoleoyl-GPC (16:1)*"," 0.13283259"," 0.54711376","-0.20380969","-0.09283013","-0.25430303","-0.10288100"," 0.05109784"," 0.15443563"," 0.17634105","-0.10545567","-0.45288624"," 0.15034488"
"2-palmitoyl-GPC (16:0)*","-0.16647516","-0.24467439"," 0.19547481","-0.31135533"," 0.07362582"," 0.05019559"," 0.08664281"," 0.68864467","-0.19744151"," 0.22455973","-0.26023374","-0.13896330"
"2-stearoyl-GPE (18:0)*","-0.03820762","-0.37238497","-0.01216526","-0.11304282","-0.18507794"," 0.12541788"," 0.17032868"," 0.24420168"," 0.57054308","-0.42945692","-0.05979931"," 0.09964351"
"3-(4-hydroxyphenyl)lactate"," 0.063070318","-0.321422607"," 0.188215948","-0.246587279","-0.381089471","-0.155230973","-0.388394454"," 0.009711813"," 0.611605546"," 0.236652077"," 0.064369797"," 0.319099285"
"3-aminoisobutyrate","-0.27411393","-0.52324547"," 0.30567809","-0.29163705"," 0.11592680"," 0.21820040"," 0.18686664"," 0.14404237","-0.16959499"," 0.47675453","-0.11617550","-0.07270188"
"3-hydroxy-3-methylglutarate","-0.18492710","-0.26026163"," 0.73973837"," 0.09240944","-0.17707497","-0.02781621","-0.20104314","-0.07136218","-0.10618006","-0.15851882"," 0.20854737"," 0.14648892"
"3-hydroxybutyrate (BHBA)","-0.050626799","-0.350360252"," 0.051184826","-0.280461602"," 0.649639748"," 0.203485348"," 0.018403463"," 0.207974623","-0.198877576"," 0.002218508","-0.219442896","-0.033137390"
"3-hydroxybutyrylcarnitine (1)","-0.13644022","-0.51860693","-0.07984796","-0.15196302"," 0.37442204"," 0.48139307"," 0.35561014"," 0.44366684","-0.41349307","-0.06826678","-0.08671130","-0.19976282"
"3-hydroxybutyrylcarnitine (2)"," 0.19865727","-0.58386130"," 0.37052630","-0.11497112","-0.14055963"," 0.37725236"," 0.26148563"," 0.41613870","-0.46788120","-0.04743423","-0.10785883","-0.16149393"
"3-hydroxyisobutyrate","-0.38336882","-0.23996251","-0.19178090","-0.58955159"," 0.26050228","-0.01944990"," 0.41044841","-0.02991575"," 0.25243373"," 0.09978823"," 0.20484556"," 0.22601127"
"3-indoxyl sulfate","-0.23393189","-0.17448714","-0.23780383"," 0.01965539"," 0.65016989","-0.25458775"," 0.36166805"," 0.08316379","-0.34983011"," 0.36581814","-0.11867438","-0.11116016"
"3-methylcytidine"," 0.26434450"," 0.15550068","-0.12310376","-0.08513629"," 0.51407830","-0.32973405","-0.28584445","-0.48592170"," 0.35287907","-0.33297679"," 0.16327641"," 0.19263808"
"3-methylhistidine"," 0.30127010"," 0.26936240","-0.20959688"," 0.13092557","-0.43271777","-0.01250139","-0.64005437","-0.16902666"," 0.35994563","-0.07923393"," 0.21515654"," 0.26647076"
"3-phosphoglycerate"," 0.3302704"," 0.2660788"," 0.3373775"," 0.2367703","-0.3079910","-0.5665620","-0.4815003","-0.3859568"," 0.1232026","-0.2495116"," 0.4334380"," 0.2643842"
"3-ureidopropionate"," 0.24024441","-0.36286468","-0.02303822","-0.38670866"," 0.61329134"," 0.21912076"," 0.16082263"," 0.03274472","-0.34064215"," 0.19496822","-0.12721300","-0.22072536"
"4-cholesten-3-one","-0.48884252","-0.26904156"," 0.30540481","-0.42162281"," 0.22517301"," 0.47086264"," 0.26243093"," 0.22456815","-0.52913736"," 0.36224245","-0.10665575","-0.03538197"
"4-guanidinobutanoate"," 0.65488825"," 0.62207972"," 0.33180559"," 0.47525373","-0.30329001","-0.31242555","-0.31301670","-0.05614261","-0.18484925","-0.22501522","-0.34511175","-0.34417622"
"4-imidazoleacetate","-0.36216797","-0.41715543","-0.04818621","-0.20228869"," 0.13142876"," 0.38613410"," 0.31666916"," 0.39711831","-0.25235615"," 0.58284457","-0.40525223","-0.12678822"
"5-aminovalerate"," 0.72098438"," 0.02388776"," 0.10086982","-0.11699681","-0.00622043","-0.27901562","-0.26181453","-0.02090610"," 0.21488457","-0.11524506","-0.06318740","-0.19724058"
"5-dodecenoate (12:1n7)","-0.31996895","-0.01126426","-0.44053175","-0.13593870"," 0.55946825"," 0.04832156","-0.14467429"," 0.24848365","-0.10814742"," 0.31101097"," 0.04057071","-0.04732978"
"5-methylthioadenosine (MTA)"," 0.25569210"," 0.31286104"," 0.08472771"," 0.12153050","-0.53192258","-0.32903796","-0.26249243","-0.40405581"," 0.46807742","-0.33558952"," 0.21771463"," 0.40249490"
"5-oxoproline"," 0.4737820"," 0.3428017","-0.2436458"," 0.3250797","-0.3729438","-0.4973093","-0.5262180","-0.3862222"," 0.3880543","-0.2438218"," 0.3207279"," 0.4197153"
"6-phosphogluconate"," 0.086943607","-0.264116123","-0.127713647","-0.149226395"," 0.415104302"," 0.243819098"," 0.297940457"," 0.375128675","-0.584895698","-0.184044712"," 0.001978457","-0.110918022"
"7-hydroxycholesterol (alpha or beta)","-0.40268769","-0.37220355"," 0.21143798","-0.44857249"," 0.55142751"," 0.05129704"," 0.38198893"," 0.31329416","-0.35079877"," 0.29248832","-0.26092894"," 0.03325749"
"7-methylguanine"," 0.43634511"," 0.05506749"," 0.30456423"," 0.09619378","-0.56365489"," 0.09586856","-0.26660920","-0.03375697"," 0.10701114","-0.39272038"," 0.05253156"," 0.10915956"
"9,10-DiHOME"," 0.47350627","-0.03777032"," 0.06371259"," 0.29011629"," 0.08343527"," 0.23587008"," 0.07762955","-0.07671457","-0.52649373"," 0.16396338","-0.47123687","-0.27601794"
"acetylcarnitine"," 0.22919272","-0.36966281"," 0.63033719","-0.04324262"," 0.01901826"," 0.05151047","-0.13513904"," 0.07286908","-0.36737987"," 0.06153836"," 0.13733809","-0.28637985"
"acetylphosphate"," 0.2902416"," 0.2955063"," 0.1119256"," 0.1332792","-0.2152115","-0.1038775","-0.2882827","-0.4689619","-0.1813549","-0.2153161"," 0.1110139"," 0.5310381"
"aconitate [cis or trans]","-0.07905842","-0.02288263"," 0.22651490"," 0.50080469","-0.16093413","-0.43372186"," 0.11608055","-0.12174238"," 0.07853574","-0.49919531"," 0.43807082","-0.04247196"
"adenine"," 0.17550544"," 0.18000884"," 0.29769935"," 0.24417776","-0.31399904","-0.37666779","-0.51968910","-0.22443522"," 0.48031090","-0.36276765"," 0.05109078"," 0.36876574"
"adenosine","-0.67008164","-0.13079793"," 0.16411355","-0.30015118"," 0.21925847","-0.04039024"," 0.21642879"," 0.29899647","-0.15054183"," 0.32991836","-0.05740917"," 0.12065635"
"adenosine 2'-monophosphate (2'-AMP)","-0.12474476","-0.19127031"," 0.50728968"," 0.18887464","-0.49271032"," 0.37385274"," 0.25904288"," 0.15351271"," 0.03392903","-0.31384641","-0.02512928","-0.36880059"
"adenosine 3',5'-diphosphate"," 0.149660798","-0.561924318"," 0.438075682"," 0.009883625"," 0.313002034"," 0.181284533"," 0.347361560","-0.342411475"," 0.211390111","-0.233100100","-0.127319378","-0.385903072"
"adenosine 3'-monophosphate (3'-AMP)","-0.43999351","-0.30692793"," 0.22733478","-0.06546036"," 0.29606345"," 0.56000649"," 0.32608891","-0.10566569","-0.09457747","-0.02985699","-0.26680957","-0.10020210"
"adenosine 5'-diphosphoribose (ADP-ribose)","-0.085831298"," 0.003434521","-0.621546488","-0.125146281"," 0.362314617"," 0.164925146"," 0.207433061"," 0.378453512","-0.586530693"," 0.312311831"," 0.039747100","-0.049565028"
"adenosine 5'-monophosphate (AMP)","-0.3204886","-0.2895566","-0.2244733","-0.3519508"," 0.3508365"," 0.4785219"," 0.4934937"," 0.5024093","-0.4975907"," 0.3601689","-0.2800628","-0.2213074"
"adrenate (22:4n6)","-0.28302543","-0.38092993","-0.09078037","-0.20808204"," 0.05925944"," 0.14172950"," 0.61907007"," 0.02586373"," 0.10350549"," 0.22552577","-0.05161159","-0.16052463"
"alanine","-0.336392539","-0.181214481","-0.199573948","-0.564431672","-0.046612672"," 0.305496926"," 0.111382137"," 0.324464392"," 0.011618206"," 0.138206059"," 0.001489263"," 0.435568328"
"allantoin"," 0.384423416"," 0.003514357"," 0.073748952","-0.142486724"," 0.620687953"," 0.089894112","-0.028909518","-0.140273914","-0.277439332","-0.046736506","-0.379312047","-0.157110751"
"alpha-hydroxyisocaproate","-0.199579539","-0.704066906","-0.114172038","-0.004173548"," 0.295933094"," 0.257563088"," 0.141672882"," 0.088923850","-0.006407233"," 0.283550146"," 0.071023622","-0.110267417"
"alpha-hydroxyisovalerate"," 0.13714606","-0.16811107"," 0.08679299","-0.02278576","-0.33903391","-0.29697013","-0.07739903","-0.45942243"," 0.50305345","-0.32946810"," 0.42562037"," 0.54057757"
"alpha-ketoglutarate"," 0.33393021","-0.31772174","-0.25014059","-0.39932619"," 0.15169194"," 0.60067381"," 0.42113162"," 0.40371282","-0.34224784","-0.35580585","-0.29473194"," 0.04883374"
"alpha-tocopherol","-0.3993118","-0.5789857","-0.4824055","-0.3418907"," 0.2902262"," 0.4210143"," 0.3200384"," 0.4012882","-0.3002741"," 0.3608724"," 0.1965908"," 0.1128375"
"anserine","-0.28474066","-0.12101084"," 0.33026929"," 0.24496593"," 0.48988860","-0.02420119"," 0.17351573","-0.45925871","-0.14968345"," 0.53878543","-0.46121457","-0.27731555"
"arabitol/xylitol","-0.13273710","-0.14518686","-0.07402596","-0.43477575"," 0.50720550"," 0.30261401","-0.03133069"," 0.56522425","-0.22145218"," 0.03782187","-0.12489677","-0.24846031"
"arabonate/xylonate"," 0.236626371"," 0.161606058","-0.733243164","-0.107934933","-0.064876374","-0.009921509","-0.053223118","-0.011854429"," 0.219228679"," 0.041849754"," 0.054985830"," 0.266756836"
"arachidate (20:0)","-0.2857301","-0.5487690","-0.0550060","-0.3126203"," 0.2216193"," 0.2981028"," 0.4512310"," 0.3395430"," 0.1142264"," 0.4246898","-0.3599775","-0.2873095"
"arachidonate (20:4n6)","-0.52008740","-0.31128130","-0.33456576","-0.31945619"," 0.29134975"," 0.21833956"," 0.04059035"," 0.14902353"," 0.47991260"," 0.36489881","-0.12523422"," 0.06651027"
"arachidonoyl ethanolamide","-0.50661506","-0.50168449","-0.12268602","-0.25925471"," 0.49338494"," 0.48324458"," 0.46319584"," 0.24180707","-0.34778128"," 0.31994860","-0.03512648","-0.22843299"
"arginine"," 0.088494894"," 0.108305427","-0.051443001"," 0.005400952","-0.604345555","-0.112850800","-0.267950131","-0.061993068"," 0.264229082"," 0.051644779"," 0.184852977"," 0.395654445"
"argininosuccinate"," 0.5086935"," 0.2837240","-0.3063573"," 0.1918241","-0.4913065","-0.1235761","-0.4500079","-0.2228566"," 0.4375517","-0.4690764"," 0.2464092"," 0.3949782"
"ascorbate (Vitamin C)","-0.4230456","-0.4044526"," 0.1231337","-0.2943014"," 0.2687922"," 0.5769544"," 0.1376175"," 0.3493420","-0.3043196","-0.3076186"," 0.5193427","-0.2414448"
"asparagine"," 0.19057621"," 0.18705243","-0.08314085","-0.07650342","-0.44225914","-0.21335871","-0.28536505","-0.25475086"," 0.38426806","-0.12487547"," 0.16061592"," 0.55774086"
"aspartate"," 0.1892169"," 0.4786520"," 0.1843774","-0.0534532","-0.3685351","-0.2561020","-0.2355130","-0.5213480"," 0.3595096","-0.4308219"," 0.2323682"," 0.4216492"
"azelate (nonanedioate)"," 0.1010578","-0.2742254","-0.2300447","-0.3454613"," 0.4652040"," 0.3760294"," 0.3221978"," 0.5124979","-0.4875021"," 0.3595334","-0.3226436","-0.4766431"
"behenoyl sphingomyelin (d18:1/22:0)*","-0.44927184","-0.24224606","-0.07095123","-0.40786470"," 0.30674222"," 0.42574640"," 0.27033223"," 0.29893558","-0.36174925"," 0.55072816","-0.34069213"," 0.02029059"
"beta-alanine","-0.07294088"," 0.14892561","-0.45422848","-0.08478454","-0.16085097","-0.12815494","-0.49834910","-0.14525076"," 0.42886829"," 0.32914823"," 0.13596665"," 0.50165090"
"beta-guanidinopropanoate","-0.157835818"," 0.095849267"," 0.396036783"," 0.394331754"," 0.063428247"," 0.021622571"," 0.069296617","-0.033024882","-0.603963217","-0.006078615"," 0.106755370","-0.346418076"
"beta-hydroxyisovaleroylcarnitine","-0.18997241","-0.46963183","-0.32935911","-0.38767268"," 0.10295578"," 0.53036817"," 0.42745897","-0.12570170","-0.07049819"," 0.33104658"," 0.15433318"," 0.02667323"
"betaine"," 0.2791134"," 0.2240202"," 0.4296289"," 0.2711613","-0.2437838","-0.3593058","-0.5583244","-0.5703711"," 0.3290391","-0.3885878"," 0.2865935"," 0.3008164"
"betaine aldehyde"," 0.4710614"," 0.1906664","-0.2967973"," 0.2012449","-0.3416939","-0.2705759","-0.4494613","-0.4496124"," 0.2668519","-0.1785362"," 0.5503876"," 0.3064648"
"butyrylcarnitine"," 0.13653448"," 0.28335741"," 0.27669841"," 0.16546570","-0.71664259","-0.55266329"," 0.05210108","-0.04317618"," 0.16669854","-0.15288441"," 0.14572896"," 0.23878189"
"C-glycosyltryptophan"," 0.03393237","-0.01770043"," 0.35010512","-0.13858497"," 0.01420085","-0.27199044","-0.27736691","-0.47115319","-0.04398661"," 0.52884681"," 0.02509476"," 0.26860265"
"carboxyethyl-GABA"," 0.00387353"," 0.17150552","-0.10353265","-0.27926014"," 0.06013213","-0.03564551"," 0.09582244","-0.11512895"," 0.59483934","-0.20570161"," 0.21825655","-0.40516066"
"carnitine","-0.32804187","-0.25865439","-0.33233108","-0.25764739"," 0.32965281"," 0.54571012"," 0.43621651"," 0.36606676","-0.39659248"," 0.44964125","-0.09973038","-0.45428988"
"carnosine"," 0.5331774","-0.2287531"," 0.2097930"," 0.1107020"," 0.3506386","-0.2340915"," 0.1339030","-0.4147590","-0.2959087"," 0.4032508","-0.4668226","-0.1011298"
"cholesterol","-0.21893121","-0.25543089","-0.05219963","-0.33291942"," 0.12875971"," 0.31760340"," 0.59504788"," 0.22293134","-0.40495212"," 0.17373516","-0.02689868","-0.14674555"
"choline"," 0.153909743"," 0.204086908","-0.510728263","-0.113090509","-0.146754946"," 0.094188438","-0.230426910","-0.397516839"," 0.229408616"," 0.001519084"," 0.226132944"," 0.489271737"
"choline phosphate","-0.20816739","-0.19756520"," 0.79063661"," 0.05375931","-0.17965169"," 0.06863785","-0.03485428","-0.20936339","-0.14731590"," 0.05518342"," 0.08982377","-0.08112309"
"citrate"," 0.1281460"," 0.2697202"," 0.3989865"," 0.4754206","-0.5216781","-0.5245794","-0.2112770","-0.4806925"," 0.1253917","-0.4142261"," 0.4481941"," 0.3065939"
"citrulline","-0.030406178"," 0.028068558","-0.602291019","-0.422106680"," 0.002624967"," 0.220552235"," 0.146499770","-0.059442376"," 0.093253598"," 0.397708981","-0.097169829"," 0.322707974"
"corticosterone","-0.23968518","-0.46803823"," 0.02197852","-0.51229437"," 0.48770563"," 0.03258948"," 0.33732034"," 0.23474673","-0.07520628"," 0.43231823","-0.18666603","-0.06476882"
"creatine","-0.31293797","-0.38511034"," 0.61488966"," 0.10661681"," 0.13258380"," 0.07991687"," 0.08782176","-0.03756366","-0.35316717"," 0.15390026"," 0.14742859","-0.23437861"
"creatine phosphate","-0.31274564","-0.32127791"," 0.67872209","-0.12691213","-0.13552505"," 0.13233103"," 0.24707940"," 0.08044177","-0.18309614"," 0.09184752","-0.00771718","-0.14314776"
"creatinine","-0.06645838","-0.28770031"," 0.71229969"," 0.22277974"," 0.03545714","-0.09741103","-0.13166454","-0.16910984","-0.21842630"," 0.01635493"," 0.19845886","-0.21457995"
"cysteine"," 0.1706779"," 0.3308601","-0.1643399"," 0.3507139","-0.5403658","-0.2273754","-0.3251846","-0.2161217"," 0.3243929","-0.5494593"," 0.4505407"," 0.3956612"
"cysteine sulfinic acid"," 0.26602434"," 0.46934951","-0.26557279"," 0.18210337","-0.53065049","-0.39023069","-0.20099757","-0.50223409"," 0.31540522"," 0.09516688"," 0.34901141"," 0.21262492"
"cystine"," 0.09914056"," 0.07016432"," 0.03695464"," 0.04800588","-0.85917391"," 0.09067061"," 0.07376804"," 0.10649114"," 0.03931577"," 0.09763446"," 0.05620238"," 0.14082609"
"cytidine"," 0.2668042"," 0.1989722"," 0.4711279"," 0.2369205","-0.3469816","-0.3780296","-0.4352070","-0.5288721"," 0.2204679","-0.2250239"," 0.2499366"," 0.2698849"
"cytidine 3'-monophosphate (3'-CMP)","-0.133432691","-0.362407592"," 0.425586018","-0.085966952"," 0.572801072","-0.190807993"," 0.521289275"," 0.143255744","-0.251301223","-0.008294126","-0.427198928","-0.203522604"
"cytidine 5'-diphosphocholine"," 0.003001574","-0.027184976"," 0.557284925"," 0.073530964","-0.164126976","-0.339743256","-0.442715075"," 0.152479935"," 0.082319571","-0.196663920"," 0.158166170"," 0.143651063"
"cytidine 5'-monophosphate (5'-CMP)","-0.08264694","-0.03520182","-0.61104160","-0.32237952"," 0.14491367"," 0.38895840"," 0.35104951","-0.01463476"," 0.05500425"," 0.23934660","-0.19651977"," 0.08315199"
"cytidine 5'-monophospho-N-acetylneuraminic acid","-0.12426386","-0.01173270"," 0.60165007","-0.39834993","-0.35930978","-0.17619533","-0.04029246"," 0.19041639"," 0.42596511","-0.24062769","-0.16805241"," 0.30079260"
"cytidine-5'-diphosphoethanolamine","-0.54838188","-0.33220701"," 0.27863664","-0.22108063"," 0.39613651"," 0.13320361"," 0.18818416"," 0.22453428","-0.30406570"," 0.45161812","-0.18501606","-0.08156203"
"cytosine","-0.10516697","-0.13632016"," 0.10633109","-0.32930869"," 0.20866768"," 0.30239724"," 0.06717561"," 0.36674985","-0.02055031"," 0.30619663","-0.63325015","-0.13292182"
"decanoylcarnitine","-0.36755693","-0.15700021","-0.18536658","-0.34518447"," 0.46833852"," 0.28426142"," 0.32257311"," 0.63244307","-0.26694715"," 0.05355650","-0.07676838","-0.36234888"
"dehydroascorbate"," 0.2624202"," 0.1989614"," 0.2839177"," 0.2805369","-0.6649086","-0.3664273","-0.3889224","-0.4282589"," 0.3190857","-0.1528253"," 0.3213292"," 0.3350914"
"deoxycarnitine"," 0.0001406917","-0.0708614085"," 0.1411198284","-0.0880370505","-0.6419084732"," 0.2000877538","-0.0619067299","-0.0607574796"," 0.2585149865","-0.2893631534"," 0.2548795079"," 0.3580915268"
"dihomo-linoleate (20:2n6)","-0.361915991","-0.480940549","-0.178276073","-0.266874914","-0.110760668","-0.031642689"," 0.306866200"," 0.396488332"," 0.276002908"," 0.519059451","-0.006921901","-0.061084104"
"dihomo-linolenate (20:3n3 or n6)","-0.49099206","-0.27659960"," 0.04538431","-0.09794122"," 0.11962272","-0.04342586"," 0.05846638"," 0.36092809"," 0.19960068"," 0.50900794","-0.22024041","-0.16381095"
"dihydoxyphenylalanine (L-DOPA)"," 0.009953049","-0.555942931","-0.490347964","-0.455997821"," 0.345123761"," 0.444057069"," 0.279954591"," 0.316583125","-0.081432982"," 0.238726085","-0.060324368"," 0.009648385"
"dihydroxyacetone phosphate (DHAP)"," 0.11347191","-0.20340070"," 0.27634950"," 0.19366970","-0.49231016","-0.72365050"," 0.16949734"," 0.10970585","-0.01815248"," 0.26993735"," 0.20738857"," 0.09749362"
"dimethyl sulfone","-0.34359015","-0.01466963"," 0.12627883","-0.11254142"," 0.32660733"," 0.11464342","-0.03178919","-0.49560440","-0.03468889"," 0.50439560"," 0.01623965","-0.05528115"
"dimethylarginine (SDMA + ADMA)"," 0.4267141"," 0.2805216"," 0.1051871"," 0.2703226","-0.5732859","-0.3386284","-0.5111124","-0.2500642"," 0.3353224","-0.3336670"," 0.2650333"," 0.3236569"
"dimethylglycine"," 0.02806516","-0.15192312","-0.25433114","-0.35464356"," 0.64535644"," 0.33330061"," 0.24362914","-0.16613372","-0.27429239"," 0.32244145","-0.15925041","-0.21221847"
"docosadienoate (22:2n6)","-0.19537534","-0.53245334","-0.08871053","-0.10885150"," 0.02073695"," 0.10286104"," 0.35221633"," 0.46754666"," 0.06280625"," 0.36952771","-0.15437187","-0.29593236"
"docosahexaenoate (DHA; 22:6n3)","-0.15986870","-0.16527385","-0.32219105","-0.23067039"," 0.17070755"," 0.19831874","-0.15287160"," 0.09681474"," 0.67780895"," 0.10497870","-0.11877040","-0.09898268"
"docosapentaenoate (n3 DPA; 22:5n3)","-0.16645047","-0.20734366"," 0.26968021"," 0.21794580"," 0.14535963"," 0.22799596"," 0.03069261"," 0.28679222"," 0.22731027"," 0.27089660","-0.58967139","-0.71320778"
"docosapentaenoate (n6 DPA; 22:5n6)","-0.39065871","-0.54838822"," 0.32423645","-0.10991792","-0.13738484","-0.05670965","-0.12071949"," 0.17956047"," 0.45161178"," 0.26468942"," 0.20163159","-0.05795090"
"dopamine sulfate (2)"," 0.04308575"," 0.14009427","-0.69826804","-0.17362772"," 0.23520831"," 0.30173196"," 0.11523246"," 0.16744605"," 0.10509937"," 0.10154566","-0.44095950"," 0.10341142"
"eicosapentaenoate (EPA; 20:5n3)","-0.26378967"," 0.23884892"," 0.12704390"," 0.27731794"," 0.33233418"," 0.39369416"," 0.09780663","-0.03855040","-0.30683465"," 0.27354546","-0.60630584","-0.52511062"
"eicosenoate (20:1)","-0.12652653","-0.54352782"," 0.07407514","-0.03713601","-0.02479815","-0.01646739"," 0.28245180"," 0.38119059"," 0.07187920"," 0.45647218","-0.23983629","-0.27777672"
"ergothioneine"," 0.116571284"," 0.268585148"," 0.244295417"," 0.506385854"," 0.315701357"," 0.059904392"," 0.007206903","-0.038781579","-0.493614146","-0.293874601","-0.327974677","-0.364405350"
"erucate (22:1n9)","-0.10851059","-0.57909431"," 0.07970671","-0.07079783"," 0.24072566"," 0.20032172"," 0.27180172"," 0.42090569","-0.05955395"," 0.32827569","-0.35649619","-0.36728432"
"erythronate*"," 0.21468260"," 0.17699839"," 0.49644687"," 0.01650254","-0.50355313","-0.27501013","-0.42986086","-0.32502404"," 0.41856269","-0.41869469"," 0.21536915"," 0.41358063"
"ethylmalonate"," 0.264683804","-0.250219879"," 0.182952948","-0.244080636"," 0.671139389","-0.074645897","-0.328860611"," 0.174934202","-0.235275266"," 0.008402479","-0.138609093","-0.030421440"
"flavin adenine dinucleotide (FAD)","-0.0309263656"," 0.1496252158","-0.2387956292","-0.0000338566","-0.5680464279","-0.2979982458","-0.4758571011"," 0.0679928112"," 0.4319535721"," 0.2259262415"," 0.3103946086"," 0.4257651770"
"fructose"," 0.176381497"," 0.073133400","-0.485542329","-0.457275977"," 0.118160433","-0.005928465"," 0.093979388"," 0.031127738"," 0.514457671","-0.170163863","-0.279285530"," 0.390956038"
"fumarate"," 0.48939771"," 0.14888225","-0.46696297"," 0.02743649","-0.43149577","-0.06346933","-0.17201778","-0.37890773"," 0.40911234","-0.26874643"," 0.17373418"," 0.53303703"
"galactitol (dulcitol)","-1.636879e-01","-1.560679e-01"," 8.474419e-02","-1.179091e-01","-4.061010e-02"," 8.273335e-01","-7.584975e-05","-6.319391e-03","-1.726665e-01","-5.093463e-02","-9.662710e-02","-1.071791e-01"
"galactonate"," 0.2279631133","-0.0007479298"," 0.0268398572","-0.0395232438"," 0.3659717009","-0.6340282991"," 0.1610339116"," 0.0838166823","-0.0091845051","-0.2422392948"," 0.0841874271","-0.0240894197"
"gamma-aminobutyrate (GABA)"," 0.2441714"," 0.1428188"," 0.4255106"," 0.2431652","-0.1724200","-0.1490972","-0.5744894","-0.4806084"," 0.0264084","-0.1014390"," 0.2083766"," 0.1876030"
"gamma-carboxyglutamate"," 0.3363277"," 0.2902781"," 0.2420704"," 0.2514406","-0.5760437","-0.1030707","-0.5781790","-0.6400423"," 0.3076869","-0.1394791"," 0.2490536"," 0.3599577"
"gamma-glutamyl-epsilon-lysine","-0.07161790","-0.43526607"," 0.25950085"," 0.11387396","-0.16390921","-0.53326559"," 0.16785252"," 0.43815599"," 0.02179504"," 0.46673441","-0.28003314"," 0.01617914"
"gamma-glutamylalanine"," 0.008537847"," 0.028607537","-0.455348962","-0.326923063"," 0.544651038","-0.285959166"," 0.088580512"," 0.088969253"," 0.104848027"," 0.257669228","-0.215779474"," 0.162147223"
"gamma-glutamylglutamate","-0.324953046","-0.093489270"," 0.675046954","-0.053451213"," 0.413851946","-0.170026229","-0.067043398"," 0.126043517","-0.321537417","-0.007952754","-0.050869924","-0.125619166"
"gamma-glutamylglutamine"," 0.20604036"," 0.22574598","-0.13826125"," 0.09137533"," 0.40838456","-0.59161544","-0.35980822","-0.10202348"," 0.15928862","-0.14769865"," 0.04027183"," 0.20830037"
"gamma-glutamylisoleucine*"," 0.07624473","-0.26261991","-0.50536594","-0.16669401"," 0.48405070"," 0.24073244"," 0.03456587"," 0.17766665","-0.05716600","-0.51594930"," 0.02610461"," 0.46843015"
"gamma-glutamylleucine","-0.46545243","-0.51750996","-0.02474669"," 0.14067614"," 0.18003069"," 0.19489715"," 0.18518247"," 0.42691695","-0.57308305"," 0.20552357"," 0.28880206","-0.04123691"
"gamma-glutamylvaline","-0.06501234","-0.14187618","-0.46240464"," 0.02296735"," 0.10115201","-0.38438883","-0.07362116","-0.07387102"," 0.15079062"," 0.06476735"," 0.32390148"," 0.53759536"
"gamma-tocopherol/beta-tocopherol","-0.097440458","-0.166754277","-0.046083231","-0.731465273"," 0.109975765"," 0.255324837"," 0.219996109"," 0.172774885","-0.023883476"," 0.268534727"," 0.030501315"," 0.008519075"
"glucose"," 0.07262752"," 0.05976197","-0.21726817","-0.33476049"," 0.57335374"," 0.01787410"," 0.06374469"," 0.13475334","-0.42664626"," 0.34425205","-0.22416450","-0.06352800"
"glucuronate"," 0.6653816"," 0.2371004","-0.3316218","-0.2734947"," 0.3396557","-0.2794890","-0.2497007","-0.2863432"," 0.4482678","-0.1928576","-0.3346184"," 0.2577201"
"glutamate"," 0.17490097"," 0.29279090"," 0.25325767"," 0.17647419","-0.60728154","-0.08944132","-0.22756881","-0.36559664"," 0.26927725","-0.52939140"," 0.25986027"," 0.39271846"
"glutamate, gamma-methyl ester"," 0.30288099"," 0.42947231"," 0.11091293"," 0.12929421","-0.30801376","-0.31148355","-0.32597481","-0.40130538"," 0.50333840","-0.49666160"," 0.07400503"," 0.29353522"
"glutamine"," 0.28650706"," 0.48064163"," 0.01600551"," 0.07644715","-0.24506893","-0.37740731","-0.51935837","-0.41687474"," 0.36917018","-0.17532251"," 0.03600043"," 0.46925990"
"glutarate (pentanedioate)"," 0.33662057"," 0.31386396","-0.14283504"," 0.06547271","-0.40071374","-0.47447100","-0.33379350","-0.41220647"," 0.52552900","-0.16043526"," 0.21508184"," 0.46788692"
"glutarylcarnitine (C5)"," 0.025283451"," 0.152572307","-0.564642250"," 0.094740642","-0.110395706","-0.089594705","-0.003733493"," 0.015575748"," 0.435357750","-0.537406552"," 0.427486371"," 0.154756438"
"glycerate"," 0.43471726"," 0.28668582"," 0.01826487"," 0.09343366","-0.46776184","-0.40473421","-0.39868893","-0.45710884"," 0.47328452","-0.33287827"," 0.22254779"," 0.53223816"
"glycerol","-0.49551943","-0.40233347"," 0.12587375","-0.15239702"," 0.34461916"," 0.49383229"," 0.17823581"," 0.37350026","-0.50616771"," 0.43926771","-0.31933162","-0.07957976"
"glycerol 3-phosphate"," 0.38681677"," 0.16998581","-0.57738561"," 0.03448199","-0.01920281"," 0.04650582","-0.18614890","-0.52836857"," 0.18738129","-0.01158969"," 0.07490950"," 0.42261439"
"glycerophosphoethanolamine","-0.37425763","-0.05873470","-0.23151463","-0.48627701"," 0.38724144"," 0.51372299"," 0.34891497"," 0.05270660","-0.01793293","-0.02371398","-0.22016455"," 0.11000942"
"glycerophosphoglycerol","-0.18256727","-0.09999129"," 0.64680016"," 0.10821921","-0.35319984","-0.06064997","-0.19468732","-0.16412714"," 0.09680401","-0.15424166"," 0.26812883"," 0.08951228"
"glycerophosphoinositol*"," 0.4085457"," 0.4496151","-0.1991810"," 0.3785625","-0.5349839","-0.5139899","-0.4449975","-0.5078237"," 0.4650161","-0.3665845"," 0.4337363"," 0.4320846"
"glycerophosphorylcholine (GPC)","-0.03198547"," 0.42689854","-0.48543290"," 0.01262293","-0.07311204","-0.01784124","-0.12990400","-0.49338743"," 0.48404830","-0.51570625"," 0.33950580"," 0.48429375"
"glycine"," 0.42063018"," 0.36625144"," 0.07240505"," 0.24943766","-0.33082009","-0.45196643","-0.54718480","-0.44695165"," 0.39963059","-0.48291670"," 0.29866956"," 0.45281520"
"glycosyl-N-palmitoyl-sphingosine"," 0.02845296"," 0.27593568"," 0.42472457"," 0.21287814","-0.41659787","-0.57527543","-0.05292333","-0.24031078"," 0.12666708","-0.27606863"," 0.23074889"," 0.26176871"
"glycylleucine","-0.40559639","-0.24995264"," 0.52745540","-0.02336080","-0.03082907"," 0.31392053"," 0.14679689"," 0.12659859","-0.47254460"," 0.08208896"," 0.05121825","-0.06579512"
"glycylvaline","-0.4130367698","-0.3983136135"," 0.5166876160","-0.4833123840"," 0.1231792158"," 0.4820039004","-0.1471985831"," 0.4438720328","-0.4207596048"," 0.2452951554","-0.0001908435"," 0.0517738785"
"guanidinoacetate","-0.23994630","-0.13766816"," 0.74199404"," 0.15758800","-0.02884733","-0.15769196","-0.25800596","-0.15348752","-0.16536303"," 0.03323530"," 0.17879310"," 0.02939982"
"guanine","-0.26246735"," 0.44905585"," 0.52750263","-0.06575706","-0.17770263","-0.47249737","-0.47002968","-0.20313805"," 0.37660024"," 0.12488593"," 0.03423419"," 0.13931329"
"guanosine","-0.265258006","-0.002299207"," 0.691350556","-0.059001146"," 0.184635830","-0.308649444","-0.267297638","-0.194504502","-0.008544458"," 0.065081131"," 0.099299235"," 0.065187649"
"guanosine 5'- monophosphate (5'-GMP)","-0.5042811","-0.2907113","-0.1957024","-0.3314128"," 0.3835525"," 0.4957189"," 0.4662752"," 0.4403952","-0.3013448"," 0.4570432","-0.3426955","-0.2768370"
"gulonic acid*"," 0.46188841"," 0.08973539"," 0.11119939","-0.14468521"," 0.71633845","-0.28366155","-0.19529838","-0.21645332","-0.23663041","-0.16579648","-0.15766036"," 0.02102406"
"heme","-0.31098880","-0.38752085","-0.23656782","-0.53357206"," 0.42896485"," 0.43690974"," 0.41814403"," 0.46642794","-0.31535624"," 0.40435011","-0.30390379","-0.06688712"
"hexadecanedioate","-0.5473465","-0.3725126","-0.1412027","-0.3264838"," 0.3333983"," 0.4526535"," 0.3233384"," 0.2556248","-0.2538323"," 0.3662462","-0.0083938","-0.0814894"
"hexanoylcarnitine"," 0.5112483","-0.2410133"," 0.5274704"," 0.0207988"," 0.3975428","-0.4725296"," 0.1695974"," 0.1292139","-0.3133233","-0.2997036","-0.1273140","-0.3019879"
"hexanoylglycine"," 0.06462322","-0.49923639"," 0.32038202","-0.07543901"," 0.50076361","-0.16458657"," 0.05730347"," 0.33586237","-0.33300226"," 0.25265265","-0.36585567","-0.09346744"
"hippurate"," 0.22136810","-0.10719964"," 0.50890707"," 0.14887030"," 0.01470515"," 0.18038916"," 0.34874238"," 0.02290430","-0.34441210","-0.05836669","-0.44481510","-0.49109293"
"histamine","-0.08344042"," 0.05391083","-0.15751400","-0.14728065"," 0.32167985","-0.62934175","-0.31717016"," 0.27592623","-0.18023228"," 0.37065825"," 0.28320799"," 0.20959611"
"histidine"," 0.3924558"," 0.3224457","-0.1869227"," 0.1098545","-0.2848095","-0.3876358","-0.4813184","-0.3700614"," 0.4735297","-0.3134497"," 0.2072300"," 0.5186816"
"homoarginine","-0.41726551","-0.44839880","-0.37920695","-0.43150042"," 0.31286307"," 0.55160120"," 0.51248575"," 0.38805123","-0.05530997"," 0.30842101","-0.28587904","-0.05586157"
"homocitrulline"," 0.425546081"," 0.229231939","-0.029124005"," 0.210380166"," 0.135212022"," 0.133890423"," 0.164050212","-0.574453919"," 0.003100034","-0.465743345","-0.084552253","-0.147537355"
"homostachydrine*"," 0.46721312"," 0.41822195"," 0.47489408"," 0.47637134"," 0.12272696","-0.05718387","-0.10791965","-0.26696737","-0.50248622","-0.16586504","-0.33537665","-0.52362866"
"hypotaurine"," 0.3509313"," 0.3592284","-0.5879121"," 0.2389284","-0.4422497","-0.1860939","-0.3683914","-0.2662584"," 0.4120879","-0.2328178"," 0.3322591"," 0.3902881"
"hypoxanthine"," 0.4202003"," 0.3235152"," 0.1795485"," 0.1909496","-0.1781403","-0.5576037","-0.5797997","-0.5344381"," 0.3735753","-0.2158161"," 0.2134363"," 0.3645727"
"imidazole lactate","-0.3461924","-0.4634904","-0.1961053","-0.4449237"," 0.2398336"," 0.5365096"," 0.4896931"," 0.4944459","-0.2145979"," 0.3880260","-0.2324664","-0.2507320"
"imidazole propionate","-0.1341553"," 0.1475904","-0.2936260","-0.5652952"," 0.2475234"," 0.4347048"," 0.1155457"," 0.3584531"," 0.1252533"," 0.2574825","-0.5242472","-0.1692296"
"indolelactate","-0.073241861","-0.548465414"," 0.111347352","-0.263405655","-0.002456166"," 0.451534586"," 0.383766989"," 0.178331101","-0.209338933"," 0.101957826","-0.088560356","-0.041469469"
"inosine"," 0.13916896"," 0.23217730"," 0.50594417"," 0.09923123","-0.08294641","-0.49405583","-0.45234880","-0.40450989"," 0.23744180","-0.20795628"," 0.16766280"," 0.26019095"
"Isobar: fructose 1,6-diphosphate, glucose 1,6-diphosphate, myo-inositol 1,4 or 1,3-diphosphate","-0.21277534"," 0.14822295"," 0.51348769"," 0.32956931","-0.34987140","-0.48651231","-0.22993329","-0.04728788","-0.29264732"," 0.06089135"," 0.35921176"," 0.20764447"
"isobutyrylcarnitine","-0.29352075","-0.40092927","-0.14063319","-0.21647923","-0.14320131"," 0.11776392"," 0.54375619","-0.01239110","-0.04590698"," 0.59907073","-0.15484649"," 0.14731748"
"isocitrate","-0.44375379","-0.51697093","-0.05359480","-0.26425141"," 0.29619027"," 0.46175248"," 0.37006326"," 0.48302907","-0.38829509"," 0.15563455"," 0.05766834","-0.15747197"
"isoleucine"," 0.19411269"," 0.14962250","-0.28732967","-0.27014862","-0.12702291","-0.30993696","-0.36782761"," 0.36083251"," 0.34424315","-0.38151764"," 0.07649021"," 0.61848236"
"isoleucylglycine","-0.44813915","-0.28827758"," 0.54795152","-0.14003905"," 0.26456383"," 0.19376099"," 0.02386421"," 0.23034685","-0.45204848"," 0.33809365"," 0.15198455","-0.42206133"
"isovalerylcarnitine","-0.10961124","-0.16079391","-0.04017974"," 0.03090207","-0.40457303","-0.10323079"," 0.58585769","-0.26202103","-0.03145539"," 0.59542697","-0.25529853"," 0.15497694"
"isovalerylglycine","-0.1898484","-0.2905419"," 0.2522551","-0.4026364"," 0.4028461","-0.4375044"," 0.4423819"," 0.5624956","-0.3827212"," 0.5243528","-0.2340059","-0.2470734"
"kynurenine"," 0.3855810"," 0.3318774","-0.5565960"," 0.2899456","-0.2513773","-0.2563870","-0.4308470","-0.4368262"," 0.4326900","-0.3106017"," 0.3591372"," 0.4434040"
"lactate"," 0.4311313","-0.1440025","-0.1456916","-0.1379293"," 0.1312924","-0.5688687","-0.3346884","-0.2132363"," 0.2492836"," 0.0525930"," 0.2600605"," 0.4200559"
"laurylcarnitine","-0.1208113","-0.1047245","-0.1317256","-0.1877080"," 0.1725435"," 0.2714902"," 0.2730178"," 0.6038493","-0.3514558"," 0.1338309","-0.1621559","-0.3961507"
"leucine"," 0.19744394"," 0.24133102","-0.27309893","-0.12507189","-0.18784891","-0.33173513","-0.41282116"," 0.12438610"," 0.38077174","-0.28759873"," 0.08706312"," 0.58717884"
"leucylglycine","-0.51648863","-0.34625342"," 0.13343416","-0.15276737"," 0.30792777"," 0.25239033"," 0.34064631"," 0.17021910","-0.27841446"," 0.48351137","-0.09023089","-0.30397428"
"linoleate (18:2n6)","-0.16999455","-0.17554658"," 0.22449518"," 0.08078821"," 0.39530420"," 0.21926206"," 0.11199440"," 0.15459073","-0.31899578"," 0.46741722","-0.53258278","-0.45673230"
"linolenate [alpha or gamma; (18:3n3 or 6)]"," 0.044096441"," 0.169772187"," 0.370309065"," 0.370371337"," 0.347463778"," 0.200262782","-0.024235583"," 0.005573861","-0.505179988"," 0.217648712","-0.629628663","-0.566453930"
"linoleoylcarnitine*"," 0.41406094"," 0.02570388","-0.16036717"," 0.02060992","-0.17911199","-0.43798765","-0.40640699"," 0.41218199"," 0.03888723","-0.43737170"," 0.14778918"," 0.56201235"
"lysine"," 0.141391459"," 0.090583215","-0.235246080","-0.095056507","-0.208463860","-0.379085567","-0.366774191","-0.302417855"," 0.476934265"," 0.002291973"," 0.254928716"," 0.620914433"
"malate"," 0.23559416"," 0.11723127","-0.57410613"," 0.07362548","-0.39659136"," 0.04616351","-0.09461998","-0.10930347"," 0.37219211","-0.34334933"," 0.24726988"," 0.42589387"
"malonylcarnitine","-0.3516161","-0.4446329"," 0.2346355","-0.3134571"," 0.2573644"," 0.2091490"," 0.3547859"," 0.1711285","-0.4155404"," 0.5553671","-0.1514953","-0.1056887"
"maltose","-0.01719139","-0.03383629","-0.14206601","-0.27375403"," 0.72156851"," 0.13706283"," 0.17778637","-0.27843149","-0.13096701"," 0.03334695","-0.15141035","-0.04210808"
"maltotriose","-0.25253420","-0.01871904","-0.02495048","-0.35578495"," 0.64421505"," 0.29624660"," 0.34227388","-0.09326624","-0.19894372"," 0.14468048","-0.18708463","-0.29613275"
"mannitol/sorbitol","-0.05980941","-0.19863461","-0.23556839","-0.54304302"," 0.16535090"," 0.15614395","-0.11564003"," 0.10747211"," 0.12903999","-0.03571092"," 0.45695698"," 0.17344245"
"mannose"," 0.25613291"," 0.39532781","-0.47593374"," 0.01118287","-0.08032326","-0.33509929","-0.12823694","-0.43437012"," 0.49025428","-0.16541574","-0.05758504"," 0.52406626"
"margarate (17:0)","-0.2816490","-0.4828246","-0.2338848","-0.2800455"," 0.1969170"," 0.0819089"," 0.3101955"," 0.3642506"," 0.1854133"," 0.5171754","-0.2191755","-0.1582812"
"mead acid (20:3n9)","-0.31441020","-0.46865124","-0.03989569","-0.02441287"," 0.06062239"," 0.08249457"," 0.20113914","-0.01898318"," 0.06566628"," 0.53134876"," 0.12051669","-0.19543466"
"methionine"," 0.115418980"," 0.004483556","-0.415381458","-0.358402233","-0.197008402","-0.060037724","-0.155064075","-0.103003398"," 0.458473091"," 0.106409321"," 0.019493801"," 0.584618542"
"methionine sulfoxide"," 0.3581601"," 0.2988040","-0.1246451"," 0.1313680","-0.3970443","-0.5031022","-0.4528095","-0.1939352"," 0.4968978","-0.2700703"," 0.2559011"," 0.4004756"
"methylmalonate (MMA)"," 0.14467776","-0.16499006","-0.37417246"," 0.19795088"," 0.03428033"," 0.19409994","-0.47112504","-0.35538946"," 0.28745399"," 0.16260442"," 0.52887496","-0.18426525"
"methylphosphate"," 0.29678663"," 0.21905497"," 0.11320186"," 0.03467328","-0.21209709","-0.37884159","-0.48677492","-0.26133618"," 0.51322508","-0.09595275"," 0.03513224"," 0.22292847"
"methylsuccinate"," 0.06566104","-0.31888837"," 0.21254092","-0.46348563"," 0.47020226"," 0.20461323"," 0.19935873"," 0.33361336","-0.42638493"," 0.38775101","-0.52979774","-0.13518389"
"myo-inositol"," 0.22756784"," 0.49663502","-0.11654190","-0.03636297","-0.07367835","-0.04219930","-0.50336498","-0.36479558"," 0.28526240","-0.46948946"," 0.17876110"," 0.41820620"
"myristate (14:0)","-0.4484346","-0.3953537","-0.1773841","-0.3385428"," 0.5515654"," 0.4282271"," 0.2855779"," 0.2635316","-0.1763922"," 0.4035719","-0.2389663","-0.1574002"
"myristoleate (14:1n5)","-0.4254214","-0.2589637","-0.3272753","-0.3425050"," 0.5745786"," 0.3775574"," 0.1957077"," 0.2291810","-0.2122887"," 0.3661309","-0.1180679","-0.0586334"
"myristoylcarnitine","-0.20981538","-0.19715494"," 0.06795549","-0.27424638"," 0.29272677"," 0.18943916"," 0.11782089"," 0.59543280","-0.40456720"," 0.08865967","-0.13249457","-0.13375630"
"N-acetylalanine"," 0.45837705"," 0.26351729"," 0.12663114"," 0.05311609","-0.29342823","-0.40928823","-0.54162295","-0.33110803"," 0.29086745","-0.25727984"," 0.25060544"," 0.38961284"
"N-acetylarginine","-0.40491923","-0.39484191"," 0.02287833","-0.30359348"," 0.26171094"," 0.59508077"," 0.53254845"," 0.35773865","-0.35595597"," 0.34975799","-0.33571177","-0.32469277"
"N-acetylasparagine","-0.01546893","-0.05515722"," 0.52670022"," 0.13898100","-0.17193615"," 0.12360969","-0.45964768","-0.47329978"," 0.17986166","-0.31158701"," 0.25150874"," 0.26643545"
"N-acetylaspartate (NAA)"," 0.13930998","-0.06917743"," 0.61550745"," 0.10155378","-0.14289772","-0.38449255","-0.29958775","-0.21644980","-0.05998735","-0.12776783"," 0.30708505"," 0.13690418"
"N-acetylglutamate","-0.20698495","-0.23180195"," 0.24017428","-0.13708553"," 0.10395154"," 0.09738159"," 0.08695715"," 0.26283683","-0.54076467"," 0.45923533","-0.08523656","-0.04866306"
"N-acetylglutamine"," 0.259167418"," 0.008284455"," 0.489273282"," 0.105920716"," 0.318188233"," 0.014288264","-0.448864415","-0.510726718","-0.038839033","-0.382980207"," 0.122387069"," 0.063900936"
"N-acetylglycine","-0.02087742","-0.40429142","-0.08082996","-0.11867408"," 0.59570858"," 0.23663265"," 0.11511148"," 0.43301157","-0.24101658","-0.09438017","-0.20910735","-0.21128730"
"N-acetylhistidine"," 0.162378377","-0.103819639"," 0.337135956","-0.059360494"," 0.192150531"," 0.028562875"," 0.001084702","-0.662864044"," 0.004950830","-0.106561872"," 0.088125447"," 0.118217330"
"N-acetylleucine","-0.22570411","-0.07485181"," 0.54339760","-0.30088789"," 0.60780345","-0.11139380"," 0.32991805","-0.39219655"," 0.05666537","-0.26524427","-0.15619907","-0.01130695"
"N-acetylmethionine"," 0.3198987"," 0.3223142"," 0.0463818"," 0.3503378","-0.4789014","-0.5245387","-0.4630167","-0.5433909"," 0.4566091","-0.3461014"," 0.4387821"," 0.4216255"
"N-acetylneuraminate"," 0.3527840"," 0.3734590","-0.4524797"," 0.1751084","-0.4388051","-0.2910251","-0.3576038","-0.3554942"," 0.4757146","-0.2890661"," 0.2598876"," 0.5475203"
"N-acetylphenylalanine","-0.36520668","-0.42369862"," 0.05415278","-0.33018960"," 0.36918727"," 0.44630301"," 0.57630138"," 0.25309043","-0.26623222"," 0.44355898","-0.40344991","-0.35381679"
"N-acetylputrescine"," 0.2102780"," 0.4172909","-0.4854277","-0.1323128"," 0.5145723","-0.2495031","-0.2117270","-0.4661164"," 0.4186967","-0.2267764","-0.1308452"," 0.3418706"
"N-acetylserine"," 0.2166876","-0.1076663"," 0.4544700"," 0.1423588","-0.5455300","-0.2382416","-0.3354744","-0.3897270"," 0.2077646","-0.1388008"," 0.3086434"," 0.4255157"
"N-acetyltaurine","-0.24910018","-0.23758330"," 0.32588477","-0.41339160"," 0.19622893"," 0.27323405"," 0.48901959"," 0.09998574","-0.38379891"," 0.58660840","-0.32915866","-0.35792884"
"N-acetylthreonine"," 0.02667944","-0.05282946"," 0.70971378","-0.29028622","-0.24591603","-0.25933185","-0.05889210"," 0.18423064"," 0.02080050","-0.12440343"," 0.05133088"," 0.03890385"
"N-alpha-acetylornithine"," 0.07820939","-0.02919130"," 0.36659498","-0.26157194"," 0.07776232"," 0.16072816"," 0.14653856"," 0.18603188","-0.04269384","-0.63340502","-0.35607706"," 0.30707386"
"N-delta-acetylornithine"," 0.56834669"," 0.56235736"," 0.39629714"," 0.47549831","-0.06589167"," 0.06848999","-0.30141192","-0.41392302","-0.23090686","-0.27508401","-0.43165331","-0.35211869"
"N-formylmethionine","-0.18751760","-0.36211534"," 0.16914927","-0.27587049","-0.16059894"," 0.63788466"," 0.62761113","-0.09166324","-0.32537028"," 0.46759533","-0.29550982","-0.20359466"
"N-glycolylneuraminate","-0.43567827","-0.37498186","-0.07309412","-0.33863752"," 0.33779867"," 0.55674292"," 0.39124460"," 0.34206211","-0.44325708"," 0.41007022","-0.24087420","-0.13139546"
"N-methyl-4-aminobutyric acid"," 0.23912161"," 0.07996284"," 0.34165365"," 0.17795680","-0.24015188"," 0.07577725"," 0.15730787"," 0.10621138","-0.65834635"," 0.10535655"," 0.02186298","-0.40671270"
"N-monomethylarginine"," 0.1918262929"," 0.0496394369","-0.8081737071","-0.0584020929"," 0.1911557435"," 0.1243213000"," 0.0974355854","-0.0005477516"," 0.0728909196"," 0.0919504039"," 0.0720306552","-0.0241267857"
"N-palmitoyl-sphinganine (d18:0/16:0)","-0.41799682","-0.02340075","-0.02986601","-0.36826068"," 0.33526489"," 0.22756969"," 0.25014014"," 0.17398516","-0.44429810"," 0.55570190","-0.10333156","-0.15550786"
"N-palmitoyl-sphingosine (d18:1/16:0)","-0.41792736","-0.38286209"," 0.37592328","-0.10003711"," 0.02663010"," 0.50505007"," 0.28051543","-0.03111123","-0.49494993"," 0.35856084"," 0.11706478","-0.23685679"
"N1-Methyl-2-pyridone-5-carboxamide"," 0.11250934","-0.08562831"," 0.50841123","-0.49158877","-0.37853651"," 0.45052515","-0.02818951"," 0.30925184","-0.20386599"," 0.34613835","-0.06461466","-0.47441218"
"N1-methyladenosine"," 0.33425234","-0.33839685"," 0.42442097"," 0.08864837"," 0.18982427"," 0.07552832"," 0.03311847"," 0.11086285","-0.09019877","-0.12364834","-0.12883260","-0.57557903"
"N2-acetyllysine/N6-acetyllysine"," 0.22771480"," 0.21593456"," 0.20810338"," 0.18100014"," 0.08463930"," 0.07017975","-0.77228520"," 0.14576720"," 0.19112409","-0.73806423"," 0.01824633"," 0.16763988"
"N6,N6,N6-trimethyllysine"," 0.37111184"," 0.26511355","-0.19720901"," 0.06095477","-0.20402502","-0.47122270","-0.37136860","-0.32964658"," 0.52877730","-0.25698016"," 0.11415097"," 0.49034363"
"N6-carboxymethyllysine"," 0.344502274"," 0.370756703","-0.007627849"," 0.263290969"," 0.117226204"," 0.187253983"," 0.061197815"," 0.084582178","-0.319814675"," 0.043918693","-0.629243297","-0.516042996"
"N6-succinyladenosine"," 0.21236502"," 0.37408741","-0.19364450"," 0.12157988","-0.06237252","-0.45079296","-0.06780461","-0.26035610"," 0.34940859","-0.62591259"," 0.36051709"," 0.24292527"
"nicotinamide","-0.51071337","-0.21808288"," 0.08193888","-0.41477288"," 0.36777073"," 0.45735936"," 0.33340134"," 0.24056569","-0.34710737"," 0.48928663","-0.31720504","-0.16244108"
"nicotinamide adenine dinucleotide (NAD+)"," 0.21054851","-0.18179068"," 0.52695950","-0.08763610","-0.47304050"," 0.28272639"," 0.05330343"," 0.12728681","-0.08259105","-0.43807944"," 0.17161056","-0.10929742"
"nicotinamide riboside","-0.59480486"," 0.09144091","-0.22682261","-0.02402924"," 0.40519514"," 0.13077935"," 0.13391264","-0.10652419"," 0.28844555"," 0.05626383","-0.01374606","-0.14011045"
"nonadecanoate (19:0)"," 0.005769394","-0.507495172"," 0.153472993"," 0.006080923"," 0.183526628"," 0.135133475"," 0.356225504"," 0.364220509","-0.088873598"," 0.433010907","-0.566989093","-0.474082470"
"O-sulfo-L-tyrosine","-0.17561757","-0.18385268","-0.50052765","-0.27519757"," 0.35148266"," 0.49947235"," 0.21706343"," 0.22056128","-0.06784881"," 0.23391281","-0.26876192","-0.05068632"
"octanoylcarnitine","-0.422237467","-0.212253839"," 0.002166353","-0.076396509"," 0.287807887","-0.006610661"," 0.391279195"," 0.577762533","-0.417377232"," 0.102629331"," 0.043918330","-0.270687921"
"oleamide","-0.53416302","-0.15536436"," 0.37018965"," 0.15765417","-0.09144763","-0.08474438","-0.07603277","-0.03715211","-0.53306831"," 0.46583698"," 0.38839123"," 0.12990053"
"oleate/vaccenate (18:1)","-0.35295545","-0.42874294","-0.09302753","-0.24761000"," 0.12895943"," 0.02225683"," 0.25157435"," 0.34920541"," 0.02654193"," 0.57125706","-0.13762189","-0.08983722"
"oleoyl ethanolamide","-0.418397885","-0.579855595"," 0.004175429","-0.281113217","-0.256652998"," 0.206963719"," 0.420144405"," 0.357095946"," 0.131297972"," 0.403848908"," 0.013996853","-0.001503537"
"oleoylcarnitine"," 0.24663847","-0.26013695","-0.56724111","-0.24296130"," 0.03557994","-0.33707447","-0.18792919"," 0.43275889"," 0.22044961","-0.06962453"," 0.31226681"," 0.41727382"
"ornithine"," 0.38962724"," 0.14049932","-0.35546269","-0.20960736"," 0.57985782","-0.22415436","-0.07690582","-0.42014218"," 0.05033262"," 0.01011800","-0.08391336"," 0.19975077"
"orotate"," 0.3226184"," 0.3196083","-0.1793402"," 0.2832403","-0.5027730"," 0.2435444","-0.6327066","-0.5314648"," 0.3672934","-0.3635819"," 0.3168342"," 0.3567273"
"orotidine"," 0.3014711"," 0.3339382"," 0.2390152"," 0.2359023","-0.4331259","-0.5240565","-0.4260073","-0.5575858"," 0.4396417","-0.4049931"," 0.3533859"," 0.4424142"
"oxalate (ethanedioate)","-0.001062055"," 0.079220105"," 0.061719313","-0.345968427","-0.577333629"," 0.025429567","-0.190435389"," 0.422666371"," 0.066674624"," 0.390057544","-0.137944752"," 0.206976727"
"p-cresol sulfate"," 0.06012752","-0.16396298","-0.20741864","-0.49757774"," 0.32343666"," 0.16471531"," 0.38855196"," 0.33782337","-0.61144804"," 0.27697891","-0.09648242"," 0.02525607"
"p-cresol-glucuronide*"," 0.08417042","-0.29397400","-0.07600657","-0.39062974"," 0.25766963"," 0.52947761"," 0.29728009","-0.29181855","-0.47052239"," 0.35538534","-0.05167508"," 0.05064323"
"palmitate (16:0)","-0.44248492","-0.46004956","-0.02040065","-0.25002501"," 0.36129070"," 0.21173348"," 0.37242113"," 0.39447805","-0.10448003"," 0.53995044","-0.30377134","-0.29866230"
"palmitoleate (16:1n7)","-0.41454039","-0.25714281","-0.09975043","-0.16573266"," 0.58545961"," 0.36888175"," 0.14847214"," 0.23848324","-0.21526096"," 0.49556854","-0.38453803","-0.29990001"
"palmitoyl dihydrosphingomyelin (d18:0/16:0)*","-0.50421302","-0.26091177"," 0.14291232","-0.33753715"," 0.26108474"," 0.28994716"," 0.20258260"," 0.14790412","-0.53521122"," 0.46478878"," 0.01131874"," 0.11733470"
"palmitoyl ethanolamide","-4.353636e-01","-5.571990e-01"," 1.068278e-01","-2.483269e-01"," 7.704905e-05"," 2.871914e-01"," 4.428010e-01"," 4.394803e-01","-6.754996e-02"," 3.901192e-01","-1.843396e-01","-1.737176e-01"
"palmitoyl sphingomyelin (d18:1/16:0)","-0.56772761","-0.00476071"," 0.43227239","-0.28449354","-0.13486052"," 0.10557693","-0.03650996","-0.12262377","-0.12114678"," 0.24392495"," 0.08742927"," 0.40291936"
"palmitoylcarnitine"," 0.1710292","-0.2391663"," 0.2363418","-0.3894448"," 0.2003572","-0.1918816","-0.1964716"," 0.6105552","-0.2616433","-0.2023066"," 0.1619562"," 0.1006747"
"pantothenate","-0.2122800","-0.1532753"," 0.2348028","-0.1831476"," 0.1791581"," 0.3872037"," 0.3208344"," 0.3397214","-0.6127963"," 0.2546091","-0.3401940","-0.2146362"
"phenol sulfate"," 0.32252994"," 0.18913512"," 0.31761887"," 0.27253810"," 0.09902971","-0.66797062"," 0.21342796","-0.18748524","-0.17019991"," 0.33202938","-0.21302965","-0.50762367"
"phenylacetylglycine"," 0.13975344","-0.20294530"," 0.18950363","-0.02515123"," 0.23397743","-0.05670124"," 0.10692347"," 0.22112522","-0.61501945"," 0.38498055","-0.10107813","-0.27536841"
"phenylalanine"," 0.24996233"," 0.27492761","-0.26212116","-0.03477777","-0.22316945","-0.41413864","-0.45715716","-0.30257700"," 0.49740241","-0.13100399"," 0.25980997"," 0.54284284"
"phenylalanylglycine","-0.59660395","-0.18354927"," 0.36537012","-0.27627642"," 0.39864438"," 0.09465200"," 0.26957295"," 0.40339605","-0.15940895"," 0.30811138","-0.09855463","-0.52535369"
"phenyllactate (PLA)","-0.18001258","-0.38401294"," 0.24603757","-0.34176347","-0.02863523"," 0.39642423"," 0.51006347"," 0.41630604"," 0.08328032","-0.48993653","-0.04268674","-0.18506415"
"phosphate","-0.11058238","-0.07777763"," 0.58308655","-0.27271119","-0.17643222","-0.10017724","-0.14880865","-0.41691345","-0.03539984"," 0.23366465"," 0.10445731"," 0.41759411"
"phosphoenolpyruvate (PEP)"," 0.33541392"," 0.19918302"," 0.34512230"," 0.26695373","-0.23735155","-0.52967046","-0.43280198","-0.44377525","-0.02261919","-0.17225336"," 0.47032954"," 0.22146929"
"phosphoethanolamine","-0.3571334321","-0.1901520841"," 0.6428665679"," 0.0515064175","-0.0786798844"," 0.0430688878","-0.1955384364"," 0.0602385741","-0.2261629640","-0.0362247758"," 0.2869042364","-0.0006931068"
"phosphopantetheine","-0.41053521","-0.28947912","-0.41449513","-0.25772392","-0.05969858"," 0.58550487"," 0.48867740"," 0.37203605","-0.16130867"," 0.25637635","-0.07984943","-0.02950461"
"pipecolate"," 0.4005948"," 0.3565124","-0.1719095"," 0.2497424","-0.4423188","-0.3837450","-0.4470723","-0.4539108"," 0.5332248","-0.4667752"," 0.3038007"," 0.5218565"
"pro-hydroxy-pro"," 0.45192237","-0.09848964","-0.14534305"," 0.18638053","-0.04834957","-0.09919705","-0.12671310"," 0.13147554"," 0.05180620","-0.54807763","-0.08465308"," 0.32923847"
"proline","-0.02069269","-0.26668803"," 0.22555466","-0.33998687","-0.40622547","-0.31606285"," 0.06324815","-0.03601917"," 0.16480628"," 0.21078796"," 0.12750349"," 0.59377453"
"prolylglycine"," 0.171827088"," 0.008032605"," 0.423783291"," 0.165742769","-0.262172869","-0.126680571","-0.293335236","-0.104063813"," 0.237595193","-0.576216709"," 0.267648595"," 0.087839656"
"propionylcarnitine","-0.07795887","-0.54741678","-0.07788532","-0.39207290"," 0.06448228"," 0.44492745"," 0.45258322"," 0.21956779","-0.24872169"," 0.33312378","-0.12954070","-0.04108826"
"pseudouridine"," 0.099799508","-0.248573912"," 0.549969336"," 0.005425149"," 0.141971100"," 0.272348125","-0.060444764"," 0.228031294","-0.450030664","-0.032679269","-0.134700785","-0.371115119"
"putrescine"," 0.2405827"," 0.3258919","-0.5775921"," 0.1979766","-0.3129140","-0.2048655","-0.2125055","-0.3951881"," 0.4224079","-0.1647468"," 0.2775500"," 0.4034029"
"pyridoxal"," 0.20699492"," 0.31244413"," 0.09782477"," 0.29186008","-0.58605904","-0.40792996","-0.33684831","-0.41682796"," 0.34679471","-0.17584428"," 0.25364997"," 0.41394096"
"pyridoxamine"," 0.195645622","-0.107595038","-0.543122252","-0.143942596"," 0.122437128","-0.009860422"," 0.064144946","-0.241036419"," 0.041191077"," 0.456877748"," 0.023068595"," 0.142191610"
"pyridoxamine phosphate"," 0.1621451"," 0.3079311","-0.2778223"," 0.2116884","-0.3430809","-0.1622699","-0.3573106","-0.5667960"," 0.3717729","-0.1370701"," 0.3576082"," 0.4332040"
"pyridoxate"," 0.04463232","-0.64375838"," 0.35624162","-0.18015082"," 0.34587744"," 0.04694077"," 0.23133885","-0.02703888"," 0.03374059"," 0.21519124","-0.17741173","-0.24560302"
"pyroglutamine*","-0.14934986"," 0.02301759","-0.29584788","-0.36879921"," 0.33208278"," 0.35933815"," 0.43958704"," 0.28919164","-0.15577738"," 0.27558448","-0.56041296","-0.18861439"
"retinol (Vitamin A)","-0.4144438","-0.4428332","-0.3997411","-0.1208802"," 0.3405152"," 0.5571668"," 0.3998539"," 0.4120092","-0.3841916"," 0.3507109","-0.0960776","-0.2020884"
"ribitol","-0.26746053","-0.50381117"," 0.49618883","-0.32898214"," 0.46764001"," 0.41393353"," 0.05862611","-0.04878670","-0.10600443"," 0.21120869","-0.16563489","-0.22691731"
"riboflavin (Vitamin B2)"," 0.32377595","-0.12105474","-0.58075929","-0.25854157"," 0.41924071"," 0.12563276"," 0.17958224"," 0.03099993","-0.03363339"," 0.08812886","-0.12980418","-0.04356727"
"ribonate"," 0.19017733","-0.01329791"," 0.15974821","-0.20511484"," 0.54015515","-0.45984485","-0.17778085","-0.22554503"," 0.08592632","-0.25437723"," 0.11431287"," 0.24564082"
"ribose"," 0.23588808"," 0.11812307","-0.76411192","-0.20424554"," 0.21782906"," 0.10383617"," 0.09942002","-0.04803653"," 0.23199644"," 0.01778082","-0.22533347"," 0.21685381"
"ribulose 5-phosphate","-0.496842775","-0.090647845"," 0.503157225","-0.132882497"," 0.188947935"," 0.012928809"," 0.089371422","-0.092267911","-0.080852266"," 0.047217879"," 0.045675390"," 0.006194633"
"S-adenosylhomocysteine (SAH)"," 0.17611879"," 0.20039484","-0.42285042"," 0.08620965","-0.22529260","-0.31761824","-0.30251640","-0.48482633"," 0.32903612"," 0.18422441"," 0.26194652"," 0.51517367"
"S-adenosylmethionine (SAM)"," 0.087580641"," 0.154145011","-0.156929581","-0.032172514","-0.066361411","-0.008618504","-0.666691794"," 0.033795144"," 0.333308206","-0.023212799"," 0.083691286"," 0.261466316"
"saccharopine"," 0.05839268","-0.04676839","-0.68608870","-0.12918084"," 0.01002983"," 0.08539921"," 0.06974654","-0.05850962"," 0.31391130","-0.05406115"," 0.14947772"," 0.28765142"
"salicylate","-0.18279556","-0.13425204","-0.33778541","-0.43759154"," 0.39094901"," 0.42648740"," 0.45267310"," 0.25040717"," 0.03225365"," 0.17158876","-0.54732690","-0.08460764"
"sarcosine (N-Methylglycine)"," 0.11706440","-0.21585249"," 0.37644571"," 0.26882139","-0.24183975"," 0.05670553","-0.30382756"," 0.15123554","-0.12119696"," 0.20482750"," 0.33117099","-0.62355429"
"sebacate (decanedioate)","-0.45485797","-0.33282786","-0.27210239","-0.19873940"," 0.39144118"," 0.48188225"," 0.54514203"," 0.13374170","-0.25151491"," 0.22619867","-0.23015192","-0.03821139"
"sedoheptulose-7-phosphate","-0.37078184","-0.16708124"," 0.35718698","-0.22709253"," 0.43024368"," 0.29257533"," 0.13826603","-0.01745893","-0.56975632"," 0.20859594","-0.11161078"," 0.03691366"
"serine"," 0.21653906"," 0.07726978","-0.44999064","-0.30227602","-0.26409493"," 0.01797358","-0.17618942","-0.04732006"," 0.34221244","-0.05918412"," 0.09505095"," 0.55000936"
"spermidine","-0.16505859","-0.26066789","-0.51367185","-0.21533882"," 0.20019629"," 0.27702544"," 0.31667107"," 0.21657961","-0.04593003"," 0.48632815","-0.15161814","-0.14451524"
"sphinganine","-0.32563666","-0.48778069"," 0.19810446","-0.28244232"," 0.34063439"," 0.41359618"," 0.45357578"," 0.17019371","-0.54642422"," 0.38448919","-0.04739181","-0.27091802"
"sphingomyelin (d18:1/14:0, d16:1/16:0)*"," 0.2984200"," 0.3614866","-0.5761494"," 0.1330854","-0.3061949","-0.2127308","-0.2538067","-0.3124046"," 0.4027762","-0.2375469"," 0.2792144"," 0.4238506"
"sphingomyelin (d18:1/15:0, d16:1/17:0)*","-0.13415216","-0.09691591","-0.58913554","-0.42367685","-0.01265465"," 0.13902614"," 0.18889893"," 0.10950289"," 0.02575340"," 0.41086446"," 0.03658932"," 0.34589996"
"sphingomyelin (d18:1/17:0, d17:1/18:0, d19:1/16:0)","-0.09398351"," 0.05422429","-0.64176262","-0.18013284"," 0.00408943"," 0.14565643","-0.03908398","-0.03691242"," 0.15946010"," 0.23005981"," 0.04014792"," 0.35823738"
"sphingomyelin (d18:1/18:1, d18:2/18:0)","-0.43102855","-0.29237409","-0.53651680","-0.41160852"," 0.29932478"," 0.46348320"," 0.34243377"," 0.33979920","-0.15377886"," 0.33322021","-0.04885702"," 0.09590269"
"sphingomyelin (d18:1/20:0, d16:1/22:0)*","-0.46316941","-0.31349599","-0.11463822","-0.37419323"," 0.39148702"," 0.50156069"," 0.11998398"," 0.28524543","-0.34523197"," 0.53683059","-0.24029236"," 0.01591348"
"sphingomyelin (d18:1/20:1, d18:2/20:0)*","-0.4590206","-0.3411510","-0.2977857","-0.3822696"," 0.3779384"," 0.5409794"," 0.4615744"," 0.3510640","-0.3122693"," 0.3709975","-0.1877383","-0.1223194"
"sphingomyelin (d18:1/21:0, d17:1/22:0, d16:1/23:0)*","-0.41119713","-0.28260566"," 0.09464396","-0.33888973"," 0.29179184"," 0.38764626"," 0.31229559"," 0.29719695","-0.45522843"," 0.54477157","-0.35707330","-0.08335191"
"sphingomyelin (d18:1/22:1, d18:2/22:0, d16:1/24:1)*","-0.452130022","-0.304396111","-0.384360009","-0.464373500"," 0.434947130"," 0.535626500"," 0.423958213"," 0.426965056","-0.334183421"," 0.402192936","-0.276237365","-0.008009406"
"sphingomyelin (d18:1/24:1, d18:2/24:0)*","-0.301663661","-0.159397157"," 0.003621854","-0.428737053"," 0.216627273"," 0.317079880"," 0.381472989"," 0.117178278","-0.472516502"," 0.527483498","-0.285425131"," 0.084275730"
"sphingomyelin (d18:2/16:0, d18:1/16:1)*"," 0.17438489"," 0.25500357","-0.68993363","-0.03751251","-0.15012809","-0.01639433"," 0.01078660","-0.04759922"," 0.21548002","-0.12214757"," 0.09799389"," 0.31006637"
"sphingomyelin (d18:2/23:0, d18:1/23:1, d17:1/24:1)*","-0.51809203","-0.41035822","-0.04154058","-0.42663178"," 0.40749312"," 0.48190797"," 0.46836024"," 0.38665815","-0.39118520"," 0.44391566","-0.31646339","-0.08406395"
"sphingomyelin (d18:2/24:1, d18:1/24:2)*","-0.12290817"," 0.02502559","-0.52297367","-0.39949949"," 0.28194805"," 0.36401274"," 0.46556581"," 0.22019074","-0.53443419"," 0.35420161","-0.28863029"," 0.15750126"
"sphingosine"," 0.15219296"," 0.12441230"," 0.65362771"," 0.25996655","-0.22507654","-0.30286483","-0.33988458","-0.28956514","-0.05843132","-0.34637229"," 0.22490298"," 0.14709224"
"stachydrine"," 0.4831821286"," 0.4771033534"," 0.5002301412"," 0.4316626749"," 0.0924286560","-0.4948138272","-0.3303926939","-0.3419794813"," 0.0003463887","-0.2606538197","-0.0573436618","-0.4997698588"
"stearate (18:0)","-0.40120761","-0.52083395","-0.19083030","-0.38761524"," 0.22574797"," 0.24767906"," 0.46071531"," 0.38252637"," 0.08884277"," 0.47916605","-0.23175943","-0.15243099"
"stearidonate (18:4n3)","-0.17383250"," 0.33668304"," 0.28642041"," 0.38437817"," 0.36053558"," 0.34519290","-0.22413315"," 0.15755887","-0.61562183"," 0.02565884","-0.53244264","-0.35039770"
"stearoyl ethanolamide","-0.48731773","-0.43151101","-0.06038908","-0.26814664"," 0.33599454"," 0.51268227"," 0.43708540"," 0.28431111","-0.33292537"," 0.34022814","-0.15646142","-0.17355021"
"stearoyl sphingomyelin (d18:1/18:0)","-0.37472004","-0.31038277","-0.50025461","-0.45837226"," 0.30850449"," 0.45334846"," 0.27520113"," 0.26726926","-0.20875931"," 0.49974539","-0.08786576"," 0.13628601"
"stearoylcarnitine"," 0.5495644"," 0.1142077","-0.3218314"," 0.1021864","-0.2751707","-0.4471016","-0.4410293","-0.2678227"," 0.4115179","-0.3234802"," 0.3460611"," 0.5528984"
"succinate","-0.54799083","-0.05101710"," 0.10096043","-0.47860869"," 0.20277978"," 0.19346895"," 0.25461090"," 0.45200917","-0.14155525"," 0.24429799","-0.25564539"," 0.02669005"
"succinylcarnitine","-0.36642675","-0.20904397","-0.05645693","-0.32416285"," 0.20211346"," 0.39560435"," 0.25713485"," 0.37288192","-0.48102293"," 0.51897707","-0.26297922","-0.04661900"
"sucrose","-0.35135650","-0.32870476","-0.17070198","-0.15523985"," 0.54741342"," 0.64864350"," 0.04772241","-0.02838838","-0.05719138"," 0.18503926","-0.14445386","-0.19278188"
"sulfate*","-0.43449932","-0.26173779"," 0.04737766","-0.27121129","-0.17179367"," 0.52813586"," 0.39397473"," 0.56550068","-0.23478024"," 0.40350648","-0.32810979","-0.23636332"
"tartronate (hydroxymalonate)"," 0.434426202","-0.073056708","-0.007313894","-0.317702147","-0.366835070","-0.233221469"," 0.028180706"," 0.119799296","-0.414326328"," 0.505589504","-0.261213763"," 0.585673672"
"taurine","-0.4353143","-0.4009691","-0.0506394","-0.4301727"," 0.3551195"," 0.4971606"," 0.4548094"," 0.2877475","-0.4300641"," 0.5646857","-0.2923492","-0.1200140"
"tauro-beta-muricholate"," 0.415843306","-0.014760434","-0.031797235"," 0.138536958"," 0.643217245","-0.229198667","-0.178826564","-0.109776280","-0.356782755"," 0.005735792","-0.139297926","-0.142893439"
"taurocholate"," 0.462044502","-0.066947677","-0.002272283"," 0.140741885"," 0.637561175","-0.117017279","-0.222529808","-0.081567779","-0.362438825","-0.047048357","-0.145871081","-0.194654472"
"taurocyamine","-0.394661827","-0.515701054"," 0.003472154","-0.376283195"," 0.445075047"," 0.357561596"," 0.396538236"," 0.350877727","-0.303853534"," 0.484298946","-0.406304889","-0.041019206"
"taurodeoxycholate"," 0.22791086","-0.22013870","-0.24172808","-0.12322766"," 0.56431151"," 0.16446738"," 0.18576475"," 0.05358120"," 0.09703192"," 0.08149442","-0.43568849","-0.35377911"
"tetradecanedioate","-0.48797882","-0.21161309","-0.25433475","-0.32713893"," 0.34974513"," 0.51202118"," 0.17661695"," 0.24097375","-0.24846676"," 0.31128059","-0.10265133"," 0.04154609"
"thiamin (Vitamin B1)"," 0.1960109759","-0.0036310040"," 0.2687891850"," 0.1173155842","-0.0004823219"," 0.0061045037"," 0.0158221864","-0.7312108150"," 0.0072585757"," 0.0453131353"," 0.0724421473"," 0.0062678474"
"thiamin monophosphate","-0.04351911"," 0.09397492"," 0.67819553"," 0.15937028","-0.03241733","-0.27843961","-0.32180447","-0.31647281"," 0.07774416","-0.04215658","-0.01864981"," 0.04417484"
"threonate","-0.14182351"," 0.35281832"," 0.08384312","-0.09159288","-0.26942434","-0.05346963","-0.42003402","-0.22606547"," 0.57894072","-0.42105928"," 0.26348419"," 0.34438279"
"threonine"," 0.12253314"," 0.05723585","-0.36069341","-0.18971666","-0.36643515","-0.17069289","-0.27244380","-0.21723160"," 0.55849856"," 0.01472602"," 0.19065508"," 0.63356485"
"thymidine","-0.04904446"," 0.53229195"," 0.32533371","-0.13742419","-0.11567948","-0.20056057","-0.23859345"," 0.11234835"," 0.30290568","-0.46770805","-0.17161741"," 0.10774793"
"tiglylcarnitine"," 0.04201182","-0.58092824"," 0.24608525","-0.45128268"," 0.38318441"," 0.26813574"," 0.30339551"," 0.37049051","-0.37500279"," 0.18952818","-0.61681559"," 0.22119788"
"trans-4-hydroxyproline"," 0.04937487","-0.11576155","-0.44541052","-0.17458833","-0.05550888"," 0.06152325"," 0.05553969"," 0.32010739"," 0.01151733"," 0.03025014","-0.29163288"," 0.55458948"
"trans-urocanate","-0.54221873","-0.36064931"," 0.15874681","-0.02218377"," 0.02690213"," 0.17479793"," 0.31122915"," 0.45778127","-0.15840536"," 0.41440148","-0.22034377","-0.24005784"
"tricosanoyl sphingomyelin (d18:1/23:0)*","-0.3757354","-0.2716844"," 0.1772649","-0.2024094"," 0.2458732"," 0.4019788"," 0.2888484"," 0.2413008","-0.5127588"," 0.4872412","-0.3453505","-0.1345688"
"trigonelline (N'-methylnicotinate)"," 0.45881620"," 0.45041647"," 0.45335852"," 0.40416715"," 0.10361706","-0.42121325","-0.35805770","-0.54118380","-0.26483247","-0.09227487","-0.40588737"," 0.21307407"
"trimethylamine N-oxide"," 0.36647624"," 0.42293636"," 0.29005222"," 0.37015336","-0.57706364"," 0.18110656","-0.36220625"," 0.19357816","-0.21200607","-0.45072074","-0.24123645"," 0.01893027"
"tryptophan","-0.2266513","-0.3114341"," 0.2463642","-0.3071776"," 0.3783534"," 0.3424982"," 0.3125695"," 0.3250163","-0.2977543"," 0.3863947","-0.2345736","-0.6136053"
"tyrosine"," 0.01837234","-0.09593224","-0.27458317"," 0.10752200","-0.45921955"," 0.01039215","-0.08405840","-0.23904284"," 0.25394420","-0.02994756"," 0.25177264"," 0.54078045"
"tyrosylglycine","-0.25682353","-0.29764738","-0.19933395","-0.29874388"," 0.43469091"," 0.49109584"," 0.58618082","-0.02506674","-0.41381918"," 0.48908876","-0.21944830","-0.29017337"
"UDP-galactose","-0.06818720"," 0.09949541"," 0.19896436"," 0.07520004"," 0.36122613"," 0.40977164","-0.58812848","-0.59022836"," 0.17313724","-0.33346874"," 0.08469506"," 0.17752290"
"UDP-glucose","-0.48482149"," 0.12614956"," 0.51517851"," 0.10047866"," 0.37284061","-0.44539435","-0.17925328","-0.28551170"," 0.19759427","-0.11847919"," 0.04703886"," 0.15417954"
"UDP-glucuronate","-0.19915569","-0.35369489"," 0.04388035","-0.50620202","-0.16874571"," 0.42723426"," 0.47442436"," 0.49379798","-0.19284654"," 0.39632892","-0.17210324","-0.24291778"
"UDP-N-acetylgalactosamine","-0.135264613"," 0.343733213"," 0.010106398","-0.005483911","-0.298814270","-0.505717008","-0.079375847","-0.104558434"," 0.494282992","-0.071522885","-0.007577484"," 0.360191849"
"UDP-N-acetylglucosamine","-0.27911526"," 0.26407534"," 0.05352893"," 0.02418670","-0.55242556","-0.20985636","-0.03044768","-0.19672840"," 0.40147517","-0.05744461"," 0.13517728"," 0.44757444"
"uracil"," 0.65671475","-0.23347944","-0.33255993","-0.14645872"," 0.21649016","-0.06048522","-0.34328525","-0.07959600","-0.17920469"," 0.08079741"," 0.05974036"," 0.36132655"
"urate","-0.46143531","-0.62069903","-0.61534437"," 0.02780765"," 0.15153226"," 0.36890929"," 0.30347680"," 0.31587046","-0.06983059"," 0.37930097"," 0.10207083"," 0.11834103"
"urea","-0.27156588","-0.43848100"," 0.04345823","-0.40759997"," 0.18449124"," 0.38564243"," 0.31387763"," 0.09598206","-0.20127621"," 0.56151900","-0.24349426","-0.02255328"
"uridine"," 0.45251843"," 0.28168542"," 0.08728150"," 0.08964416","-0.19547791","-0.46943698","-0.54748157","-0.44027537"," 0.26663133","-0.12425797"," 0.22585910"," 0.37330986"
"uridine 5'-diphosphate (UDP)","-0.512243020"," 0.017649350"," 0.487756980","-0.074700247","-0.097533178"," 0.023966789"," 0.081902674","-0.055638471"," 0.009905097"," 0.054917992","-0.002043439"," 0.066059475"
"uridine 5'-monophosphate (UMP)","-0.5251004","-0.2141577","-0.2406173","-0.3173333"," 0.3331049"," 0.4748996"," 0.4551116"," 0.4029066","-0.2590909"," 0.3741482","-0.2817737","-0.2020974"
"valine"," 0.1788641"," 0.1723410","-0.3707154","-0.1931060","-0.2320414","-0.2713043","-0.2496587","-0.0803360"," 0.4952203","-0.1842047"," 0.1056566"," 0.6292846"
"valylglycine","-0.60947677","-0.38170526"," 0.39052323"," 0.16224846","-0.22003797"," 0.29088766"," 0.11280361"," 0.09702955","-0.37781526"," 0.24753223"," 0.27389410"," 0.01411642"
"xanthine"," 0.23133076"," 0.16360552"," 0.30312582"," 0.09871931","-0.08594285","-0.41793126","-0.51302921","-0.62177946"," 0.23191932"," 0.02737695"," 0.20438455"," 0.37822054"
"xanthosine"," 0.168561563"," 0.049713460"," 0.306368520"," 0.161973377"," 0.298752699"," 0.321960250","-0.678039750","-0.582438331"," 0.061188120","-0.158410738"," 0.004374376"," 0.045996456"
