"","PC1","PC2","PC3","PC4","PC5","PC6","PC7","PC8","PC9","PC10","PC11","PC12"
"1,2-dilinoleoyl-GPC (18:2/18:2)",0.040664,0.066685,-0.033333,0.029356,-0.015371,0.054398,-0.047336,0.06183,-0.028179,0.0026491,-0.038971,0.049071
"1,2-dioleoyl-GPC (18:1/18:1)*",-0.037261,-0.074003,0.050222,-0.032019,0.0088787,0.059668,-0.024055,0.03446,0.0216,-0.0097577,-0.022957,0.35733
"1,2-dioleoyl-GPE (18:1/18:1)",0.043115,-0.027775,0.069869,-0.059093,-0.015228,0.038919,-0.066284,0.022718,0.022006,-0.041763,0.013468,0.073674
"1,2-dipalmitoyl-GPC (16:0/16:0)",-0.012926,0.074083,0.016846,-0.079996,-0.020325,-0.0046011,-0.061341,0.074451,-0.074343,0.014535,0.053689,0.08798
"1,2-distearoyl-GPC (18:0/18:0)",-0.08807,-0.049493,-0.015927,0.015928,0.010462,-0.0043345,-0.02886,-0.0087042,0.0076712,0.0068124,-0.01884,0.15443
"1,5-anhydroglucitol (1,5-AG)",-0.015857,0.084505,-0.065352,-0.087837,-0.079606,0.1278,-0.029316,0.017762,-0.033199,0.079345,0.0074955,0.20852
"1-(1-enyl-oleoyl)-GPE (P-18:1)*",-0.032427,-0.043047,0.046635,0.027775,0.053611,0.042191,0.058707,0.037812,-0.014151,-0.029614,0.0054929,-0.0167
"1-(1-enyl-palmitoyl)-2-arachidonoyl-GPC (P-16:0/20:4)*",-0.077476,-0.048336,-0.016089,-0.0080524,0.0098243,0.010872,-0.044241,0.0086461,0.03203,-0.026602,0.024946,0.15626
"1-(1-enyl-palmitoyl)-2-arachidonoyl-GPE (P-16:0/20:4)*",0.044787,-0.072528,-0.01027,-0.029583,0.038326,0.029639,-0.070182,0.0082951,0.016079,-0.00327,0.018992,-0.038751
"1-(1-enyl-palmitoyl)-2-linoleoyl-GPC (P-16:0/18:2)*",-0.068158,0.028598,0.042271,0.018302,-0.040275,0.038859,-0.0019499,0.014453,-0.017361,0.078761,-0.0063781,0.12144
"1-(1-enyl-palmitoyl)-2-linoleoyl-GPE (P-16:0/18:2)*",0.056619,0.020711,0.0010786,-0.0047555,0.029481,0.042644,-0.040884,0.025919,-0.027314,0.056053,-0.033691,0.075182
"1-(1-enyl-palmitoyl)-2-oleoyl-GPC (P-16:0/18:1)*",-0.040592,0.013837,-0.043282,-0.031907,0.126,-0.058088,0.05423,0.031965,-0.0091825,0.13109,-0.0077465,0.0031928
"1-(1-enyl-palmitoyl)-2-oleoyl-GPE (P-16:0/18:1)*",0.022821,0.071037,0.065395,-0.028076,0.021809,0.071253,-0.029881,-0.00051064,-0.00084618,0.088639,0.055674,-0.0054911
"1-(1-enyl-palmitoyl)-2-palmitoleoyl-GPC (P-16:0/16:1)*",-0.016465,-0.072909,-0.04436,0.0014038,0.01937,0.03647,-0.028329,-0.04269,-0.014111,0.023657,0.057884,-0.0061272
"1-(1-enyl-palmitoyl)-2-palmitoyl-GPC (P-16:0/16:0)*",-0.054132,0.042449,0.014832,-0.020647,-0.014167,0.053883,-0.021221,0.013782,-0.046348,0.09532,0.046603,3.512e-05
"1-(1-enyl-palmitoyl)-GPC (P-16:0)*",0.015973,-0.074019,-0.071237,-0.0043987,-0.013531,-0.029678,0.01623,-0.012402,-0.027488,0.0095778,0.042606,-0.02895
"1-(1-enyl-palmitoyl)-GPE (P-16:0)*",-0.038808,0.026301,-0.013179,-0.099402,0.0036401,0.050252,0.022964,0.0014379,-0.01486,0.082206,0.0081196,-0.00071307
"1-(1-enyl-stearoyl)-2-arachidonoyl-GPE (P-18:0/20:4)*",-0.031634,-0.080782,-0.019254,-0.0045113,0.030868,0.019114,-0.045006,-0.017249,0.03107,-0.0057118,-0.0057251,0.052119
"1-(1-enyl-stearoyl)-2-linoleoyl-GPE (P-18:0/18:2)*",0.046672,0.0031103,-0.0054504,-0.01074,0.024553,0.035641,-0.096391,0.046285,-0.0052048,0.058863,-0.064308,0.010871
"1-(1-enyl-stearoyl)-2-oleoyl-GPE (P-18:0/18:1)",-0.046966,-0.069903,-0.0057086,-0.036486,-0.02011,0.064561,-0.052782,-0.003495,0.040656,0.0057641,0.020717,-0.0095608
"1-(1-enyl-stearoyl)-GPE (P-18:0)*",-0.044256,-0.062896,0.02466,0.042446,0.064053,-0.00038856,0.036813,0.033472,-0.0034558,-0.069096,-0.0047588,-0.019029
"1-arachidonoyl-GPC (20:4)*",0.011663,-0.050605,0.003869,0.10293,-0.070338,-0.033703,-0.019312,-0.030771,-0.0094922,0.025997,-0.02433,0.00067403
"1-arachidonoyl-GPE (20:4)*",-0.020924,-0.075658,-0.0060217,0.057264,-0.087763,0.083708,-0.047567,0.059567,0.013473,-0.034267,-0.068638,-0.021017
"1-arachidonoyl-GPI (20:4)*",-0.044781,-0.035338,-0.038126,-0.026198,0.048908,0.0011184,0.074685,-0.00094224,-0.006116,0.049188,-0.032771,0.0071817
"1-linolenoyl-GPC (18:3)*",0.045563,-0.017066,0.0035415,0.03132,-0.08794,-0.044522,0.047587,0.039335,-0.03568,-0.057573,0.027349,0.027364
"1-linoleoyl-2-arachidonoyl-GPC (18:2/20:4)*",0.033946,-0.050738,-0.0025856,0.046138,-0.050485,-0.014,-0.11051,0.069444,0.006735,0.033869,-0.059396,0.034968
"1-linoleoyl-GPC (18:2)",0.049583,-0.022957,0.0080822,0.069027,-0.069118,-0.034118,0.023873,0.0090337,-0.011541,-0.00076824,0.012476,-0.028276
"1-linoleoyl-GPE (18:2)*",0.050936,0.020842,0.0024529,0.072621,-0.04551,0.02674,-0.019273,0.039982,-0.045453,0.0055122,-0.016652,0.0039283
"1-linoleoylglycerol (18:2)",0.032243,0.032084,-0.033935,0.023113,0.0090688,0.077841,0.14286,0.094671,0.035888,0.021311,-0.012756,0.015155
"1-methylhistidine",-0.073981,-0.038356,0.010313,0.0034533,0.01823,0.021978,0.015219,0.026506,0.035131,-0.041195,-0.0086062,0.039058
"1-methylimidazoleacetate",0.049585,0.0031265,0.026772,-0.018925,-0.00020846,0.040611,0.015069,0.0044579,0.044073,-0.085249,-0.043161,0.0095731
"1-methylnicotinamide",0.079512,-0.010321,0.010302,0.0030692,-0.00034015,0.0033924,-0.0066714,0.0037295,-0.044481,-0.01589,-0.023178,0.0142
"1-oleoyl-2-linoleoyl-glycerol (18:1/18:2)",0.065769,0.01132,-0.023102,-0.043333,0.0011059,-0.0075234,-0.021755,0.0035763,0.0019544,-0.011748,0.021844,0.013996
"1-oleoyl-2-linoleoyl-GPC (18:1/18:2)*",0.074318,-0.001446,0.031614,-0.012739,-0.0054062,0.0098739,-0.051278,0.053535,-0.036729,0.015505,-0.042078,-0.075807
"1-oleoyl-2-linoleoyl-GPE (18:1/18:2)*",0.069033,0.021731,0.026036,-0.014505,0.010875,0.022477,-0.046563,0.034071,-0.02604,0.012126,-0.038081,-0.023605
"1-oleoyl-3-linoleoyl-glycerol (18:1/18:2)",0.070129,0.00765,-0.0063552,-0.050475,0.0058595,-0.021842,-0.016303,0.02324,0.017646,0.0081353,0.035481,0.069077
"1-oleoyl-GPC (18:1)",0.014735,0.0084086,0.0109,0.10752,-0.11813,-0.058112,0.0078204,0.00078691,-0.01894,0.028052,-0.038348,-0.017507
"1-oleoyl-GPE (18:1)",-0.022686,0.022694,0.094106,-0.0041372,-0.046041,0.067755,0.069746,0.052851,-0.060523,-0.02401,0.0057304,-0.024078
"1-oleoylglycerol (18:1)",0.049301,-0.014653,0.047859,-0.036063,0.012078,0.067431,0.1037,0.027934,0.034391,0.013579,0.034862,0.019793
"1-palmitoleoyl-2-linoleoyl-GPC (16:1/18:2)*",0.062873,0.030331,-0.020112,0.026424,-0.0062501,0.011916,-0.039108,0.057795,-0.021046,0.0024667,-0.0096216,-0.0057397
"1-palmitoleoyl-2-oleoyl-glycerol (16:1/18:1)*",0.064314,-0.032636,0.019622,-0.051701,0.0007947,-0.038266,0.0034067,-0.0047222,-0.006849,0.0047496,0.056612,-0.023249
"1-palmitoleoyl-3-oleoyl-glycerol (16:1/18:1)*",0.057789,-0.048326,0.043348,-0.055932,0.0038515,-0.053764,0.0078897,0.00075299,0.0047705,0.031924,0.057197,-0.011346
"1-palmitoleoyl-GPC (16:1)*",-0.0056014,-0.015935,0.015139,0.12703,-0.09261,-0.070906,-0.0044847,-0.024983,-0.050999,0.017564,0.029792,-0.012373
"1-palmitoleoylglycerol (16:1)*",0.029579,-0.017302,0.018042,-0.0063708,-0.0058777,-0.034989,0.17299,-0.023367,0.063222,0.02241,-0.004757,-0.012379
"1-palmitoyl-2-arachidonoyl-GPC (16:0/20:4)",-0.066126,0.021649,0.035017,0.040205,-0.02398,-0.077638,-0.043213,0.039441,-0.011952,0.0010597,-1.7349e-05,0.021585
"1-palmitoyl-2-arachidonoyl-GPE (16:0/20:4)*",0.051601,0.062801,0.033245,-0.0024425,0.064417,-0.050238,-0.022691,0.032497,0.0096761,0.0015654,-0.020574,0.029014
"1-palmitoyl-2-linoleoyl-glycerol (16:0/18:2)*",0.064939,0.029921,-0.035708,-0.020769,-0.0053516,0.0042618,-0.02009,0.010597,-0.009186,-0.027343,-0.0089225,0.020142
"1-palmitoyl-2-linoleoyl-GPC (16:0/18:2)",0.060641,0.021708,-0.0038937,0.039884,-0.015136,-0.0021289,-0.039763,0.041605,-0.059965,0.0012734,-0.020354,0.10907
"1-palmitoyl-2-linoleoyl-GPE (16:0/18:2)",0.064163,0.030305,-0.0045916,0.0018191,0.019245,0.020845,-0.037712,0.031605,-0.031936,0.013501,-0.019605,0.017927
"1-palmitoyl-2-oleoyl-GPC (16:0/18:1)",-0.029499,0.056597,0.086941,-0.019015,-0.010776,-0.043921,-0.029639,0.038774,-0.042992,-0.013072,0.0089715,-0.12582
"1-palmitoyl-2-oleoyl-GPE (16:0/18:1)",0.062046,0.045012,0.052413,-0.042623,0.018225,0.016403,-0.041481,0.022772,-0.01158,-0.003191,0.0002103,-0.037419
"1-palmitoyl-2-oleoyl-GPG (16:0/18:1)",-0.064246,0.025904,0.047197,-0.0081252,0.016203,0.017785,-0.060639,0.070545,0.021748,-0.039749,0.060919,0.051149
"1-palmitoyl-2-palmitoleoyl-GPC (16:0/16:1)*",-0.052263,-0.053903,-0.019627,0.012697,0.051302,0.026186,-0.04455,-0.0027472,-0.032118,0.0038352,0.054846,0.037041
"1-palmitoyl-2-stearoyl-GPC (16:0/18:0)",-0.067743,-0.066625,-0.023636,-0.013602,0.013896,0.0088033,-0.02637,0.0061007,0.0068077,0.0078198,0.0036205,-0.046321
"1-palmitoyl-3-linoleoyl-glycerol (16:0/18:2)*",0.076473,0.027967,-0.0027808,-0.037442,0.0052479,-0.0081442,-0.0047149,0.030788,0.0072973,0.00014925,0.018578,-0.025099
"1-palmitoyl-GPC (16:0)",0.02381,0.032855,0.029584,0.094785,-0.10787,-0.055542,0.0026896,0.012751,-0.054968,0.010474,0.02093,-0.049675
"1-palmitoyl-GPE (16:0)",-0.035447,0.089127,0.028352,-0.012763,-0.0049314,-0.01865,0.014558,0.033292,-0.015798,0.011096,-0.023226,0.023128
"1-palmitoyl-GPG (16:0)*",0.040317,0.015668,0.050272,0.017682,0.0062686,-0.036769,0.1614,0.0056001,0.027901,-0.05906,-0.054413,0.0098058
"1-palmitoyl-GPI (16:0)*",-0.019651,0.0079252,0.013188,-0.068913,0.035814,0.053461,0.11817,0.021096,-0.013568,0.017121,0.013621,0.011926
"1-stearoyl-2-arachidonoyl-GPC (18:0/20:4)",-0.047512,-0.074554,-0.011598,0.012501,0.010218,-0.0059839,-0.046865,-0.0031475,0.015093,-0.027735,-0.01383,-0.045901
"1-stearoyl-2-arachidonoyl-GPE (18:0/20:4)",0.041936,-0.068227,-0.01017,-0.0065193,0.044851,-0.021117,-0.046305,0.03065,0.00083958,-0.020891,-0.0047765,-0.11105
"1-stearoyl-2-arachidonoyl-GPI (18:0/20:4)",0.046749,-0.071138,-0.026427,0.030097,0.051982,-0.071526,-0.026813,-9.5271e-05,-0.0082922,0.077342,-0.074008,-0.0073445
"1-stearoyl-2-arachidonoyl-GPS (18:0/20:4)",0.054805,-0.072308,0.037833,-0.04158,0.026532,-0.033939,-0.072176,0.02185,-0.019767,-0.059086,0.013235,0.086216
"1-stearoyl-2-linoleoyl-GPC (18:0/18:2)*",0.072679,-0.029228,0.030952,-0.011657,0.00083138,0.024728,-0.042855,0.048234,-0.037023,-0.017339,-0.031686,-0.016949
"1-stearoyl-2-linoleoyl-GPE (18:0/18:2)*",0.073449,-0.0043933,0.012586,-0.010201,0.020546,0.0097246,-0.035152,0.027484,-0.028555,0.0089003,-0.035196,-0.04104
"1-stearoyl-2-oleoyl-GPC (18:0/18:1)",-0.038847,-0.079286,0.0032044,-0.015153,0.0087435,0.021832,-0.03172,0.00025592,0.0060701,-0.029738,-0.011015,-0.043712
"1-stearoyl-2-oleoyl-GPE (18:0/18:1)",0.0028202,-0.07938,0.011256,-0.055832,-0.015202,0.059666,-0.054849,0.017148,0.0051275,-0.043654,0.0061221,-0.031119
"1-stearoyl-2-oleoyl-GPS (18:0/18:1)",-0.031943,0.011487,0.059062,-0.10376,-0.012737,-0.02727,0.0087614,0.0536,-0.075378,-0.073466,-0.024863,0.041098
"1-stearoyl-GPC (18:0)",0.0029228,-0.073997,0.012986,0.09768,-0.075697,-0.031563,0.0044316,0.022969,-0.053723,0.0011847,0.0087558,-0.057263
"1-stearoyl-GPE (18:0)",-0.059435,-0.028029,0.027764,0.012419,-0.011686,0.010173,0.020116,0.08962,-0.051726,-0.015276,-0.0019951,0.032555
"1-stearoyl-GPI (18:0)",-0.056323,-0.0070992,0.030506,0.0089164,-0.051373,-0.014756,0.044997,-0.011456,-0.016878,-0.032985,-0.015532,-0.011001
"1-stearoyl-GPS (18:0)*",-0.055521,0.0056662,0.023102,-0.008992,-0.05694,-0.0061655,0.051519,-0.013631,-0.01318,-0.046657,-0.018154,-0.00451
"10-heptadecenoate (17:1n7)",0.054552,-0.04607,0.017235,-0.037036,-0.038785,0.0056076,0.051136,-0.050036,0.0098461,-0.071152,-0.027498,-0.069848
"10-nonadecenoate (19:1n9)",0.035865,-0.00056905,0.055717,0.034795,-0.08402,0.063029,0.061746,-0.023793,0.053257,-0.032366,-0.024207,0.041996
"12,13-DiHOME",0.024486,0.049108,-0.10573,0.0053618,-0.020656,0.071599,0.010814,0.09032,0.021852,-0.029025,-0.064004,-0.0081498
"12-HETE",-0.050925,-0.011765,-0.0031976,-0.079479,-0.017391,0.055025,0.037618,0.027686,0.038341,0.01663,-0.010575,-0.017561
"15-HETE",-0.040237,0.0088734,-0.03683,0.0092844,-0.080407,0.021281,0.039235,0.056869,0.036409,0.012125,-0.011418,-0.0090492
"15-methylpalmitate",0.0582,-0.041494,0.054499,0.0087788,-0.010728,0.009664,0.038728,-0.045205,0.037559,-0.027756,0.0015209,-0.0092027
"16-hydroxypalmitate",0.057893,-0.029114,-0.028203,-0.05203,0.042097,-0.036071,-0.014598,-0.0061027,-0.020967,-0.0033406,-0.042563,-0.0099728
"17-methylstearate",0.056576,0.011617,0.012041,0.034621,-0.061244,0.012686,0.071597,-0.023434,0.052138,-0.031946,-0.056284,0.019412
"2'-deoxycytidine",-0.036422,0.038891,0.067144,0.073744,-0.13399,0.075827,-0.012996,-0.023312,-0.030583,-0.039941,0.030685,-0.0043933
"2'-deoxyguanosine",0.010739,-0.059777,-0.037891,0.023745,0.0038741,0.036231,0.0082703,-0.077814,-0.15831,0.010973,0.039122,0.00075574
"2'-deoxyinosine",0.054278,-0.031573,-0.057226,0.027101,-0.0010893,-0.01451,0.031771,-0.00075838,-0.13007,-0.021433,0.00023261,0.0013617
"2'-deoxyuridine",0.051665,-0.023031,0.012609,0.023826,0.092858,0.11829,0.063327,0.029121,-0.0045608,0.040062,0.067813,0.01682
"2-aminoadipate",-0.055502,-0.073295,-0.00047295,-0.017318,0.0094822,0.012713,-0.0091456,-0.01892,0.0060675,0.018516,-0.024375,-0.0056285
"2-aminoheptanoate",0.023888,-0.057169,-0.045611,-0.019417,-0.070761,0.086985,0.096688,0.11637,-0.0025071,0.046623,0.030783,-0.022197
"2-aminooctanoate",0.047967,0.024131,0.016048,-0.015047,-0.10437,-0.072838,0.046547,0.053417,0.0050645,-0.10237,-0.026301,0.093778
"2-hydroxy-3-methylvalerate",0.020987,-0.014357,0.05051,-0.00034712,0.032427,-0.06436,0.035282,0.021828,0.098374,-0.10417,-0.048292,-0.015295
"2-hydroxybutyrate/2-hydroxyisobutyrate",0.041759,-0.0526,0.061457,-0.043253,-0.036831,-0.018397,0.003626,0.0045373,0.0084295,-0.0029242,0.076588,-0.0045625
"2-hydroxyglutarate",0.050977,0.06011,0.060346,-0.017683,0.036304,-0.024666,-0.026298,0.027903,0.018579,0.0018449,-0.033389,0.029275
"2-hydroxystearate",0.037424,-0.044381,0.049135,-0.034217,-0.014924,0.01374,0.10098,-0.013622,-0.024831,0.034826,0.12748,-0.0032777
"2-linoleoylglycerol (18:2)",-0.00024291,-0.012383,-0.07547,0.0066429,0.033224,0.10028,0.20801,0.067417,0.035951,-0.047821,0.012199,-0.043972
"2-methylbutyrylcarnitine (C5)",0.019464,-0.043468,0.090642,0.058994,-0.060639,0.038659,0.011379,0.07939,0.019319,0.12543,-0.013183,-0.0124
"2-methylbutyrylglycine",0.059913,-0.0061949,0.042272,0.003342,0.011151,0.0047937,0.0019035,0.047558,0.038329,-0.046297,0.0045043,0.0053791
"2-methylcitrate/homocitrate",0.045817,0.011371,-0.018695,0.025021,0.079906,-0.13675,0.024746,0.035189,-0.025755,0.029915,-0.036081,0.018687
"2-oleoylglycerol (18:1)",-0.0011039,-0.058138,0.032085,0.012336,-0.030242,-0.059762,0.13068,-0.019812,0.021786,0.075585,0.046778,-0.013912
"2-palmitoleoyl-GPC (16:1)*",-0.016025,-0.031169,-0.031389,0.070605,-0.05265,0.043337,0.012137,0.050999,-0.14359,0.039966,-0.0011468,-0.0098091
"2-palmitoyl-GPC (16:0)*",0.043591,0.012403,0.033906,0.05469,-0.089089,-0.035057,-0.02318,0.020177,-0.028016,-0.037687,0.018011,0.0012168
"2-stearoyl-GPE (18:0)*",-0.0028681,-0.031225,0.051694,0.079124,0.008244,-0.095625,0.11667,0.010839,0.017228,0.019803,-0.080415,-0.024037
"3-(4-hydroxyphenyl)lactate",-0.022826,-0.021749,0.10924,-0.023625,-0.075019,-0.01216,0.080221,0.048234,0.022571,-0.10951,-0.0047728,0.01972
"3-aminoisobutyrate",0.047819,0.018208,0.063142,-0.044978,-0.025085,0.0086831,0.027168,0.033072,0.036813,-0.025833,-0.0062256,0.011267
"3-hydroxy-3-methylglutarate",-0.0084077,0.077625,0.084124,-0.026774,0.022708,-0.056681,-0.013206,0.030497,0.019964,-0.005939,-0.051527,0.0040253
"3-hydroxybutyrate (BHBA)",0.039868,-0.0010242,-0.039157,-0.047399,-0.029211,-0.098429,0.0031367,0.033268,0.014738,-0.025295,-0.037114,0.0010046
"3-hydroxybutyrylcarnitine (1)",0.058622,-0.0042208,-0.018163,0.040017,0.036683,-0.074432,-0.023235,0.021833,0.072503,0.013876,-0.043056,0.013051
"3-hydroxybutyrylcarnitine (2)",0.04003,0.046485,0.026788,0.081103,0.0030702,-0.033613,-0.011568,0.11231,0.11853,0.010036,-0.018067,0.0047696
"3-hydroxyisobutyrate",0.023393,-0.064429,0.058046,-0.07192,-0.007624,-0.05984,0.048317,-0.033177,-0.0057388,0.11036,0.072849,-0.016446
"3-indoxyl sulfate",0.04061,-0.010845,-0.051592,-0.072311,-0.059529,0.017431,-0.042401,-0.10133,0.028471,0.069388,-0.059965,0.069145
"3-methylcytidine",-0.037613,-0.022036,-0.066071,-0.10795,-0.017411,-0.090963,0.043363,-0.02497,0.0077427,0.016678,0.026833,-0.0061351
"3-methylhistidine",-0.053331,-0.031712,0.017071,0.012426,0.015245,0.019688,-0.01852,0.041922,-0.0059814,-0.13216,0.024813,-0.0096555
"3-phosphoglycerate",-0.066838,0.043759,0.024103,-0.038311,-0.026019,-0.0088514,-0.040475,-0.0050423,0.035644,0.0047943,0.042423,-0.0055263
"3-ureidopropionate",0.043498,-0.0009179,-0.063921,-0.058735,-0.029596,-0.04385,0.011611,0.057494,0.088129,-0.0051822,0.077967,0.01597
"4-cholesten-3-one",0.06312,0.021318,0.04831,-0.043754,0.027902,-0.010892,-0.047668,0.059294,-0.037657,0.01506,0.037066,0.0013872
"4-guanidinobutanoate",-0.041321,0.084512,-0.097425,0.088303,-0.050489,0.075645,-0.017398,0.042401,-0.043812,-0.035474,0.031316,-0.0041431
"4-imidazoleacetate",0.065899,-0.014009,0.0305,0.0058966,-0.025409,0.049841,0.0066212,0.024746,-0.010905,-0.041359,-0.069813,-0.011849
"5-aminovalerate",-0.026323,0.015605,-0.05275,0.024023,-0.089878,-0.022275,0.059763,0.051975,0.07074,-0.053129,0.11551,-0.023407
"5-dodecenoate (12:1n7)",0.029393,-0.049434,-0.031123,-0.056635,-0.022529,-0.027211,-0.06688,-0.083749,-0.031634,-0.081091,0.010292,-0.012164
"5-methylthioadenosine (MTA)",-0.067179,-0.0061852,0.040063,0.0021696,0.0055397,0.0087989,0.033255,0.031226,-0.019139,0.036091,0.0017284,-0.0024327
"5-oxoproline",-0.078856,-0.026465,-0.0064418,-0.012185,-0.022954,0.021069,-0.025504,-0.0049244,0.035211,-0.028996,-0.02114,6.3243e-05
"6-phosphogluconate",0.041321,-0.00026486,-0.053921,0.03206,0.011311,-0.075417,-0.078378,0.030143,0.074688,0.060819,0.0061542,0.0086948
"7-hydroxycholesterol (alpha or beta)",0.061934,0.006849,0.017958,-0.061606,-0.063816,-0.054214,-0.013011,0.0094201,-0.025582,0.069405,-0.025944,-0.0070834
"7-methylguanine",-0.037285,0.032296,0.024697,0.079126,0.023712,-0.016249,0.015982,0.1131,0.029697,-0.029489,0.014566,0.024869
"9,10-DiHOME",0.018426,0.045638,-0.097662,0.026101,-0.0016964,0.086356,-0.013742,0.094304,0.058191,-0.02679,-0.067052,-0.008885
"acetylcarnitine",0.014304,0.084699,0.017966,-0.0054312,-0.016148,-0.031432,-0.01343,0.053393,0.10808,-0.049736,0.075117,-0.025009
"acetylphosphate",-0.044662,0.012546,-0.0068684,-0.051879,0.027903,0.016414,-0.069865,0.10345,-0.0048071,0.044892,-0.043749,-0.0075613
"aconitate [cis or trans]",-0.033414,0.046839,0.022255,0.031951,0.03778,-0.040987,-0.0095322,-0.12345,0.06279,0.10308,-0.06545,0.043886
"adenine",-0.061625,0.021912,0.034378,-0.0052033,-0.030067,-0.039935,0.032601,0.017235,-0.039842,-0.041197,-0.087409,0.022305
"adenosine",0.040925,-0.0022421,0.069542,-0.047992,-0.038155,-0.020084,-0.036616,-0.048625,-0.085633,0.04044,-0.019678,0.021589
"adenosine 2'-monophosphate (2'-AMP)",0.0097343,0.065021,0.05443,0.11786,0.088602,-0.0051278,0.072293,0.02033,0.0093118,0.015499,-0.010708,0.045032
"adenosine 3',5'-diphosphate",0.017605,0.051326,-0.022958,-0.028457,0.041271,-0.059693,0.1752,0.01059,0.10596,0.045324,-0.034337,0.055982
"adenosine 3'-monophosphate (3'-AMP)",0.043467,0.018238,0.0074799,-0.033431,0.092574,-0.032417,0.066788,0.02748,-0.03903,0.026163,-0.099619,0.015706
"adenosine 5'-diphosphoribose (ADP-ribose)",0.042478,-0.054311,-0.054623,0.0042214,-0.0072137,0.025105,-0.13729,-0.027562,0.030318,0.009363,0.034755,-0.01714
"adenosine 5'-monophosphate (AMP)",0.076732,-0.026364,-0.013634,0.02294,0.002332,0.0056068,-0.039448,0.019241,-0.0064819,0.021878,0.014166,0.010613
"adrenate (22:4n6)",0.038671,-0.024372,0.036057,-0.0027294,0.014412,0.023252,0.084067,-0.038574,0.039142,0.088815,0.0009493,0.025888
"alanine",0.027392,-0.067352,0.077275,-0.0072924,-0.0048394,-0.046381,-0.031773,0.072522,-0.049455,0.015453,0.011948,0.018933
"allantoin",0.017113,0.021955,-0.11464,-0.054072,-0.034602,-0.037797,0.018507,0.074642,0.010624,-0.0044762,0.011634,0.011067
"alpha-hydroxyisocaproate",0.039165,-0.017616,0.025939,-0.037896,0.019175,-0.022579,0.035102,-0.03597,0.11816,-0.056654,-0.08538,0.01716
"alpha-hydroxyisovalerate",-0.052077,-0.021735,0.077561,-0.046169,0.016545,-0.04598,0.056335,0.020327,0.07129,0.078061,-0.035346,-0.010085
"alpha-ketoglutarate",0.040601,-0.038084,-0.050551,0.089591,0.027636,-0.081624,-0.0014098,0.15768,0.058674,0.0707,-0.0056749,0.00065742
"alpha-tocopherol",0.060148,-0.072375,0.04319,-0.019996,0.027857,-0.030158,-0.066507,-0.014951,0.082462,-0.0037536,-0.01731,0.014647
"anserine",0.031463,0.056711,-0.041665,-0.12509,-0.0095466,0.091294,0.071676,-0.046508,-0.034274,-0.0073983,-0.11922,0.0045709
"arabitol/xylitol",0.047939,-0.014298,-0.030128,0.016765,-0.030071,-0.097753,-0.03253,0.0098126,-0.029625,-0.06954,0.088358,-0.032616
"arabonate/xylonate",-0.017138,-0.094585,-0.029317,0.010429,-0.011599,0.026354,-0.018437,0.011732,0.013826,-0.010333,0.017614,-0.01548
"arachidate (20:0)",0.062036,-0.02391,0.027075,0.011425,-0.034428,0.0078888,0.10076,-0.01111,0.017962,-0.018447,-0.027844,-0.0084391
"arachidonate (20:4n6)",0.032292,-0.07434,0.04757,-0.052658,-0.011015,-0.02595,0.079129,-0.05711,-0.053386,-0.078676,-0.046329,-0.033498
"arachidonoyl ethanolamide",0.073172,-0.017761,0.0099137,-0.035567,0.048563,-0.025002,-0.0059288,-0.033561,0.033882,0.016749,-0.01334,0.0014451
"arginine",-0.037087,-0.026172,0.07603,0.01986,-0.0094549,0.041858,-0.017688,0.045779,-0.0053327,-0.032053,-3.9483e-05,0.0090548
"argininosuccinate",-0.070058,-0.042585,-0.0034084,0.04811,0.023734,-0.014845,-0.0014666,0.053997,0.025604,-0.03712,-0.0099185,-0.013326
"ascorbate (Vitamin C)",0.042946,0.0084763,0.042905,0.019563,0.12086,-0.1451,-0.049725,-0.025401,0.0562,-0.0052996,0.10765,-0.015678
"asparagine",-0.050292,-0.03769,0.052626,-0.016188,-0.016395,0.0067581,0.004308,0.062419,-0.018369,0.0084747,-0.0078985,0.087684
"aspartate",-0.06402,0.0014849,0.025147,-0.03107,0.027425,-0.017755,0.022663,0.052365,-0.064724,0.073422,0.060851,0.19637
"azelate (nonanedioate)",0.069478,-0.013016,-0.06893,0.034997,-0.040556,0.0026856,-0.020422,0.030702,0.045971,-0.035114,0.086884,0.0079428
"behenoyl sphingomyelin (d18:1/22:0)*",0.066583,-0.024679,0.02175,-0.04102,-0.013007,0.024048,-0.02909,0.045042,-0.056742,-0.015349,-0.018511,0.0052723
"beta-alanine",-0.03097,-0.080212,0.044879,-0.065619,-0.031637,0.036522,-0.02399,-0.0029502,-0.042703,-0.11181,-0.024083,0.039231
"beta-guanidinopropanoate",0.013321,0.087388,-0.023365,0.004368,0.054297,0.033233,-0.082856,-0.048589,0.011781,0.023298,-0.0043733,0.0062123
"beta-hydroxyisovaleroylcarnitine",0.042621,-0.059827,0.035623,-0.047307,0.075449,0.01935,0.033955,0.037125,0.086675,0.031113,0.047813,-0.0098122
"betaine",-0.07038,0.046561,0.019342,-0.056346,0.014504,-0.033271,0.021116,0.023163,0.0039216,-0.022481,-0.018186,-0.013351
"betaine aldehyde",-0.06632,-0.032543,0.001524,-0.0259,0.025556,0.017693,-0.033004,0.0028366,0.094433,-0.034615,0.056786,-0.012596
"butyrylcarnitine",-0.046682,0.027718,0.068155,0.060266,-0.051273,0.054811,-0.0091651,-0.0034546,-0.017243,0.10258,0.011237,-0.0046851
"C-glycosyltryptophan",-0.012165,0.026399,0.040014,-0.14217,-0.059688,0.065538,-0.0040573,0.047258,0.0044769,-0.030306,0.025208,0.013928
"carboxyethyl-GABA",-0.011294,-0.024263,-0.009044,0.013648,0.022367,-0.044083,0.12354,-0.080307,-0.024925,0.0042921,0.20147,-0.035305
"carnitine",0.072948,-0.029513,-0.020759,0.016665,0.040963,0.033575,-0.021034,-0.029603,0.019653,-0.023973,0.075332,0.081593
"carnosine",0.010946,0.044878,-0.084191,-0.087254,-0.089294,0.084356,0.049721,0.071281,0.096548,0.026614,-0.071121,0.0070194
"cholesterol",0.053244,-0.010037,0.012519,0.014462,0.026654,0.0062469,-0.017029,0.020933,0.030673,0.10099,0.059415,-0.026787
"choline",-0.033676,-0.078762,0.0025241,-0.055305,0.044983,0.023431,-0.021655,0.052786,0.0020405,-0.012258,0.016978,-0.07735
"choline phosphate",0.0041707,0.08905,0.071469,-0.03804,0.034903,0.001522,0.023208,0.030332,0.0061867,0.0018442,0.00038697,0.057616
"citrate",-0.069831,0.055623,0.047807,-0.009006,0.030738,0.013854,-0.027959,-0.030611,0.024328,0.084366,-0.041093,-0.0059319
"citrulline",0.014599,-0.097797,0.007573,-0.041222,-0.008256,0.056177,-0.0020276,0.058322,-0.021483,0.0074373,0.038033,0.065329
"corticosterone",0.055482,-0.020579,0.019524,-0.064037,-0.076359,-0.03243,0.039603,-0.0033939,0.022155,0.024022,0.025851,0.026483
"creatine",0.028354,0.081859,0.046405,-0.045393,0.031305,-0.013718,-0.011426,-0.028589,0.052861,-0.00036213,-0.019127,-0.063157
"creatine phosphate",0.028429,0.069247,0.079627,-0.00081745,0.014449,-0.011447,0.0307,0.023841,0.0033194,0.041542,0.010166,-0.011555
"creatinine",0.001411,0.097282,0.034816,-0.043544,0.014809,-0.019318,0.0016849,-0.019882,0.068254,-0.023377,-0.010379,0.024141
"cysteine",-0.069431,-0.019715,0.0299,0.046536,0.057702,-0.019318,-0.039559,-0.016011,0.0052335,0.020081,-0.033041,-0.0094275
"cysteine sulfinic acid",-0.060894,-0.029487,0.016011,-0.020427,0.0051201,0.10941,-0.0082698,-0.026317,0.0074927,0.016693,0.085721,-0.011018
"cystine",-0.016347,-0.0041223,0.080365,0.09519,0.015286,0.094043,-0.011524,0.069081,0.0079012,0.0097296,0.021866,0.0013143
"cytidine",-0.061918,0.0523,0.032981,-0.049429,-3.1046e-05,0.0042306,0.013305,0.031518,0.011517,-0.0030355,-0.002573,-0.013122
"cytidine 3'-monophosphate (3'-CMP)",0.045059,0.054584,-0.033759,-0.028897,-0.073658,-0.052289,0.056431,-0.02081,0.0083341,0.12328,-0.09402,0.00592
"cytidine 5'-diphosphocholine",-0.026718,0.057706,0.057994,0.0037234,-0.056017,-0.070467,-0.027924,0.0007011,-0.012904,-0.050948,-0.015086,-0.0084024
"cytidine 5'-monophosphate (5'-CMP)",0.029501,-0.087184,-0.024381,-0.011385,0.030217,0.039064,0.029462,0.03474,-0.017577,0.028833,0.013306,0.012745
"cytidine 5'-monophospho-N-acetylneuraminic acid",-0.014349,0.023458,0.10141,0.02958,-0.069035,-0.075312,0.0791,0.075791,-0.1019,0.042324,0.011635,-0.0049474
"cytidine-5'-diphosphoethanolamine",0.056468,0.023417,0.038778,-0.066356,-0.028226,-0.0093114,-0.016612,-0.024166,-0.036925,-0.0086211,-0.040992,0.013829
"cytosine",0.04494,-0.0026873,-0.010316,0.01547,-0.062952,0.0005003,0.052765,0.074147,-0.08458,-0.068029,-0.028351,0.0050362
"decanoylcarnitine",0.061169,-0.020578,-0.020277,0.042496,-0.005692,-0.071968,-0.031847,-0.055981,-0.031324,0.003251,0.073483,0.021501
"dehydroascorbate",-0.067792,0.026781,0.064535,-0.0061055,0.0040931,0.043348,0.0064296,0.026699,0.023973,-0.0077361,-0.0055711,0.010155
"deoxycarnitine",-0.027279,-0.012057,0.09635,0.048759,0.06333,-0.021135,0.018737,0.081855,0.0089691,0.018861,0.0011928,-0.13111
"dihomo-linoleate (20:2n6)",0.036808,-0.046903,0.090473,0.016188,-0.063226,0.029589,0.053665,-0.064251,0.03377,-0.020489,-0.0030301,-0.028177
"dihomo-linolenate (20:3n3 or n6)",0.036832,-0.0083534,0.056467,-0.010974,-0.066848,0.021144,0.042214,-0.081152,-0.049139,-0.077521,-0.050236,-0.027106
"dihydoxyphenylalanine (L-DOPA)",0.0514,-0.076534,-0.0060934,-0.00365,-0.0037326,-0.042162,0.013896,0.046469,0.091744,-0.022493,0.012985,0.01613
"dihydroxyacetone phosphate (DHAP)",-0.018208,0.035444,0.081656,0.025498,-0.11365,0.074435,-0.02191,-0.055795,0.097904,0.079289,-0.02008,-0.0047686
"dimethyl sulfone",0.017401,0.0090215,0.0086921,-0.14653,0.033182,0.055262,0.027427,-0.025786,-0.033155,-0.031806,0.032996,-0.011925
"dimethylarginine (SDMA + ADMA)",-0.071941,0.0099706,0.02715,0.028975,-0.0085201,0.0056688,-0.010249,0.03739,0.017937,-0.037045,-0.0021232,-0.0076757
"dimethylglycine",0.045194,-0.027512,-0.074605,-0.087262,0.014618,0.0042475,0.018041,0.027185,0.030297,0.0047042,0.07689,0.005813
"docosadienoate (22:2n6)",0.046967,-0.015831,0.039395,0.050376,-0.047134,0.017066,0.053402,-0.047693,0.061194,-0.028644,-0.029031,-0.01502
"docosahexaenoate (DHA; 22:6n3)",0.0075066,-0.064616,0.011764,-0.0076768,-0.0074838,-0.040979,0.11759,-0.039382,-0.038425,-0.12084,0.0062083,0.17487
"docosapentaenoate (n3 DPA; 22:5n3)",0.037639,0.048102,-0.026602,0.057157,-0.025734,0.035487,0.13027,-0.054712,-0.049259,-0.14056,-0.066085,-0.0073011
"docosapentaenoate (n6 DPA; 22:5n6)",0.011113,0.0091222,0.12236,-0.018815,-0.029039,-0.036556,0.078935,-0.065024,0.036998,-0.092981,-0.017549,0.05809
"dopamine sulfate (2)",0.019573,-0.08866,-0.068694,0.021286,-0.0088521,0.019472,0.014071,0.03696,-0.067116,-0.023976,-0.052598,-0.012797
"eicosapentaenoate (EPA; 20:5n3)",0.039604,0.048394,-0.084128,-0.0030803,0.044695,0.081346,0.023193,-0.01818,-0.11721,-0.06458,-0.064161,0.028392
"eicosenoate (20:1)",0.040839,0.0047495,0.043182,0.034994,-0.073612,0.038872,0.065354,-0.036169,0.063387,-0.03866,-0.054148,-0.077386
"ergothioneine",0.0060876,0.07873,-0.11383,0.029374,0.036236,0.0044203,-0.041355,-0.012635,-0.035803,0.013627,-0.089728,0.013854
"erucate (22:1n9)",0.054732,0.010812,0.003183,0.031935,-0.04948,-0.0025252,0.064129,-0.01265,0.055595,-0.054224,-0.067003,0.015185
"erythronate*",-0.063388,0.033163,0.069332,-0.0078991,-0.0034009,-0.04646,0.036454,0.070942,-0.026818,0.0036768,0.0074616,-0.0038083
"ethylmalonate",0.017944,0.022081,-0.059373,-0.064683,-0.086325,-0.10697,-0.027026,0.045929,0.042445,-0.076745,0.011868,0.10682
"flavin adenine dinucleotide (FAD)",-0.042739,-0.052035,0.092934,0.0060354,-0.047544,0.042667,-0.039936,-0.018339,-0.019307,-0.094224,0.015726,0.07035
"fructose",-0.0088529,-0.095799,-0.019995,-0.00058822,-0.05287,-0.052595,0.078675,0.064102,-0.0571,0.043162,-0.0087927,-0.051289
"fumarate",-0.056334,-0.072262,0.001167,0.0090559,0.022677,0.019276,0.020321,0.081029,0.049684,0.023934,-0.023445,0.00056722
"galactitol (dulcitol)",0.029222,0.0042057,0.00981,0.018111,0.12641,-0.015568,0.014723,0.098789,-0.018955,-0.069036,0.0011375,0.0051014
"galactonate",-0.010046,0.011046,-0.045862,-0.013145,-0.10042,-0.068782,-0.0054844,-0.07098,0.047515,0.11201,0.024742,-0.0089022
"gamma-aminobutyrate (GABA)",-0.046617,0.054608,0.011402,-0.065968,0.019785,0.0032011,-0.018332,0.048496,0.017084,-0.0711,-0.0054505,-0.0070622
"gamma-carboxyglutamate",-0.070429,0.021463,0.037376,-0.03935,0.046012,0.048268,0.013019,0.078393,0.0029706,-0.062701,0.0029783,-0.0022808
"gamma-glutamyl-epsilon-lysine",0.018196,0.026883,0.065353,0.028482,-0.16106,0.051566,0.015916,-0.045883,0.046361,0.0039034,-0.12993,0.006965
"gamma-glutamylalanine",0.015145,-0.066532,-0.050072,-0.068288,-0.1049,-0.016901,0.0020566,-0.032866,-0.029096,0.025427,0.0011793,-0.013523
"gamma-glutamylglutamate",0.022596,0.082884,0.01259,-0.057761,-0.038548,-0.074287,-0.032283,-0.030808,-0.047444,0.01194,-0.01004,-0.0019763
"gamma-glutamylglutamine",-0.03324,-0.011217,-0.058273,-0.064355,-0.091363,-0.05562,-0.030648,-0.060022,-0.014749,-0.0072821,-0.030801,-0.0333
"gamma-glutamylisoleucine*",0.0078255,-0.073803,-0.046234,-0.0059592,0.029284,-0.14996,-0.044721,0.049659,0.042068,0.046539,-0.12577,-0.036896
"gamma-glutamylleucine",0.047697,0.011015,0.047473,0.0039944,0.036665,-0.024975,-0.12108,-0.067265,0.090197,-0.0046396,-0.086082,0.030667
"gamma-glutamylvaline",-0.019895,-0.068629,0.028539,-0.064159,-0.039705,-0.020086,-0.057793,-0.058101,0.058595,0.037994,-0.087395,-0.051056
"gamma-tocopherol/beta-tocopherol",0.035713,-0.039497,0.039079,-0.027077,-0.022352,-0.027808,0.020555,0.065114,-0.0065956,0.01921,0.17173,0.0014717
"glucose",0.036081,-0.019565,-0.072674,-0.060837,-0.064823,0.0030878,-0.061653,0.025464,-0.014582,-0.00054641,0.068442,0.032281
"glucuronate",-0.034876,-0.055156,-0.098808,-0.049229,-0.096014,-0.042453,0.081527,0.080264,-0.01758,-0.0056411,0.020845,-0.060306
"glutamate",-0.061362,0.017791,0.048999,0.027385,0.063173,-0.014616,0.0077094,0.063163,-0.024107,0.050367,-0.013605,-0.0022961
"glutamate, gamma-methyl ester",-0.067209,0.002328,-0.004121,0.0019671,0.0032361,-0.02572,0.051764,0.027554,-0.05652,0.024362,0.0005162,0.0012543
"glutamine",-0.065237,-0.0112,-0.0013814,-0.046732,-0.03412,0.010635,-0.0015369,0.045067,-0.070017,-0.02155,-0.008232,-0.012369
"glutarate (pentanedioate)",-0.068875,-0.034506,0.024056,-0.026961,-0.036662,0.022078,0.024342,0.014399,-0.004195,0.015334,0.0084652,-0.013422
"glutarylcarnitine (C5)",-0.035396,-0.071041,-0.0047322,0.053421,0.056915,-0.068684,0.0011018,-0.081384,0.019405,0.04068,0.013087,-0.0045139
"glycerate",-0.07598,-0.016126,0.026371,-0.018478,-0.018945,-0.0014142,0.022281,0.057431,0.0063225,0.019566,-0.0071594,-0.0078465
"glycerol",0.070439,0.012704,0.02103,-0.025196,0.011112,0.00079867,-0.047458,0.030578,-0.026525,-0.049318,-0.091856,-0.010282
"glycerol 3-phosphate",-0.035932,-0.073327,-0.047278,-0.061484,0.033965,0.042136,-0.0010497,0.062031,0.039238,-0.0045117,-0.02857,0.024449
"glycerophosphoethanolamine",0.042401,-0.054062,-0.0083789,-0.03381,0.055201,-0.055005,0.031471,0.045972,-0.084155,0.055931,0.0078103,-0.011007
"glycerophosphoglycerol",-0.021168,0.065,0.091043,-0.01271,0.036005,-0.026853,0.014387,0.0085168,-0.00077983,-0.0068627,-0.0063209,0.0003128
"glycerophosphoinositol*",-0.090041,-0.022138,0.0097528,-0.002639,0.010975,0.029339,-0.014502,-0.019395,0.021694,0.012283,-0.0049566,0.00030876
"glycerophosphorylcholine (GPC)",-0.05318,-0.075522,-0.0087417,-0.037479,0.09336,-0.044823,0.010847,-0.017896,-0.058902,0.066269,-0.0035931,0.21516
"glycine",-0.08208,0.0031519,0.0026451,-0.020261,-0.0057236,-0.031232,-0.0056297,0.024381,0.0010074,-0.0022176,-0.017652,-0.0096481
"glycosyl-N-palmitoyl-sphingosine",-0.049162,0.047624,0.052167,-0.00027721,-0.026848,0.0078087,-0.012917,-0.025788,-0.025042,0.10611,-0.010096,0.00022182
"glycylleucine",0.035098,0.06268,0.060091,-0.0076621,0.055918,-0.013551,-0.048692,0.02907,-0.0049235,0.018908,-0.022616,-0.0037753
"glycylvaline",0.051889,0.034905,0.085298,-0.025082,0.0039484,-0.077159,-0.062471,0.092713,-0.027289,-0.083256,0.043894,-0.032315
"guanidinoacetate",-0.0063644,0.088011,0.063002,-0.061815,0.0035251,-0.024589,-0.024542,-0.010857,-0.00032887,-0.024562,-0.032955,-0.02225
"guanine",-0.037204,0.042196,0.063623,-0.067233,-0.063948,0.0087559,0.019418,-0.038351,-0.15203,-0.048073,0.063405,-0.0035512
"guanosine",-0.0073948,0.070836,0.047485,-0.098892,-0.037592,-0.045344,0.00032498,-0.023847,-0.050105,-0.009217,0.012643,0.030877
"guanosine 5'- monophosphate (5'-GMP)",0.078879,-0.028356,-0.00015884,0.0042937,0.0075533,0.014867,0.001197,-0.013252,-0.043305,-0.0069955,-0.0047911,0.0016777
"gulonic acid*",-0.005711,0.024337,-0.11337,-0.091508,-0.074787,-0.076739,-0.016128,0.043082,0.024184,0.021829,0.030665,-0.002882
"heme",0.074638,-0.045558,0.001973,-0.0099196,-0.025735,-0.020698,-0.011005,0.038959,-0.0091077,0.008858,0.01196,0.0082489
"hexadecanedioate",0.062498,-0.029966,0.035124,-0.036091,0.039202,-0.015089,-0.019728,-0.018649,-0.0045674,-0.0042675,0.0032483,0.020298
"hexanoylcarnitine",0.0054957,0.084725,-0.069413,0.012018,-0.10673,-0.080311,0.017685,0.0080444,0.10588,0.089653,0.019803,-0.012118
"hexanoylglycine",0.04095,0.042516,-0.022048,-0.031949,-0.11718,-0.043136,-0.0054317,0.018691,0.057826,-0.019883,-0.098657,0.033573
"hippurate",0.026969,0.085908,-0.050899,0.056651,0.0041185,0.034366,0.060355,0.057922,0.019924,0.044612,-0.015573,0.036896
"histamine",-0.0024018,-0.019478,0.01215,-0.073512,-0.13418,-0.020577,-0.12912,-0.088428,0.011762,-0.033043,0.054422,-0.026298
"histidine",-0.071647,-0.03628,0.0019761,-0.024393,-0.023387,-0.015302,0.0022066,0.030384,-0.0054798,-0.013113,-0.020055,-0.062795
"homoarginine",0.069763,-0.067339,0.016727,0.0084733,0.017943,-0.016539,0.038089,0.014668,-0.0099171,0.012901,-0.036836,0.012178
"homocitrulline",-0.023094,0.018215,-0.10229,-0.007538,0.084867,0.0015132,0.065817,0.041821,0.027596,0.08411,0.0045742,-0.032254
"homostachydrine*",-0.010539,0.11221,-0.1262,0.021405,0.010928,0.059494,-0.015553,0.032473,-0.013266,-0.0050914,0.018148,0.0089616
"hypotaurine",-0.064915,-0.070589,-0.0056113,0.024551,0.027614,0.033274,-0.028148,-0.0043811,0.021513,-0.031084,-0.0034684,-0.021897
"hypoxanthine",-0.073968,0.016438,-0.003519,-0.067585,-0.044198,-0.0056303,0.0099514,0.015633,0.0028965,-0.024634,0.002784,0.0097561
"imidazole lactate",0.075684,-0.037351,0.021466,0.028003,0.0050846,-0.0047334,0.02104,0.017718,0.012259,-0.0062856,0.028657,0.010612
"imidazole propionate",0.042931,-0.056715,-0.032461,0.02334,-0.031842,-0.0022935,0.053033,0.058722,-0.13139,-0.059973,0.088748,0.014078
"indolelactate",0.044336,-0.0010591,0.038505,0.0197,0.031715,-0.018982,0.031619,0.078068,0.07594,0.030796,-0.01899,0.011675
"inosine",-0.052354,0.051059,0.023652,-0.072263,-0.040089,-0.034106,0.011141,0.005037,-0.031999,-0.0009178,0.0060634,-0.055443
"Isobar: fructose 1,6-diphosphate, glucose 1,6-diphosphate, myo-inositol 1,4 or 1,3-diphosphate",-0.027307,0.071657,0.076199,-0.0229,-0.022582,0.03203,-0.11414,-0.050544,-0.0057844,0.029811,-0.027591,0.0096308
"isobutyrylcarnitine",0.039376,-0.037699,0.069397,-0.031839,-0.01756,0.096955,0.03689,0.015864,0.035525,0.071824,-0.055224,-0.020831
"isocitrate",0.066197,-0.011962,0.034099,0.016052,0.038438,-0.056195,-0.040781,-0.01372,0.043226,0.0084041,-0.0065172,0.0011802
"isoleucine",-0.036752,-0.066736,0.0263,0.037838,-0.086999,-0.10721,-0.048423,0.046151,-0.044316,-0.0064744,-0.021117,0.12867
"isoleucylglycine",0.049348,0.072085,0.043739,-0.039069,0.014588,-0.022235,-0.041755,-0.04314,0.0093812,-0.053515,0.088404,0.0080363
"isovalerylcarnitine",0.015376,-0.013247,0.055067,-0.021265,-0.026977,0.17084,0.050321,0.022036,0.024353,0.11619,-0.078061,0.023981
"isovalerylglycine",0.057985,0.027134,0.013999,-0.016317,-0.16911,-0.00031389,-0.025949,-0.054061,0.010827,0.076224,0.064524,-0.040275
"kynurenine",-0.071295,-0.065164,-0.024766,-0.016201,0.030961,0.0094689,-0.02057,-0.012656,0.03423,-0.024,-0.03147,-0.010922
"lactate",-0.037576,-0.033734,0.0028561,-0.084365,-0.10639,-0.0378,-0.0084774,0.0085009,0.09915,-0.0076153,0.012145,0.0099292
"laurylcarnitine",0.050803,-0.0036271,-0.024053,0.078454,-0.015274,-0.010525,-0.038718,-0.014068,-0.0050923,-0.015546,0.066046,0.0027157
"leucine",-0.046319,-0.058367,0.020862,0.013718,-0.067036,-0.062091,-0.036507,0.03387,-0.047566,-0.016655,-0.029172,0.0004821
"leucylglycine",0.060384,0.015964,0.02919,-0.041147,0.011703,0.024443,0.0053929,-0.051687,-0.0011935,-0.0053848,0.0039443,0.026968
"linoleate (18:2n6)",0.052139,0.046924,-0.046535,-0.019848,-0.030687,0.052998,0.026067,-0.0075715,-0.030668,-0.074569,-0.058609,-0.15091
"linolenate [alpha or gamma; (18:3n3 or 6)]",0.032217,0.089461,-0.10439,0.0046331,-0.0030078,0.070375,-0.0014562,0.012618,-0.062708,-0.070431,-0.066875,-0.071052
"linoleoylcarnitine*",-0.041303,-0.028418,0.0092015,0.061387,-0.097682,-0.096699,-0.10056,0.047577,0.038088,-0.0029479,-0.070282,-0.020783
"lysine",-0.050579,-0.058421,0.048228,-0.066634,-0.044955,-0.0071902,0.00087679,0.014916,0.0051378,-0.010703,-0.021695,-0.061802
"malate",-0.042011,-0.080888,0.011693,0.048445,0.048643,-0.0068642,-0.0046687,0.02756,0.03157,0.016604,-0.035477,-0.12129
"malonylcarnitine",0.061773,0.0183,0.041409,-0.05581,-0.025499,0.025772,-0.01116,0.020285,0.024972,0.020574,0.0037064,0.013925
"maltose",0.02546,-0.01856,-0.078208,-0.10384,0.011215,-0.043342,0.027643,0.0095815,-0.0086196,0.047388,0.023811,0.0024381
"maltotriose",0.047427,-0.0037749,-0.056071,-0.070582,0.028971,-0.026147,0.036284,-0.012434,-0.04584,0.044481,0.080193,-0.0039471
"mannitol/sorbitol",0.0064105,-0.058897,0.041463,-0.04002,0.014045,-0.097497,-0.020946,0.012936,0.045425,-0.02425,0.1482,0.047541
"mannose",-0.051957,-0.07292,-0.030761,-0.043719,-0.026951,0.022287,0.033268,0.015554,-0.050579,0.054709,-0.051406,-0.026506
"margarate (17:0)",0.049231,-0.04601,0.035882,-0.0028029,-0.065285,0.017221,0.066133,-0.047276,0.024851,-0.036251,-0.024561,0.047078
"mead acid (20:3n9)",0.03216,-0.0096273,0.054402,-0.045862,0.0042674,0.051373,0.042501,-0.070769,0.074276,-0.039118,-0.0078485,0.020606
"methionine",-0.02346,-0.091121,0.044599,-0.034766,-0.041837,-0.00080874,0.025816,0.068338,-0.015762,-0.010421,-0.0048712,0.0044209
"methionine sulfoxide",-0.069799,-0.026448,0.021237,0.0077981,-0.048002,-0.0093547,-9.1129e-05,-0.0022068,0.0010279,-0.018638,0.0050118,-0.013872
"methylmalonate (MMA)",-0.021391,-0.033922,-0.0070582,-0.053384,0.080669,0.014874,0.014334,-0.062231,0.11957,-0.17201,0.070242,-0.0042721
"methylphosphate",-0.052907,-0.0013345,0.012925,-0.027193,-0.057969,-0.0059002,0.05041,0.016605,-0.026429,-0.063662,0.014154,0.0075517
"methylsuccinate",0.060192,0.017248,-0.032469,-0.028374,-0.090913,-0.015763,0.0047762,0.10003,-0.0023555,-0.011355,0.014762,-0.014681
"myo-inositol",-0.056587,-0.026802,-0.023786,-0.033075,0.039838,-0.057487,-0.019947,0.057014,-0.073379,-0.019608,0.034932,-0.017124
"myristate (14:0)",0.067808,-0.032354,-0.002659,-0.047579,0.0056793,-0.02287,0.015063,-0.014678,-0.015499,-0.031485,-0.024612,0.049312
"myristoleate (14:1n5)",0.058379,-0.048399,-0.012514,-0.058551,0.011329,-0.026527,-0.023466,-0.02254,-0.021473,-0.029348,-0.0026713,-0.035367
"myristoylcarnitine",0.0483,0.0072023,0.00086192,0.032737,-0.036445,-0.060461,-0.065372,0.011662,-0.016938,-0.014152,0.021391,0.005925
"N-acetylalanine",-0.06605,0.004654,0.011382,-0.028876,-0.038886,-0.021004,-0.011564,0.051988,0.015481,-0.02684,0.0357,0.025177
"N-acetylarginine",0.077904,-0.0015613,0.009014,0.018204,0.032324,0.011676,0.023548,0.025855,-0.011498,0.012097,-0.0038747,0.018336
"N-acetylasparagine",-0.037046,0.048425,0.051543,-0.062418,0.079035,-0.056468,0.024599,0.060049,0.001388,-0.051935,-0.044516,-0.0082085
"N-acetylaspartate (NAA)",-0.031357,0.071436,0.046961,-0.0462,-0.029875,-0.034707,-0.023383,0.012026,0.051071,0.0081995,0.019636,-0.0038132
"N-acetylglutamate",0.042177,0.031683,0.030093,-0.025648,-0.036157,0.032353,-0.077676,0.027604,0.015042,-0.016135,0.0034089,0.0075142
"N-acetylglutamine",-0.028704,0.062854,-0.041085,-0.091227,0.043312,-0.087565,0.015756,0.057195,0.02517,-0.037476,-0.0070784,-0.013547
"N-acetylglycine",0.04569,-0.0024576,-0.053519,0.015929,-0.020575,-0.099079,-0.0062753,-0.0025226,0.04349,-0.030175,-0.056253,0.014065
"N-acetylhistidine",-0.01386,0.032904,-0.012567,-0.10941,0.045211,-0.018151,0.058312,0.059577,0.046488,0.054866,0.0089209,-0.024298
"N-acetylleucine",0.014677,0.046459,-0.019253,-0.11139,0.001196,-0.098211,0.098115,-0.0010299,-0.055838,0.14517,0.0040194,-0.014032
"N-acetylmethionine",-0.085094,0.002037,0.030381,-0.026669,0.0074822,0.010268,0.00080928,-0.016983,0.025004,0.0094864,-0.01612,-0.0029899
"N-acetylneuraminate",-0.071613,-0.06464,0.004881,0.0032557,0.0079833,0.020103,-0.011509,0.018927,3.0285e-05,0.0037581,-0.028233,-0.015581
"N-acetylphenylalanine",0.077419,0.00051029,3.4312e-05,-0.010868,0.0011224,0.021462,0.056297,0.011049,-0.006019,0.024649,-0.0038511,-0.0069915
"N-acetylputrescine",-0.034925,-0.069103,-0.094087,-0.10001,-0.025669,-0.045125,0.040768,-0.0066576,-0.075888,0.026422,-0.013932,0.010027
"N-acetylserine",-0.051107,0.036262,0.086625,-0.030285,0.0043185,0.0035351,0.010875,0.068529,0.060731,-0.00098106,-0.037273,0.011522
"N-acetyltaurine",0.065285,0.032786,0.015536,-0.03507,-0.024945,0.062575,0.036945,0.04033,-0.01617,0.037612,0.09064,0.069949
"N-acetylthreonine",-0.0069821,0.062271,0.073885,0.018159,-0.06959,-0.056583,0.015879,0.050443,-0.021758,0.035782,0.088775,-0.053203
"N-alpha-acetylornithine",0.0032687,0.020258,-0.0054077,0.044144,-0.0054826,-0.12788,0.028051,0.13038,-0.070241,0.10286,-0.080225,-0.0097763
"N-delta-acetylornithine",-0.03167,0.091229,-0.12333,0.028426,0.032393,0.064936,0.019772,0.083717,-0.055268,-0.044599,-0.0041404,0.014329
"N-formylmethionine",0.058399,0.010655,0.037078,-0.00094703,0.065397,0.098334,0.061843,0.1011,0.02644,0.056262,0.021791,-0.0035069
"N-glycolylneuraminate",0.074437,-0.016193,0.013135,-0.015237,0.025688,0.0029097,-0.025663,0.031816,-0.010928,-0.0016311,-0.01448,0.019753
"N-methyl-4-aminobutyric acid",0.014576,0.07707,-0.023476,0.061732,0.014928,0.074875,-0.072553,0.036357,0.057755,0.024339,0.092347,-0.014724
"N-monomethylarginine",0.0041335,-0.087996,-0.065037,0.0055822,0.016255,0.025017,-0.012677,-0.028694,0.049717,-0.013768,0.037085,-0.018039
"N-palmitoyl-sphinganine (d18:0/16:0)",0.055942,-0.0063519,0.0059615,-0.057451,-0.0091457,0.039812,-0.05551,-0.0089914,-0.051081,0.006271,0.08665,-0.0032862
"N-palmitoyl-sphingosine (d18:1/16:0)",0.051187,0.046792,0.055909,-0.037278,0.087322,0.032742,-0.022395,0.021775,0.04177,0.0011564,0.031726,-0.20675
"N1-Methyl-2-pyridone-5-carboxamide",0.032887,0.04917,0.053358,0.06117,-0.0055049,0.035251,0.026824,0.11472,-0.0026562,-0.096143,0.24607,-0.067129
"N1-methyladenosine",0.017172,0.071181,-0.044569,0.040468,-0.01619,-0.040503,0.073488,0.0089478,0.094809,-0.047691,0.037765,-0.017211
"N2-acetyllysine/N6-acetyllysine",-0.041959,0.025448,-0.034818,0.039697,0.019835,-0.15337,-0.029702,0.049101,-0.060102,-0.12883,-0.059898,-0.013741
"N6,N6,N6-trimethyllysine",-0.064811,-0.040309,-0.00084177,-0.028139,-0.051213,-0.015027,0.025466,0.016361,-0.0073976,0.006261,-0.030961,-0.039371
"N6-carboxymethyllysine",0.015341,0.041069,-0.12727,0.070551,-0.010857,0.081513,0.011429,0.039891,-0.059501,-0.039806,-0.0042727,0.0031809
"N6-succinyladenosine",-0.057173,-0.023409,-0.024744,0.0073125,0.011294,-0.064876,0.00050924,-0.057079,-0.0045978,0.10443,0.029489,-0.019686
"nicotinamide",0.070428,-0.0031942,0.016942,-0.043435,0.0065104,0.013494,-0.0025709,0.025011,-0.066915,-0.0047762,0.020446,-0.010835
"nicotinamide adenine dinucleotide (NAD+)",-0.0059691,0.055707,0.052471,0.093136,0.057142,-0.056392,0.023595,0.099651,0.055022,0.024552,0.073909,0.049479
"nicotinamide riboside",0.018531,-0.033041,-0.0068104,-0.055392,0.054913,-0.021146,0.050707,-0.12096,-0.098216,-0.0031907,-0.021735,-0.046337
"nonadecanoate (19:0)",0.055544,0.027513,-0.016855,0.04179,-0.07316,0.046007,0.088668,-5.4871e-05,0.045859,-0.043132,-0.077487,0.020723
"O-sulfo-L-tyrosine",0.046618,-0.067522,-0.033514,-0.0030283,0.02417,-0.0031906,0.010715,0.023482,-0.017901,-0.036183,-0.021998,0.018438
"octanoylcarnitine",0.05121,0.012034,0.01049,0.039491,-0.021551,-0.036151,-0.069857,-0.091719,0.0049391,0.054569,0.0077739,-0.036886
"oleamide",0.016611,0.050714,0.091505,-0.078552,0.023556,0.052484,-0.1316,-0.052468,0.021224,-0.0054313,-0.023663,0.0010314
"oleate/vaccenate (18:1)",0.046915,-0.02725,0.054424,-0.016248,-0.065281,0.028299,0.023894,-0.044171,0.016667,-0.029159,-0.019599,0.16082
"oleoyl ethanolamide",0.043174,-0.029151,0.11537,0.030183,-0.011643,0.022047,0.050325,-0.01205,0.042887,0.011759,-0.02092,0.0052083
"oleoylcarnitine",-0.014385,-0.088181,0.023423,0.022487,-0.097433,-0.082709,-0.059536,-0.016475,0.095598,-0.02123,0.0013473,0.01579
"ornithine",-0.013188,-0.044116,-0.098001,-0.11199,-0.048448,-0.021837,0.01365,0.026156,0.022071,0.036036,0.030594,0.015679
"orotate",-0.068085,-0.025205,0.0070094,-0.0012873,0.11495,0.011406,-0.0023298,0.076146,0.0020439,-0.10367,-0.011173,-0.0052644
"orotidine",-0.081889,0.017938,0.034487,-0.036132,-0.0019268,-0.010445,0.016279,0.0097606,-0.00090629,0.033926,-0.0055983,-0.0070515
"oxalate (ethanedioate)",0.0020807,-0.02083,0.087796,0.057973,-0.079713,0.056579,-0.030462,0.089019,-0.062021,-0.075609,0.071952,-0.010414
"p-cresol sulfate",0.051191,-0.027564,-0.026885,-0.00958,-0.045602,-0.0051845,-0.084082,0.068913,0.040123,0.077528,0.089121,0.0079076
"p-cresol-glucuronide*",0.041745,-0.016505,-0.018591,-0.084104,0.055748,0.035653,-0.0098764,0.123,0.073887,0.036961,0.060512,0.035906
"palmitate (16:0)",0.068351,-0.010407,0.022298,-0.014327,-0.042964,0.01342,0.039833,-0.046516,-0.0038393,-0.028199,-0.028506,-0.10587
"palmitoleate (16:1n7)",0.064811,-0.0092166,-0.029303,-0.048231,-0.0089579,0.0092773,0.012896,-0.02988,-0.044162,-0.076968,-0.041399,0.07538
"palmitoyl dihydrosphingomyelin (d18:0/16:0)*",0.054308,0.0040872,0.050649,-0.075343,0.011936,0.0057946,-0.081016,0.027479,-0.017201,0.019979,0.0078518,-0.065034
"palmitoyl ethanolamide",0.060086,-0.0048032,0.073529,0.02911,-0.016204,0.0082729,0.042695,-0.0098314,0.019117,0.0022845,-0.03743,0.020147
"palmitoyl sphingomyelin (d18:1/16:0)",0.010721,0.017802,0.10886,-0.084213,0.022355,0.0012607,-0.038504,0.04465,-0.09484,0.0289,-0.0063655,0.0043711
"palmitoylcarnitine",0.011805,0.015483,0.019436,0.030153,-0.098611,-0.13951,-0.083284,0.041643,0.046793,-0.012732,0.078716,0.066816
"pantothenate",0.058796,0.03557,-0.0084002,0.019883,0.0029993,0.018007,-0.045721,0.060947,-0.028329,0.020303,-0.00080112,-0.04836
"phenol sulfate",-0.0040864,0.07537,-0.065541,-0.016171,-0.1124,0.11089,0.034301,-0.080109,0.034442,0.06014,0.060931,0.01449
"phenylacetylglycine",0.03622,0.04601,-0.030814,-0.011405,-0.061401,0.037563,-0.069604,0.014285,0.073296,-0.0091949,0.039419,0.027184
"phenylalanine",-0.061712,-0.053641,0.022213,-0.046228,-0.041152,-0.012105,-0.0051001,0.0094542,-0.012997,-0.020616,0.0085362,0.034209
"phenylalanylglycine",0.059877,0.041511,0.0278,-0.012083,-0.024153,-0.033244,0.022266,-0.093506,-0.063974,-0.013438,0.086316,-0.011066
"phenyllactate (PLA)",0.034622,0.0075484,0.041045,0.098735,0.048243,-0.12126,0.08053,0.034681,0.0092704,0.092494,0.025583,0.083507
"phosphate",-0.011849,0.037141,0.088559,-0.11342,-0.014825,0.013293,0.0038968,0.092289,-0.017737,0.029726,0.023298,-0.20748
"phosphoenolpyruvate (PEP)",-0.059653,0.051075,0.016372,-0.055255,-0.015376,0.0033698,-0.054949,-0.005823,0.064075,0.010815,0.04328,-0.0031125
"phosphoethanolamine",0.0057701,0.0724,0.080448,-0.026111,0.033968,-0.050701,-0.048262,-0.010113,-1.8538e-05,-0.029045,-0.00074648,0.031513
"phosphopantetheine",0.054778,-0.062086,0.039481,0.050017,0.061984,0.026143,-0.010965,0.012942,-0.0016465,0.021634,-0.01447,0.023495
"pipecolate",-0.083649,-0.03068,0.0097959,-0.0034615,0.010349,-0.011287,0.0097188,0.019664,0.0049466,0.0083984,-0.035154,-0.054312
"pro-hydroxy-pro",-0.027561,-0.014837,-0.037605,0.062239,-0.021613,-0.077213,-0.016086,0.065516,0.05795,0.024877,-0.13494,-0.043298
"proline",-0.013189,-0.01708,0.12044,-0.039599,-0.079116,0.0079279,0.0051018,0.071638,0.031215,0.073655,-0.016345,-0.039182
"prolylglycine",-0.041937,0.045812,0.031525,0.032986,0.030211,-0.086874,0.023818,0.016763,0.02113,-0.0032596,-0.00492,0.039157
"propionylcarnitine",0.055285,-0.025904,0.03249,0.0046801,0.007436,0.010409,0.022183,0.075574,0.077766,0.027931,0.011343,0.018029
"pseudouridine",0.029948,0.081822,-0.016094,0.027333,0.0065048,-0.038652,-0.015938,0.059477,0.038977,-0.055441,0.024382,-0.031811
"putrescine",-0.057148,-0.072625,-0.0078811,-0.009796,0.030605,0.04115,-0.0054234,-0.017612,0.011966,0.0093394,-0.019763,-0.015043
"pyridoxal",-0.068454,0.0049975,0.047287,-0.0080519,-0.00022112,0.046184,-0.0029118,0.010028,-0.0074603,0.014419,-0.03239,-0.0055896
"pyridoxamine",0.0046089,-0.068882,-0.023841,-0.067252,-0.024634,0.074962,0.0031507,0.011608,0.071698,-0.013488,0.021971,-0.024635
"pyridoxamine phosphate",-0.061635,-0.040252,0.016828,-0.048369,0.052657,0.037533,-0.007428,0.00122,0.0048555,-0.011523,-0.012323,-0.010038
"pyridoxate",0.03575,0.033144,0.0085873,-0.048552,-0.043289,-0.033217,0.10585,0.014566,0.097762,-0.0043904,-0.024905,0.028278
"pyroglutamine*",0.054906,-0.040507,-0.051527,0.019061,-0.023147,0.027346,0.032387,0.037756,-0.081534,0.028474,0.014103,-3.5312e-05
"retinol (Vitamin A)",0.070648,-0.04178,-0.0033041,0.014178,0.049066,0.0062286,-0.039663,-0.027499,0.039011,-0.021741,-0.050527,0.0070116
"ribitol",0.048871,0.042227,0.020257,-0.081757,0.020864,-0.062696,0.073493,0.044426,0.011927,-0.05285,0.0095562,0.039022
"riboflavin (Vitamin B2)",0.019567,-0.067463,-0.082102,-0.015708,-0.025616,-0.011296,0.015101,0.025661,0.064312,0.0088667,0.038886,-0.014688
"ribonate",-0.019657,0.0073889,-0.035924,-0.1027,-0.071869,-0.11187,0.0041187,-0.0067415,0.017924,0.05541,0.016274,-0.026881
"ribose",-0.00080236,-0.10059,-0.068567,-0.0066837,-0.016682,0.0093617,0.026205,0.031785,-0.011776,0.011606,-0.017547,-0.010599
"ribulose 5-phosphate",0.018541,0.045873,0.053218,-0.068754,0.01999,-0.03998,0.010737,-0.02686,-0.061781,0.040202,-0.0038494,-0.0096576
"S-adenosylhomocysteine (SAH)",-0.04932,-0.062601,0.018222,-0.07862,-0.013262,0.066069,-0.018904,-0.003274,0.0221,-0.012905,-0.020844,-0.036344
"S-adenosylmethionine (SAM)",-0.031055,-0.033564,0.012994,-0.017224,-0.019942,-0.036795,-0.021284,0.022541,-0.044111,-0.15335,-0.00051025,-0.0024871
"saccharopine",-0.0096992,-0.097349,-0.005263,-0.0036137,0.022928,-0.010406,0.01225,-0.0083843,0.032869,0.013681,-0.015144,-0.010625
"salicylate",0.054184,-0.058215,-0.039068,0.0081695,-0.011913,-0.01094,0.069954,0.044669,-0.069511,0.029937,-0.020444,-0.0037557
"sarcosine (N-Methylglycine)",0.0026611,0.072703,0.026077,0.046609,0.017551,0.03088,-0.0078977,-0.05468,0.10527,-0.1532,0.11527,0.0057999
"sebacate (decanedioate)",0.061905,-0.038755,-0.0058348,-0.024142,0.053171,0.00031702,0.0092569,-0.0041797,-0.0096558,0.059203,-0.077694,0.017774
"sedoheptulose-7-phosphate",0.045891,0.039155,0.0057604,-0.08564,0.02688,-0.026452,-0.057628,0.046872,-0.033185,0.031653,-0.01501,0.00040995
"serine",-0.027999,-0.086789,0.029887,-0.001854,-0.016589,-0.012058,-0.0034182,0.082068,-0.0033297,-0.0059957,0.015028,0.13739
"spermidine",0.045882,-0.064646,-0.0088287,-0.0029749,-0.0086499,0.051778,0.013454,-0.022697,0.028638,-0.026014,0.0073683,-0.030785
"sphinganine",0.069896,0.02432,0.018025,-0.036536,0.029037,0.0017924,-0.016796,0.017443,0.056484,0.033231,0.032853,0.010467
"sphingomyelin (d18:1/14:0, d16:1/16:0)*",-0.058648,-0.074195,-0.012251,0.0021867,0.020213,0.021392,-0.016761,-0.0035747,0.0064326,0.0082912,-0.00014959,-0.0036193
"sphingomyelin (d18:1/15:0, d16:1/17:0)*",0.020486,-0.097093,0.033691,-0.030684,-0.020667,0.038544,-0.031467,0.029236,0.0034339,0.018539,0.032248,0.0086983
"sphingomyelin (d18:1/17:0, d17:1/18:0, d19:1/16:0)",-7.4555e-05,-0.094207,0.007478,-0.032178,0.010644,0.03016,-0.02663,0.011105,-0.018678,-0.024087,-0.017701,-0.00029188
"sphingomyelin (d18:1/18:1, d18:2/18:0)",0.056832,-0.083077,0.018941,-0.014959,0.026148,-0.012386,-0.03168,-0.0017223,-0.0088294,0.0037811,-0.0050562,0.028733
"sphingomyelin (d18:1/20:0, d16:1/22:0)*",0.065543,-0.02868,0.020009,-0.055397,0.0048007,0.0027253,-0.038678,0.036304,-0.03795,-0.061648,-0.023468,-0.028819
"sphingomyelin (d18:1/20:1, d18:2/20:0)*",0.072766,-0.045782,0.0059953,-0.010435,0.030617,-0.003555,-0.014496,0.0041643,-0.012502,0.012762,-0.00082736,0.013803
"sphingomyelin (d18:1/21:0, d17:1/22:0, d16:1/23:0)*",0.068997,0.0021446,0.019521,-0.034074,-0.016839,0.029924,-0.026678,0.044045,-0.04021,-0.00549,-0.018245,0.01459
"sphingomyelin (d18:1/22:1, d18:2/22:0, d16:1/24:1)*",0.075176,-0.061025,0.00010228,-0.014777,0.0090081,-0.0098963,-0.030864,0.023204,-0.034024,0.0087462,-0.014548,-0.014941
"sphingomyelin (d18:1/24:1, d18:2/24:0)*",0.05739,-0.013671,0.017101,-0.05357,-0.014271,0.048199,-0.03711,0.071434,-0.036148,0.050026,0.015235,-0.16204
"sphingomyelin (d18:2/16:0, d18:1/16:1)*",-0.024166,-0.088127,-0.023987,0.025318,0.01372,0.019677,-0.024209,0.0053143,-0.0057616,0.02931,0.0039097,-0.01673
"sphingomyelin (d18:2/23:0, d18:1/23:1, d17:1/24:1)*",0.080115,-0.020125,0.021806,-0.02567,0.00065935,-0.0072663,-0.011405,0.025277,-0.029858,0.020725,-0.02786,0.023888
"sphingomyelin (d18:2/24:1, d18:1/24:2)*",0.052784,-0.065837,-0.040443,-0.012812,-0.001831,0.046338,-0.079683,0.06979,-0.030278,0.080306,0.013232,-0.040724
"sphingosine",-0.042913,0.08313,0.027803,-0.021898,0.0070179,-0.034676,-0.023791,0.025484,0.0085515,0.016905,-0.015518,-0.019842
"stachydrine",-0.042712,0.10178,-0.096033,-0.00084116,-0.037812,0.018034,0.031257,-0.048956,-0.011651,-0.024715,0.080724,0.01376
"stearate (18:0)",0.06241,-0.045765,0.0444,-0.0021937,-0.036801,0.0050201,0.065408,-0.028569,0.011837,-0.0027016,-0.016067,-0.060641
"stearidonate (18:4n3)",0.028526,0.07637,-0.094108,0.013714,0.035681,0.024008,-0.078222,0.017533,-0.12589,-0.092215,-0.097931,0.0032017
"stearoyl ethanolamide",0.070446,-0.014209,0.020662,-0.015963,0.039596,-0.0064878,-0.0030491,-0.0011369,0.0039399,0.010219,-0.025319,0.0035399
"stearoyl sphingomyelin (d18:1/18:0)",0.058083,-0.080523,0.02028,-0.041864,0.0093718,0.010456,-0.036964,0.022357,-0.0017234,-0.015686,0.0034415,-0.04878
"stearoylcarnitine",-0.070111,-0.050158,0.0024163,-0.011931,-0.040061,-0.03068,-0.017365,0.029402,0.076018,-0.0061835,-0.020812,-0.016247
"succinate",0.050306,-0.013746,0.045889,-0.0036861,-0.034803,-0.032256,-0.015434,0.0076059,-0.11826,0.025158,0.024762,-0.02368
"succinylcarnitine",0.063427,-0.013219,0.018865,-0.013206,-0.01121,0.034237,-0.058242,0.04183,-0.034387,-0.01586,0.0014058,0.013854
"sucrose",0.048726,-0.024832,-0.025801,-0.060626,0.08252,-0.038202,0.038306,0.00091793,-0.0077924,-0.086684,-0.038061,-0.0061814
"sulfate*",0.064226,-0.005533,0.05787,0.075549,0.0099639,0.044027,0.0047682,0.035161,-0.050163,-0.024274,0.0039256,0.0048186
"tartronate (hydroxymalonate)",0.001196,-0.019326,0.035705,-0.013664,-0.13516,0.094945,-0.088236,0.17512,0.043725,0.048574,-0.016204,-0.04293
"taurine",0.078851,-0.018504,0.0193,-0.037136,0.0027248,0.024027,-0.011016,0.037565,-0.010629,0.0103,0.0011689,-0.045474
"tauro-beta-muricholate",0.0031319,0.026866,-0.11802,-0.062678,-0.059854,-0.026963,-0.042056,-0.0021772,0.06604,-0.022522,-0.021099,-0.020772
"taurocholate",0.0050796,0.031325,-0.12146,-0.050645,-0.045861,-0.039382,-0.035425,0.014238,0.076899,-0.045809,-0.018376,-0.0097715
"taurocyamine",0.074767,-0.015906,0.017001,-0.037959,-0.035273,-0.0074675,0.011487,0.03252,-0.0065068,0.003589,-0.07109,0.028701
"taurodeoxycholate",0.031875,-0.021067,-0.096165,-0.0083128,-0.035992,-0.020806,0.095429,0.0025934,0.02907,-0.032493,-0.016417,-0.005114
"tetradecanedioate",0.054678,-0.044313,0.014797,-0.037021,0.041646,-0.017282,-0.038174,0.011393,-0.042941,-0.027652,-0.014306,0.0060522
"thiamin (Vitamin B1)",-0.019222,0.036407,-0.015089,-0.09176,0.053291,0.050545,0.059347,0.040067,0.050158,0.038377,0.010981,0.017939
"thiamin monophosphate",-0.02515,0.0786,0.027338,-0.063635,-0.021661,-0.0094948,0.026083,0.004606,-0.043872,-0.022405,-0.028326,0.010084
"threonate",-0.050347,-0.020242,0.053992,-0.013812,0.04463,-0.069747,0.032171,0.002461,-0.10521,-0.027675,0.036973,-0.094267
"threonine",-0.043922,-0.081719,0.062919,-0.032516,-0.024546,0.0046889,0.021299,0.044632,-0.0038804,-0.016253,-0.015722,-0.084837
"thymidine",-0.030562,0.022476,0.0030259,0.039285,-0.032108,-0.072563,0.022432,0.019317,-0.17072,0.018515,0.044254,0.040853
"tiglylcarnitine",0.059052,0.0051276,-7.4668e-05,-0.017856,-0.085494,-0.055815,0.016091,0.1532,0.018699,0.037344,-0.12136,0.019753
"trans-4-hydroxyproline",0.0071252,-0.075465,0.010569,0.02843,-0.054916,-0.011502,-0.039892,0.081982,-0.019312,0.019625,-0.13845,0.035268
"trans-urocanate",0.054549,0.016515,0.058453,0.02933,-0.018844,0.02889,0.006016,-0.05329,-0.024682,-0.021887,-0.068814,0.0065988
"tricosanoyl sphingomyelin (d18:1/23:0)*",0.064702,0.020381,0.013313,-0.026551,0.0005143,0.037568,-0.030353,0.043504,-0.029644,-0.0080604,-0.036045,0.027619
"trigonelline (N'-methylnicotinate)",-0.041995,0.079186,-0.086248,-0.072359,-0.05668,0.053294,-0.02739,0.079938,-0.052819,0.02182,-0.1112,-0.0080379
"trimethylamine N-oxide",-0.032661,0.055767,-0.023383,0.13399,0.030639,0.016362,-0.058476,0.11523,-0.065172,-0.055575,-0.048101,0.0086541
"tryptophan",0.067427,0.034964,-0.012119,0.0019942,-0.012413,-0.00040679,0.039083,-0.012554,0.0053009,-0.038188,0.10145,0.028595
"tyrosine",-0.032112,-0.052243,0.066911,-0.0080967,0.040779,0.031136,-0.010388,0.034838,0.044476,0.01448,-0.090678,-0.00049808
"tyrosylglycine",0.069647,-0.020151,-0.031096,-0.050779,0.042363,0.053538,0.017949,0.013217,0.027827,0.04792,0.036215,0.030729
"UDP-galactose",-0.023886,0.015978,-0.030862,-0.11304,0.11812,-0.087292,0.028363,0.053709,-0.052689,-0.10917,-0.046903,0.038215
"UDP-glucose",-0.015373,0.050968,0.02771,-0.11438,-0.024097,-0.067229,0.020484,-0.09706,-0.10447,0.036983,-0.075581,-0.022263
"UDP-glucuronate",0.060277,-0.014246,0.059856,0.062892,-0.013983,0.028459,0.02495,0.058268,0.011453,0.011431,0.10198,0.029901
"UDP-N-acetylgalactosamine",-0.04007,-0.021695,0.050336,-0.0078795,-0.061159,0.014782,0.03067,-0.041957,-0.10251,0.055172,-0.027139,0.029777
"UDP-N-acetylglucosamine",-0.036968,-0.021097,0.093434,-0.0015937,0.013318,0.03683,0.014948,-0.0084434,-0.089686,0.056688,-0.036636,-0.029692
"uracil",-0.013043,-0.041452,-0.050994,-0.051563,-0.062283,-0.025679,-0.059097,0.11009,0.13511,-0.057507,-0.0085353,-0.021952
"urate",0.048336,-0.079673,0.045201,-0.0018499,0.042261,0.012502,-0.031042,-0.063387,0.085738,-0.030924,-0.14434,-0.0046913
"urea",0.057438,-0.015744,0.038923,-0.052008,-0.0098884,0.033773,0.029168,0.059214,0.0138,-0.0088774,0.0005458,0.063645
"uridine",-0.06486,0.0040992,-0.0015095,-0.059813,-0.047269,0.0023665,-0.011696,0.036874,0.018106,-0.030879,0.029802,-0.025758
"uridine 5'-diphosphate (UDP)",0.0094528,0.040963,0.07569,-0.033448,0.023779,-0.0064185,0.01417,-0.014429,-0.090877,0.036942,-0.016503,0.0077469
"uridine 5'-monophosphate (UMP)",0.070859,-0.035571,0.0038884,0.0062926,0.019519,0.0099109,-0.0059154,-0.017423,-0.054904,0.008039,-0.0049782,0.010942
"valine",-0.044906,-0.077866,0.031674,-0.011012,-0.046895,-0.03234,0.0038219,0.039521,-0.029515,0.014395,-0.022873,0.020369
"valylglycine",0.030479,0.046251,0.10802,-0.013623,0.081461,0.021953,-0.06517,-0.026538,0.028338,-0.0086968,-0.071428,-0.00044186
"xanthine",-0.054468,0.025448,0.020083,-0.11645,-0.029426,0.011735,0.0074115,0.028813,0.0077564,-0.02907,-0.0036229,-0.023995
"xanthosine",-0.024634,0.040312,-0.04529,-0.10662,0.079952,-0.04701,0.025363,0.073502,-0.010231,-0.14881,-0.034175,-0.029659
