"","Comp 1","Comp 2","Comp 3","Comp 4","Comp 5","Comp 6","Comp 7","Comp 8","Comp 9","Comp 10","Comp 11"
"1,2-dilinoleoyl-GPC (18:2/18:2)",-0.016104,-0.066937,0.0077567,-0.048875,-0.027508,0.041239,-0.057898,-0.0064711,0.02003,-0.037374,0.017204
"1,2-dioleoyl-GPC (18:1/18:1)*",0.025567,0.065492,-0.019992,-0.02019,-0.016296,0.05744,-0.081345,0.017981,0.012944,-0.0045752,0.018052
"1,2-dioleoyl-GPE (18:1/18:1)",0.086744,-0.022575,0.056198,-0.016434,-0.015452,0.090421,-0.062776,-0.0026037,0.03234,-0.047359,-0.0038525
"1,2-dipalmitoyl-GPC (16:0/16:0)",-0.057469,-0.0022988,0.070459,-0.029736,-0.11619,0.093008,0.024301,-0.013108,0.025409,-0.042213,-0.020483
"1,2-distearoyl-GPC (18:0/18:0)",-0.06475,0.098193,-0.07051,0.0119,0.0079602,-0.012082,-0.017019,0.0040851,0.014045,-0.0094187,-0.025238
"1,5-anhydroglucitol (1,5-AG)",-0.087248,-0.013555,0.027234,0.038693,-0.12572,0.050215,-0.059055,0.087443,0.04445,-0.086127,0.10151
"1-(1-enyl-oleoyl)-GPE (P-18:1)*",0.0034245,0.048482,-0.022178,-0.057351,0.025489,0.038621,-0.027819,0.014526,-0.067394,0.06162,0.024563
"1-(1-enyl-palmitoyl)-2-arachidonoyl-GPC (P-16:0/20:4)*",-0.052398,0.088562,-0.0585,0.028824,0.0075925,0.055318,-0.032325,0.0014918,0.026055,-0.012545,-0.022171
"1-(1-enyl-palmitoyl)-2-arachidonoyl-GPE (P-16:0/20:4)*",0.097453,-0.025517,-0.037612,0.024542,-0.021981,0.067483,-0.061135,0.037891,0.023113,-0.016187,-0.045427
"1-(1-enyl-palmitoyl)-2-linoleoyl-GPC (P-16:0/18:2)*",-0.085066,0.064541,0.016174,-0.068222,-0.011729,-0.0329,0.0042477,0.036754,0.038978,-0.023539,0.046957
"1-(1-enyl-palmitoyl)-2-linoleoyl-GPE (P-16:0/18:2)*",0.044561,-0.063287,0.017888,-0.040849,-0.044878,0.0071655,-0.054459,0.049091,0.012879,-0.0073785,-0.016402
"1-(1-enyl-palmitoyl)-2-oleoyl-GPC (P-16:0/18:1)*",-0.062289,0.031311,-0.02529,0.0178,-0.085082,-0.056133,0.024878,0.062661,-0.011385,0.14917,-0.071568
"1-(1-enyl-palmitoyl)-2-oleoyl-GPE (P-16:0/18:1)*",-0.008567,-0.032269,0.096372,-0.067468,-0.022253,0.031596,-0.032472,0.1119,0.033323,-0.0062835,0.009298
"1-(1-enyl-palmitoyl)-2-palmitoleoyl-GPC (P-16:0/16:1)*",0.022128,0.029624,-0.082445,0.042506,-0.003207,0.019978,-0.0032129,0.075724,-0.0065231,-0.027758,-0.014762
"1-(1-enyl-palmitoyl)-2-palmitoyl-GPC (P-16:0/16:0)*",-0.084198,0.044292,0.020001,-0.0441,-0.059189,0.012388,0.008389,0.082062,0.02784,-0.028304,0.025703
"1-(1-enyl-palmitoyl)-GPC (P-16:0)*",0.05212,-0.0055836,-0.087712,0.067907,-0.029013,-0.0089299,0.062003,-0.0032126,-0.0090833,-0.0032912,-0.0015725
"1-(1-enyl-palmitoyl)-GPE (P-16:0)*",-0.056131,0.034294,0.028555,0.0406,-0.10538,0.0091221,-0.022963,0.079876,0.0042294,0.013329,0.03788
"1-(1-enyl-stearoyl)-2-arachidonoyl-GPE (P-18:0/20:4)*",0.018283,0.051045,-0.07133,0.035986,0.0094129,0.022241,-0.053221,0.029111,0.01522,-0.0084998,-0.034255
"1-(1-enyl-stearoyl)-2-linoleoyl-GPE (P-18:0/18:2)*",0.044734,-0.049463,-0.00041716,-0.036361,-0.056817,0.019292,-0.089753,0.030069,0.05995,-0.02714,-0.043646
"1-(1-enyl-stearoyl)-2-oleoyl-GPE (P-18:0/18:1)",-0.0002008,0.066806,-0.049803,0.036847,-0.013474,0.058808,-0.065062,0.044392,0.048107,-0.044131,0.019748
"1-(1-enyl-stearoyl)-GPE (P-18:0)*",-0.0012184,0.06222,-0.053778,-0.033986,0.045499,0.038395,-0.020628,-0.027405,-0.066357,0.060467,-0.017236
"1-arachidonoyl-GPC (20:4)*",0.041454,-0.0022198,-0.059909,-0.041442,0.071217,-0.096606,0.059437,-0.035682,0.042549,-0.057712,0.011542
"1-arachidonoyl-GPE (20:4)*",0.022872,0.036377,-0.088029,-0.040449,0.021928,0.035834,-0.081533,-0.045006,0.051701,-0.081652,0.079664
"1-arachidonoyl-GPI (20:4)*",-0.030593,0.050068,-0.051145,0.042121,-0.045603,-0.043874,-0.0037366,0.035824,-0.04246,0.078103,0.012614
"1-linolenoyl-GPC (18:3)*",0.059582,-0.041611,-0.0062465,-0.014785,0.012808,0.0019438,0.096154,-0.10482,-0.0092921,-0.022442,0.058742
"1-linoleoyl-2-arachidonoyl-GPC (18:2/20:4)*",0.065737,-0.02418,-0.053226,-0.051168,-0.014036,-0.00076327,-0.03072,-0.056138,0.11115,-0.062536,-0.027388
"1-linoleoyl-GPC (18:2)",0.066163,-0.045336,-0.018968,-0.03518,0.045345,-0.045772,0.076975,-0.056352,0.021635,-0.021813,0.038942
"1-linoleoyl-GPE (18:2)*",0.033093,-0.061241,-0.0072825,-0.078319,0.015795,-0.0041411,0.0079059,-0.023541,0.01192,-0.045929,0.033209
"1-linoleoylglycerol (18:2)",0.0003734,-0.048165,-0.0096451,-0.020005,-0.010715,0.026695,-0.034571,0.0086726,-0.030596,0.11877,0.13097
"1-methylhistidine",-0.050133,0.085529,-0.03816,0.0015885,0.021868,0.040783,-0.042735,-0.014397,-0.0095839,0.029349,0.013868
"1-methylimidazoleacetate",0.059415,-0.045022,0.042421,0.0086358,0.031716,0.044429,-0.076203,-0.028627,-0.027515,0.0023733,0.03159
"1-methylnicotinamide",0.093836,-0.0757,0.014682,-0.021492,-0.013796,-0.0017347,-0.0016264,-0.011058,-0.029795,-0.020625,-0.0054394
"1-oleoyl-2-linoleoyl-glycerol (18:1/18:2)",0.060223,-0.06971,0.024278,0.038671,-0.034151,0.036219,-0.0019154,-0.0022293,0.008964,-0.009634,-0.016609
"1-oleoyl-2-linoleoyl-GPC (18:1/18:2)*",0.087268,-0.069949,0.031142,-0.054151,-0.048953,0.022109,-0.032269,-0.017544,0.022539,-0.027134,-0.016054
"1-oleoyl-2-linoleoyl-GPE (18:1/18:2)*",0.064468,-0.071485,0.043931,-0.045334,-0.036911,0.022978,-0.046643,0.0042881,0.010717,-0.020887,-0.018655
"1-oleoyl-3-linoleoyl-glycerol (18:1/18:2)",0.07206,-0.070303,0.035928,0.029216,-0.040213,0.039768,0.0092144,-0.0053605,0.030391,0.01463,-0.019622
"1-oleoyl-GPC (18:1)",0.004929,-0.020553,-0.017593,-0.063811,0.059525,-0.11643,0.098246,-0.087588,0.057303,-0.057754,0.047046
"1-oleoyl-GPE (18:1)",-0.018302,0.029153,0.062931,-0.097513,-0.013244,0.037571,0.0058561,-0.010778,-0.055263,-0.0071594,0.10432
"1-oleoylglycerol (18:1)",0.077282,-0.036513,0.045622,-0.011381,-0.0047444,0.036981,-0.021478,0.045954,-0.031763,0.076575,0.092691
"1-palmitoleoyl-2-linoleoyl-GPC (16:1/18:2)*",0.037222,-0.076624,0.002879,-0.03947,-0.019399,0.034854,-0.017434,-0.020925,0.024325,-0.016273,-0.0059907
"1-palmitoleoyl-2-oleoyl-glycerol (16:1/18:1)*",0.10108,-0.049259,0.028726,0.027944,-0.031342,0.01913,0.049766,-0.0019858,0.0042531,0.0089992,-0.019712
"1-palmitoleoyl-3-oleoyl-glycerol (16:1/18:1)*",0.11134,-0.034736,0.034246,0.016753,-0.033633,0.0026507,0.060751,4.8609e-05,0.023093,0.026623,-0.024801
"1-palmitoleoyl-GPC (16:1)*",-0.00025481,0.0059837,-0.042342,-0.070966,0.080863,-0.098497,0.14002,-0.062609,0.029945,-0.066526,0.011455
"1-palmitoleoylglycerol (16:1)*",0.051346,-0.019891,0.025217,0.039646,0.036275,-0.090348,0.063721,-0.013588,-0.036059,0.12108,0.085168
"1-palmitoyl-2-arachidonoyl-GPC (16:0/20:4)",-0.080539,0.062905,0.0050753,-0.058913,0.0154,-0.017203,0.057287,-0.075266,0.049616,-0.013223,-0.045718
"1-palmitoyl-2-arachidonoyl-GPE (16:0/20:4)*",0.019129,-0.064004,0.073863,-0.042382,-0.0027164,0.0057475,-0.011142,-0.022329,0.0058206,0.051445,-0.074134
"1-palmitoyl-2-linoleoyl-glycerol (16:0/18:2)*",0.041106,-0.077233,0.018142,0.025705,-0.02612,0.029608,-0.017326,-0.016577,-0.0038136,-0.019304,-0.0059294
"1-palmitoyl-2-linoleoyl-GPC (16:0/18:2)",0.043781,-0.070426,0.0022379,-0.059708,-0.017015,0.0061856,0.0082678,-0.028848,0.0032563,-0.037513,-0.013507
"1-palmitoyl-2-linoleoyl-GPE (16:0/18:2)",0.044427,-0.074299,0.022396,-0.034894,-0.031869,0.023942,-0.032606,0.011462,0.0013755,-0.012662,-0.020455
"1-palmitoyl-2-oleoyl-GPC (16:0/18:1)",-0.04896,0.027114,0.08879,-0.077822,-0.021027,0.020383,0.036879,-0.048649,0.0072649,-0.01643,-0.031886
"1-palmitoyl-2-oleoyl-GPE (16:0/18:1)",0.050044,-0.065064,0.088391,-0.038882,-0.031178,0.04784,-0.036565,0.011368,0.0068536,-0.012828,-0.024253
"1-palmitoyl-2-oleoyl-GPG (16:0/18:1)",-0.075999,0.063316,0.027111,-0.052444,0.0049087,0.12043,-0.033019,-0.015537,0.038206,-0.0033229,-0.024924
"1-palmitoyl-2-palmitoleoyl-GPC (16:0/16:1)*",-0.025315,0.062381,-0.072725,-0.0028289,-0.0054776,0.052479,-0.013357,0.05525,-0.018134,-0.010642,-0.046004
"1-palmitoyl-2-stearoyl-GPC (16:0/18:0)",-0.030967,0.082764,-0.073434,0.030173,-0.020147,0.021572,-0.02236,0.014967,0.014107,-0.0032863,-0.01729
"1-palmitoyl-3-linoleoyl-glycerol (16:0/18:2)*",0.064132,-0.0826,0.046622,0.0099004,-0.035018,0.037482,-0.0006768,-0.0092797,0.014641,0.01574,-0.0056777
"1-palmitoyl-GPC (16:0)",0.0025087,-0.033335,0.013847,-0.085187,0.046884,-0.067067,0.12459,-0.079148,0.034188,-0.064297,0.037244
"1-palmitoyl-GPE (16:0)",-0.092715,0.015518,0.069498,-0.041197,-0.024842,-0.0092172,0.011656,-0.027451,0.0013388,0.017405,0.0046716
"1-palmitoyl-GPG (16:0)*",0.045015,-0.036748,0.057926,-0.014151,0.055593,-0.06275,0.034473,-0.072976,-0.085046,0.10772,0.068692
"1-palmitoyl-GPI (16:0)*",-0.018442,0.02262,0.029916,0.017653,-0.057951,0.023894,-0.012278,0.050197,-0.076214,0.085321,0.073822
"1-stearoyl-2-arachidonoyl-GPC (18:0/20:4)",-0.0024582,0.065424,-0.072159,0.018478,0.016665,0.016724,-0.028597,-0.014038,0.014401,-0.020468,-0.03567
"1-stearoyl-2-arachidonoyl-GPE (18:0/20:4)",0.089752,-0.024967,-0.043128,0.0094035,-0.016407,0.042091,-0.026556,-0.016793,0.0063979,0.012653,-0.061527
"1-stearoyl-2-arachidonoyl-GPI (18:0/20:4)",0.090507,-0.032989,-0.065573,0.00052595,-0.021003,-0.094653,0.0097081,-0.0041016,0.026721,0.039441,-0.083423
"1-stearoyl-2-arachidonoyl-GPS (18:0/20:4)",0.12122,-0.027641,0.0028288,0.0010443,-0.024599,0.070598,-0.013721,-0.038095,-0.0010882,-0.025648,-0.075307
"1-stearoyl-2-linoleoyl-GPC (18:0/18:2)*",0.1048,-0.060808,0.012607,-0.044407,-0.03563,0.045077,-0.042356,-0.017166,-0.0015579,-0.028342,-0.0090373
"1-stearoyl-2-linoleoyl-GPE (18:0/18:2)*",0.084069,-0.070769,0.018999,-0.029609,-0.034533,0.014274,-0.034548,0.0016591,-0.0010168,-0.0090237,-0.026083
"1-stearoyl-2-oleoyl-GPC (18:0/18:1)",0.015607,0.061453,-0.055482,0.01913,-0.0034773,0.035318,-0.043372,0.0024371,-0.0024348,-0.020449,-0.012142
"1-stearoyl-2-oleoyl-GPE (18:0/18:1)",0.06482,0.022812,-0.028811,0.026826,-0.034027,0.09075,-0.071059,0.010034,0.010897,-0.053007,0.011227
"1-stearoyl-2-oleoyl-GPS (18:0/18:1)",-0.020299,0.042221,0.069268,-0.0072328,-0.096308,0.06307,0.0097335,-0.076757,-0.057384,-0.012935,-0.0031667
"1-stearoyl-GPC (18:0)",0.049934,0.013602,-0.076697,-0.064746,0.041402,-0.04621,0.087814,-0.063211,0.014381,-0.046591,0.031887
"1-stearoyl-GPE (18:0)",-0.040228,0.068751,-0.031965,-0.0633,-0.035457,0.046335,0.011304,-0.045361,-0.017481,0.014054,0.030702
"1-stearoyl-GPI (18:0)",-0.047488,0.062791,0.0033907,-0.01023,0.020269,-0.032692,0.040498,-0.046553,-0.024979,-0.016326,0.045694
"1-stearoyl-GPS (18:0)*",-0.055779,0.058525,0.014497,0.0064705,0.011664,-0.021791,0.031241,-0.048813,-0.032104,-0.019285,0.056908
"10-heptadecenoate (17:1n7)",0.099674,-0.035955,0.019193,0.05373,0.018424,-0.016141,-0.00096096,-0.030869,-0.050271,-0.019626,0.048019
"10-nonadecenoate (19:1n9)",0.05104,-0.028379,0.041215,-0.028112,0.08121,-0.026956,-0.02085,-0.013182,0.0041867,-0.025534,0.12044
"12,13-DiHOME",-0.036455,-0.054836,-0.043526,0.029655,-0.044703,0.063923,-0.090869,-0.033872,0.011943,0.010697,0.068934
"12-HETE",-0.040942,0.057641,0.0043024,0.045947,-0.058623,0.038329,-0.051381,0.023087,0.013982,0.024037,0.06769
"15-HETE",-0.059098,0.031804,-0.032534,0.014019,-0.013133,0.0041541,0.0064367,-0.044982,0.052569,0.0019697,0.093872
"15-methylpalmitate",0.10552,-0.038143,0.029533,-0.0022309,0.063166,-0.024003,-0.0011082,0.0047126,-0.018348,0.0064052,0.030017
"16-hydroxypalmitate",0.079421,-0.051185,-0.005274,0.049623,-0.057379,-0.0092336,-0.01439,-0.0088866,-0.023776,0.015657,-0.0561
"17-methylstearate",0.054421,-0.058372,0.028124,0.0047918,0.066195,-0.060539,-0.0045572,-0.04284,-0.0042027,0.0046923,0.085348
"2'-deoxycytidine",-0.055437,0.031602,0.034938,-0.090966,0.081509,0.0040679,0.023611,-0.01322,0.013012,-0.13021,0.10942
"2'-deoxyguanosine",0.041039,-0.0019826,-0.076145,0.00038055,-0.029623,-0.033233,0.06198,0.076062,-0.11537,-0.07664,-0.0015473
"2'-deoxyinosine",0.062739,-0.056204,-0.06173,0.00078393,-0.043164,-0.019445,0.067294,-0.017888,-0.094996,-0.024477,-0.00053938
"2'-deoxyuridine",0.070086,-0.046469,-0.015277,-0.051768,0.010186,0.070911,-0.059251,0.12918,-0.062314,0.082748,0.044249
"2-aminoadipate",-0.0067766,0.07626,-0.055693,0.024964,-0.013088,-0.015901,-0.0264,0.024572,0.0022371,-0.0043511,-0.0058751
"2-aminoheptanoate",0.053595,-0.015509,-0.067951,0.0073534,-0.079517,0.061141,0.0021895,0.0010107,0.020961,0.040701,0.15982
"2-aminooctanoate",0.041088,-0.050218,0.05154,0.012539,0.00092632,0.0077049,0.067879,-0.16728,0.0062728,-0.015826,0.057315
"2-hydroxy-3-methylvalerate",0.047019,-0.008113,0.041706,0.011614,0.073243,0.013249,-0.030016,-0.10234,-0.0054713,0.077843,-0.026076
"2-hydroxybutyrate/2-hydroxyisobutyrate",0.10061,-0.015626,0.035028,0.00074169,-0.0079062,0.035545,0.05264,-0.0093021,0.026263,-0.011089,0.016537
"2-hydroxyglutarate",0.028274,-0.057845,0.095553,-0.050162,-0.0035153,0.007443,-0.030671,-0.01794,0.017805,0.027787,-0.045172
"2-hydroxystearate",0.086333,-0.015923,0.027177,-0.00048921,-0.011292,0.014894,0.096901,0.053782,-0.039401,0.041387,0.070344
"2-linoleoylglycerol (18:2)",-0.011238,-0.0080839,-0.062475,0.048092,0.0023878,0.05871,-0.038682,0.015599,-0.11151,0.14755,0.15878
"2-methylbutyrylcarnitine (C5)",0.066772,0.00093885,0.002863,-0.13003,0.0063194,-0.041951,0.007704,0.015752,0.10028,0.012491,0.079792
"2-methylbutyrylglycine",0.078212,-0.052332,0.036189,-0.031094,0.026061,0.055782,-0.030041,-0.036075,0.0091295,0.028714,0.0046667
"2-methylcitrate/homocitrate",0.034514,-0.052877,-0.002956,-0.012705,-0.021609,-0.070813,0.07389,-0.063539,-0.016572,0.1011,-0.10423
"2-oleoylglycerol (18:1)",0.04839,0.022379,-0.011065,0.0089068,0.0207,-0.10146,0.12604,-0.0010113,0.0028982,0.083208,0.062269
"2-palmitoleoyl-GPC (16:1)*",-0.011795,0.01381,-0.088965,-0.078781,-0.048874,-0.015092,0.054346,0.0014401,-0.040014,-0.058133,0.058179
"2-palmitoyl-GPC (16:0)*",0.042178,-0.044719,0.022812,-0.056984,0.039421,-0.0062625,0.069109,-0.082683,0.030953,-0.068117,0.023516
"2-stearoyl-GPE (18:0)*",0.026715,0.015725,-0.0073198,-0.055069,0.065507,-0.14198,0.075131,-0.081443,-0.025888,0.105,0.013682
"3-(4-hydroxyphenyl)lactate",0.020714,0.04671,0.066799,-0.037136,0.034769,0.039714,0.0268,-0.11543,-0.025918,0.011531,0.090279
"3-aminoisobutyrate",0.057775,-0.040877,0.082954,-0.015712,-0.005953,0.032762,-0.017872,-0.032468,0.013783,0.018324,0.041856
"3-hydroxy-3-methylglutarate",-0.040303,0.0010032,0.11411,-0.056679,-0.0039313,-0.01443,-0.0098804,-0.052428,0.019497,0.03425,-0.045945
"3-hydroxybutyrate (BHBA)",0.038672,-0.041831,0.0061345,0.065671,-0.050726,-0.017691,0.045255,-0.10539,0.030913,0.018104,-0.026962
"3-hydroxybutyrylcarnitine (1)",0.058781,-0.061552,-0.0096866,0.0046379,0.037965,-0.039496,-0.0069586,-0.048552,0.059314,0.057344,-0.065561
"3-hydroxybutyrylcarnitine (2)",0.0099439,-0.053413,0.026835,-0.078199,0.070927,0.022409,-0.028238,-0.077678,0.11311,0.079931,-0.001229
"3-hydroxyisobutyrate",0.091236,0.0073348,0.032942,0.023033,-0.053363,-0.061927,0.10714,0.047316,0.02839,0.041555,-0.0012554
"3-indoxyl sulfate",0.045895,-0.039868,0.0049287,0.1078,-0.046897,-0.086831,-0.030864,0.055968,0.054668,-0.080545,0.013392
"3-methylcytidine",-0.030235,0.041304,-0.017321,0.14029,-0.087537,-0.029142,0.083265,-0.032551,0.0062944,0.03252,-0.01482
"3-methylhistidine",-0.032228,0.063277,-0.029865,-0.015261,0.035337,0.11387,-0.036223,-0.057124,-0.04703,-0.012805,-0.0082665
"3-phosphoglycerate",-0.092426,0.060813,0.045251,0.010321,-0.0038943,0.03107,0.0052236,0.0015355,0.055052,-0.026264,-0.0087132
"3-ureidopropionate",0.037192,-0.048512,-0.0048933,0.095333,-0.036053,0.07116,0.03396,-0.047862,0.082407,0.047338,0.016517
"4-cholesten-3-one",0.066012,-0.060838,0.065644,-0.050273,-0.0607,0.06849,0.0022499,0.0011026,0.015964,0.0028373,-0.044947
"4-guanidinobutanoate",-0.13611,-0.002049,-0.060538,-0.027869,0.02052,0.059617,-0.0089594,-0.0057766,-0.0074248,-0.062911,0.062386
"4-imidazoleacetate",0.08642,-0.05844,0.020503,-0.035621,0.0030576,0.012195,-0.059934,-0.026816,-0.022638,-0.024826,0.046654
"5-aminovalerate",-0.05233,0.014222,-0.03037,0.049458,0.043029,0.065877,0.084932,-0.078253,0.05372,0.019138,0.089131
"5-dodecenoate (12:1n7)",0.064551,-0.016096,-0.015606,0.093654,-0.012817,0.017657,0.0086676,-0.017637,-0.029765,-0.097253,-0.053488
"5-methylthioadenosine (MTA)",-0.058745,0.073745,-0.00083946,-0.046876,-0.016671,-0.0078505,0.013237,0.010734,-0.0065501,0.030794,0.023229
"5-oxoproline",-0.065974,0.085956,-0.034029,0.028106,0.010176,0.019994,-0.042897,-0.012239,0.02296,-0.028427,0.012446
"6-phosphogluconate",0.028891,-0.050491,-0.035009,0.022425,0.0086505,-0.019019,0.012134,-0.026245,0.12351,0.021038,-0.078587
"7-hydroxycholesterol (alpha or beta)",0.070954,-0.057655,0.053379,0.011109,-0.081897,-0.056739,0.056764,-0.030796,0.057092,-0.029159,0.0048583
"7-methylguanine",-0.064176,0.026657,-0.0083856,-0.092116,0.047303,0.056408,-0.0001671,-0.067959,0.023283,0.071015,0.0021191
"9,10-DiHOME",-0.04032,-0.047869,-0.0497,0.0152,-0.014589,0.076691,-0.12743,-0.020115,0.036104,0.017854,0.054737
"acetylcarnitine",-0.037952,-0.033606,0.07983,0.0018038,0.049458,0.086261,0.0056483,-0.058445,0.078798,0.036102,0.00064548
"acetylphosphate",-0.057034,0.040768,-0.0062509,-0.024358,-0.10215,0.066088,-0.073967,-0.0055001,0.059694,0.012967,-0.034011
"aconitate [cis or trans]",-0.063014,0.023953,0.040294,0.004797,0.067847,-0.16815,-0.0049333,0.073713,0.037178,0.018634,-0.058122
"adenine",-0.072085,0.060956,0.024144,-0.026746,-0.014997,-0.046591,0.015861,-0.084392,-0.037695,-0.0046152,0.013702
"adenosine",0.066123,-0.027661,0.069844,-0.031908,-0.052883,-0.056325,0.043025,0.015904,-0.010039,-0.078477,-0.019694
"adenosine 2'-monophosphate (2'-AMP)",-0.031698,-0.026293,0.035875,-0.12231,0.10042,-0.045792,0.004749,0.016969,-0.052173,0.10875,-0.013199
"adenosine 3',5'-diphosphate",-0.017929,-0.031542,0.047156,0.064987,0.0071736,-0.087251,0.032691,-0.020418,-0.01202,0.18527,0.05257
"adenosine 3'-monophosphate (3'-AMP)",0.037248,-0.046192,0.033482,-0.012841,-0.062828,-0.053405,-0.024431,-0.0042485,-0.076924,0.10247,-0.036396
"adenosine 5'-diphosphoribose (ADP-ribose)",0.069316,-0.035956,-0.063535,0.045158,0.0054894,0.050041,-0.050008,0.041924,0.080825,-0.088165,-0.060025
"adenosine 5'-monophosphate (AMP)",0.094351,-0.073287,-0.020637,-0.016368,-0.0037978,0.0151,-0.0039558,0.010103,0.029412,-0.01514,-0.018005
"adrenate (22:4n6)",0.068325,-0.025929,0.023287,-0.0036034,0.017279,-0.076924,0.010029,0.074893,-0.0010506,0.065446,0.051075
"alanine",0.094294,0.0013999,0.0056627,-0.075119,-0.041459,0.024604,0.042223,-0.04867,0.024431,0.00016532,-0.033438
"allantoin",-0.021152,-0.037018,-0.039541,0.093894,-0.091848,0.044611,0.029747,-0.066653,0.036632,0.027039,0.022356
"alpha-hydroxyisocaproate",0.066343,-0.02643,0.045222,0.063184,0.051671,-0.032303,-0.071021,-0.040563,0.0052226,0.053793,-0.00068361
"alpha-hydroxyisovalerate",-0.016796,0.072315,0.045006,-0.010865,-0.01618,-0.062376,0.0080459,-0.0033804,0.049715,0.09471,0.0077349
"alpha-ketoglutarate",0.048599,-0.043702,-0.091336,-0.050131,-0.0039058,0.0028503,0.032849,-0.08411,0.11138,0.11687,-0.03338
"alpha-tocopherol",0.12814,-0.032179,0.0093647,0.017596,0.031795,0.0069386,-0.048879,-0.0053094,0.064807,0.0056214,-0.065661
"anserine",-0.0062736,-0.04617,0.062177,0.088865,-0.10588,-0.026761,-0.096218,0.048678,-0.092436,-0.012811,0.08435
"arabitol/xylitol",0.053555,-0.048485,-0.017754,0.027466,0.013733,0.038836,0.11098,-0.088313,0.0078847,-0.03121,-0.053626
"arabonate/xylonate",0.039426,0.037811,-0.090954,0.027779,0.0033329,0.03413,-0.019005,0.0052605,0.01741,-0.016606,0.013107
"arachidate (20:0)",0.090037,-0.051158,0.020596,0.0005396,0.033619,-0.047872,0.020772,-0.025531,-0.037547,0.034969,0.081586
"arachidonate (20:4n6)",0.1041,-0.00098877,0.01866,0.037392,-0.0086149,-0.042576,0.031563,-0.041883,-0.11283,-0.0033638,0.023457
"arachidonoyl ethanolamide",0.096807,-0.064168,0.031021,0.033757,-0.0028778,-0.0211,-0.019165,0.025476,0.0019631,0.033736,-0.047793
"arginine",-0.0055878,0.053162,0.0091705,-0.079056,0.023142,0.054161,-0.036563,-0.013859,0.00174,-0.016325,0.022487
"argininosuccinate",-0.050327,0.078056,-0.067488,-0.023669,0.034521,0.030777,-0.016529,-0.04746,0.0071568,0.037693,-0.015213
"ascorbate (Vitamin C)",0.050791,-0.038643,0.048179,-0.006519,0.071205,0.011103,0.076858,-0.0080444,0.028035,0.086771,-0.17759
"asparagine",-0.014529,0.067984,-0.0049954,-0.047821,-0.034475,0.028081,-0.0015065,-0.026036,0.013242,0.0077846,0.022834
"aspartate",-0.062681,0.067418,0.0010878,-0.041355,-0.077892,0.018067,0.062255,0.030183,-0.0069712,0.042986,-0.010269
"azelate (nonanedioate)",0.06399,-0.077424,-0.046603,0.039612,0.033306,0.071409,0.025391,-0.027872,0.052996,-0.016278,0.022232
"behenoyl sphingomyelin (d18:1/22:0)*",0.095241,-0.055688,0.018553,-0.023646,-0.066025,0.049511,-0.023263,-0.015568,-0.01313,-0.035339,0.0048845
"beta-alanine",0.039035,0.062682,-0.0084101,0.019906,-0.027961,0.074597,-0.045424,-0.040857,-0.057045,-0.072623,0.018121
"beta-guanidinopropanoate",-0.05336,-0.041003,0.042174,-0.0020831,0.013496,0.0083845,-0.067496,0.076981,0.014066,-0.032195,-0.06747
"beta-hydroxyisovaleroylcarnitine",0.099717,-0.018624,0.011162,0.016023,-0.0048833,0.059824,-0.045586,0.051439,0.02346,0.108,-0.0050237
"betaine",-0.098263,0.063586,0.047078,0.013306,-0.037677,0.014477,0.0012029,-0.036837,-0.014013,0.034674,-0.012108
"betaine aldehyde",-0.044903,0.077297,-0.021975,0.044944,0.034876,0.082195,-0.050354,0.016863,0.045113,0.019647,-0.017875
"butyrylcarnitine",-0.058511,0.044834,0.02298,-0.10902,0.027856,-0.053705,0.014824,0.06272,0.05177,-0.040688,0.056619
"C-glycosyltryptophan",-0.011091,0.01783,0.086498,0.034114,-0.10085,0.11395,-0.047308,-0.0028047,0.017496,-0.038707,0.074449
"carboxyethyl-GABA",0.0040577,0.01764,-0.015364,0.047425,0.05323,-0.0096723,0.17385,0.060763,-0.08146,0.063336,0.02033
"carnitine",0.092298,-0.06855,-0.019157,0.020869,0.041535,0.056571,-0.017436,0.055709,-0.014622,-0.0012299,-0.022392
"carnosine",-0.033601,-0.030835,0.0067726,0.095693,-0.085992,0.034155,-0.094444,-0.018476,0.078617,0.015183,0.1452
"cholesterol",0.064964,-0.050012,0.0046205,-0.031689,-0.0042711,0.00030042,0.012751,0.066366,0.066457,0.037667,-0.014699
"choline",0.022596,0.057326,-0.047045,0.019433,-0.056242,0.087076,-0.049325,0.012789,-0.0021684,0.027237,-0.021389
"choline phosphate",-0.037744,-0.016381,0.11688,-0.052488,-0.015068,0.025844,-0.016552,0.0043078,-0.014309,0.04755,-0.0035616
"citrate",-0.10125,0.061843,0.052806,-0.03968,-0.00015656,-0.056815,-0.041539,0.06609,0.036265,0.0087267,-0.02722
"citrulline",0.087212,0.013998,-0.051844,0.0010978,-0.060443,0.082409,-0.024041,0.022224,0.0036986,-0.0036494,0.039271
"corticosterone",0.0851,-0.042421,0.043651,0.045621,-0.037377,-0.022231,0.062876,-0.030171,0.041248,-0.0058745,0.054702
"creatine",-0.0108,-0.040594,0.11402,0.0025059,0.01178,-0.006972,-0.036391,0.013923,0.014265,0.022771,-0.032517
"creatine phosphate",0.0012247,-0.035913,0.10262,-0.076098,0.0048303,-0.016595,0.021025,0.0090995,0.00794,0.044881,0.0067278
"creatinine",-0.052938,-0.019369,0.11173,0.015349,0.021553,0.0049714,-0.027986,-0.010259,0.017924,0.026251,-0.016049
"cysteine",-0.057086,0.076308,-0.028462,-0.045602,0.040425,-0.035273,-0.024868,0.018564,0.00362,0.014731,-0.069202
"cysteine sulfinic acid",-0.039736,0.071676,-0.020384,0.0011997,0.0068886,0.073897,-0.044345,0.11096,-0.0072692,-0.028781,0.047226
"cystine",-0.0051223,0.022074,-0.0022997,-0.14798,0.069859,0.060342,-0.060014,0.037311,0.014221,0.0089853,0.043346
"cytidine",-0.090998,0.054782,0.056392,-0.0093977,-0.032959,0.030502,-0.014919,-0.010697,0.0056293,0.021273,0.014479
"cytidine 3'-monophosphate (3'-CMP)",0.0053222,-0.062303,0.041022,0.037521,-0.063344,-0.16121,0.055098,-0.01712,0.057387,0.012432,0.051331
"cytidine 5'-diphosphocholine",-0.053827,0.019964,0.073785,-0.037214,0.022977,-0.018796,0.052685,-0.093399,0.019442,-0.046657,-0.02007
"cytidine 5'-monophosphate (5'-CMP)",0.085941,-0.009685,-0.070161,0.012244,-0.042046,0.029484,-0.018302,0.038462,-0.0211,0.037841,0.021942
"cytidine 5'-monophospho-N-acetylneuraminic acid",-0.010206,0.020243,0.060039,-0.12773,-0.033503,-0.06114,0.15073,-0.087102,-0.013343,0.020134,0.050441
"cytidine-5'-diphosphoethanolamine",0.059085,-0.053349,0.079516,0.0064492,-0.049066,-0.017563,-0.0023311,-0.013716,-0.014037,-0.046398,-0.0032719
"cytosine",0.044839,-0.047442,-0.011205,-0.032932,-0.037823,0.025696,0.040616,-0.097308,-0.05694,-0.020119,0.069643
"decanoylcarnitine",0.072702,-0.059743,-0.019662,0.012962,0.038077,-0.035244,0.10021,-0.004195,0.004176,-0.034366,-0.061458
"dehydroascorbate",-0.075505,0.069607,0.041956,-0.052505,0.015683,0.034513,-0.045846,0.011054,0.0049546,0.012382,0.028931
"deoxycarnitine",-0.0025834,0.040694,0.021883,-0.12075,0.030764,0.017553,-0.0021054,-0.018507,0.004603,0.087732,-0.028062
"dihomo-linoleate (20:2n6)",0.095132,-0.010166,0.044109,-0.02314,0.080709,-0.051035,0.012792,0.0052368,-0.01113,-0.028134,0.078954
"dihomo-linolenate (20:3n3 or n6)",0.061665,-0.024445,0.054341,-0.0012434,0.034296,-0.051316,0.012499,-0.026942,-0.082586,-0.076595,0.059576
"dihydoxyphenylalanine (L-DOPA)",0.1083,-0.030362,-0.03399,0.040014,0.023212,0.028425,0.00042082,-0.059235,0.05834,0.057603,0.0010325
"dihydroxyacetone phosphate (DHAP)",-0.02475,0.020095,0.072082,-0.046287,0.076382,-0.070092,-0.038568,0.052734,0.11916,-0.075001,0.10064
"dimethyl sulfone",0.025889,-0.010826,0.067059,0.074164,-0.095899,0.080649,-0.041116,0.062115,-0.077012,0.0014261,0.016342
"dimethylarginine (SDMA + ADMA)",-0.079893,0.0712,-0.0057263,-0.040331,0.03236,0.033955,-0.01675,-0.036825,0.012784,0.00040371,0.0078721
"dimethylglycine",0.056227,-0.043713,-0.024416,0.10689,-0.074891,0.081114,0.0054445,0.021548,0.014626,0.040073,0.0092613
"docosadienoate (22:2n6)",0.069055,-0.037979,0.02186,-0.010275,0.099042,-0.058489,-0.0040174,-0.016516,-0.00010111,-0.0029831,0.066468
"docosahexaenoate (DHA; 22:6n3)",0.058912,0.013842,-0.017557,0.046487,0.035211,-0.014916,0.069675,-0.0707,-0.13018,0.029626,0.03751
"docosapentaenoate (n3 DPA; 22:5n3)",-0.0028941,-0.05643,0.012695,0.010049,0.077228,-0.041965,0.0048619,-0.05523,-0.16406,-0.0042056,0.092649
"docosapentaenoate (n6 DPA; 22:5n6)",0.040339,0.0076154,0.11473,-0.013607,0.086592,-0.042505,0.031131,-0.058214,-0.057444,0.012296,0.035256
"dopamine sulfate (2)",0.0628,-0.0076402,-0.11512,0.019204,-0.04478,0.003156,-0.011258,-0.031123,-0.047714,-0.014883,0.022072
"eicosapentaenoate (EPA; 20:5n3)",-0.013871,-0.066175,-0.023336,0.018537,-0.0507,0.024831,-0.064757,0.034213,-0.1477,-0.03161,0.013774
"eicosenoate (20:1)",0.050148,-0.036186,0.041038,-0.010354,0.086054,-0.053614,-0.023189,-0.029023,-0.00025328,-0.014027,0.10237
"ergothioneine",-0.079793,-0.046341,-0.037476,0.029663,-0.030696,-0.0417,-0.050809,0.0096694,-0.019954,-0.018342,-0.047711
"erucate (22:1n9)",0.051068,-0.057442,0.022406,0.01321,0.06429,-0.048917,-0.01173,-0.064917,-0.0083527,0.012268,0.066908
"erythronate*",-0.074082,0.064107,0.048946,-0.070325,-0.024902,0.0087456,0.0518,-0.057825,-0.0018499,0.045947,0.0052152
"ethylmalonate",-0.0037337,-0.027686,0.013227,0.10071,-0.044253,0.040768,0.062709,-0.15103,0.071478,-0.026094,-0.010251
"flavin adenine dinucleotide (FAD)",0.013162,0.07012,0.01536,-0.049649,0.052825,0.057777,-0.02359,-0.024475,-0.022848,-0.088201,0.023013
"fructose",0.052053,0.031562,-0.082951,0.0052262,-0.068737,-0.047466,0.098974,-0.06491,-0.0033798,0.035265,0.054161
"fumarate",-0.011404,0.074672,-0.070968,-0.014042,-0.011997,0.030744,-0.046895,-0.011566,0.036668,0.068473,0.02256
"galactitol (dulcitol)",0.026985,-0.031498,-0.0025051,-0.054043,-0.0056463,0.098227,-0.042421,-0.035185,-0.070467,0.10669,-0.069333
"galactonate",-0.025854,0.0030752,-0.0056038,0.077439,-0.0080027,-0.12325,0.10231,0.0062823,0.11354,-0.041286,0.021377
"gamma-aminobutyrate (GABA)",-0.080418,0.036524,0.052808,0.015179,-0.03653,0.092055,-0.050534,-0.041453,-0.0090851,0.012711,-0.015422
"gamma-carboxyglutamate",-0.079766,0.070706,0.025451,-0.032802,-0.026787,0.11408,-0.07109,-0.012718,-0.038018,0.043943,0.0124
"gamma-glutamyl-epsilon-lysine",0.016235,-0.01622,0.064979,-0.035871,0.059055,-0.11318,-0.036821,-0.046878,0.058768,-0.10265,0.13413
"gamma-glutamylalanine",0.057004,0.00020966,-0.042935,0.095366,-0.075878,-0.037959,0.059233,-0.020568,0.030246,-0.075451,0.051489
"gamma-glutamylglutamate",-0.02515,-0.039553,0.093088,0.015773,-0.054698,-0.044211,0.065787,-0.037717,0.012262,-0.049758,-0.040728
"gamma-glutamylglutamine",-0.034733,0.032746,-0.0197,0.10828,-0.052862,-0.056847,0.049878,-0.049647,0.031424,-0.087746,0.0012206
"gamma-glutamylisoleucine*",0.049671,0.0062784,-0.072591,0.046528,-0.049806,-0.092954,0.01154,-0.10893,0.083234,0.060826,-0.11083
"gamma-glutamylleucine",0.056141,-0.042781,0.058319,-0.0020103,0.06688,-0.042439,-0.098302,0.0081597,0.071693,-0.03878,-0.10517
"gamma-glutamylvaline",0.040567,0.047402,0.0012286,0.057872,-0.019491,-0.071006,-0.047012,-0.00061473,0.074032,-0.04967,-0.020045
"gamma-tocopherol/beta-tocopherol",0.076989,-0.018174,0.014563,-0.018825,-0.026252,0.093778,0.10737,-0.0041319,0.038174,0.030109,0.019429
"glucose",0.038783,-0.03832,-0.033016,0.075532,-0.078243,0.075975,0.02548,-0.012202,0.058564,-0.071,0.0093988
"glucuronate",-0.018871,0.038211,-0.092483,0.096342,-0.097457,0.016072,0.090397,-0.097567,0.018984,0.02018,0.091852
"glutamate",-0.07016,0.06058,0.0072254,-0.090453,-0.015095,-0.0033459,-0.0018533,0.0084894,-0.0031885,0.067302,-0.035095
"glutamate, gamma-methyl ester",-0.075335,0.065197,-0.023339,-0.0183,-0.0391,-0.025903,0.055483,-0.015253,-0.035908,0.032792,0.013063
"glutamine",-0.059918,0.069424,-0.016516,-0.0014288,-0.078233,0.041239,0.01031,-0.033332,-0.024699,-0.03415,0.025181
"glutarate (pentanedioate)",-0.041639,0.082929,-0.015764,-0.00050077,-0.025096,0.0067057,0.0080753,0.0027209,0.0082248,-0.0068476,0.049893
"glutarylcarnitine (C5)",0.0082732,0.052482,-0.066761,0.019765,0.066435,-0.094549,0.05053,0.034178,-0.004997,0.034734,-0.07832
"glycerate",-0.06274,0.084485,-0.010269,-0.021487,-0.032504,0.013953,0.0044412,-0.025937,0.024464,0.026484,0.031933
"glycerol",0.072513,-0.070135,0.042376,-0.02302,-0.033418,0.020269,-0.066942,-0.048643,-0.016619,-0.027565,-0.032956
"glycerol 3-phosphate",0.0048664,0.051362,-0.07314,0.061175,-0.06739,0.072891,-0.086764,0.0071721,0.013081,0.044187,0.01122
"glycerophosphoethanolamine",0.082125,-0.028225,-0.028912,-0.0065482,-0.095795,-0.014308,0.061448,0.0010193,-0.040631,0.061615,-0.045133
"glycerophosphoglycerol",-0.044648,0.01736,0.10187,-0.066209,0.014783,-0.0039307,0.0047815,-0.010246,-0.019298,0.038027,-0.02761
"glycerophosphoinositol*",-0.07813,0.097496,-0.028923,0.0040779,0.012585,0.0011826,-0.035972,0.035863,0.0090969,-0.0061622,3.0494e-05
"glycerophosphorylcholine (GPC)",-0.0039399,0.073837,-0.059946,0.021878,-0.068093,-0.041087,0.026981,0.053335,-0.048402,0.058238,-0.080972
"glycine",-0.087687,0.082509,-0.0098242,0.0060558,-0.025425,7.7538e-05,0.0084104,-0.035868,0.015173,0.0084185,-0.012866
"glycosyl-N-palmitoyl-sphingosine",-0.073427,0.043353,0.050357,-0.057542,-0.019537,-0.074236,0.024864,0.054848,0.039379,-0.027009,0.011088
"glycylleucine",0.0078147,-0.043874,0.084883,-0.07051,-0.010798,0.015644,-0.035773,0.0082054,0.013532,0.019612,-0.065406
"glycylvaline",0.05299,-0.048322,0.094351,-0.073203,-0.017969,0.10456,0.036922,-0.11083,0.018716,-0.0056069,-0.070523
"guanidinoacetate",-0.047429,-0.004788,0.1222,-0.016053,-0.021506,0.0035731,-0.018097,-0.023087,-0.0027363,-0.014182,-0.031145
"guanine",-0.048597,0.038226,0.08138,-0.026921,-0.063024,0.025564,0.092553,-0.0027302,-0.098144,-0.097593,0.036294
"guanosine",-0.037041,0.0008737,0.11483,0.017432,-0.069913,-0.0052801,0.056295,-0.025645,-0.01664,-0.037481,-0.0078842
"guanosine 5'- monophosphate (5'-GMP)",0.10325,-0.071624,-0.0035982,-0.0076799,-0.0089607,-0.002925,0.00094804,0.014798,-0.037813,-0.017634,-0.0017432
"gulonic acid*",-0.042717,-0.011834,-0.023096,0.13134,-0.11063,0.020519,0.067055,-0.072653,0.087707,-0.011146,0.0053043
"heme",0.11241,-0.061643,-0.0098875,-0.0019385,-0.029627,0.015759,0.025376,-0.0318,0.029716,-0.005589,0.0035066
"hexadecanedioate",0.09939,-0.047068,0.032572,0.0042664,-0.012042,0.0091741,-0.010979,0.01709,-0.014665,0.0075673,-0.046351
"hexanoylcarnitine",-0.068826,-0.037487,0.020694,0.062529,0.0081242,-0.085111,0.089362,-0.05465,0.1527,0.013338,0.046709
"hexanoylglycine",0.01293,-0.052693,0.044166,0.049531,-0.019501,-0.051798,-0.0025752,-0.11484,0.081701,-0.044133,0.053749
"hippurate",-0.049424,-0.061618,0.0028462,-0.033542,0.0066174,-0.012685,-0.011286,0.0080046,0.0097894,0.062484,0.059724
"histamine",0.022307,0.015172,0.034264,0.078261,-0.008254,0.018028,0.03604,-0.021479,0.092918,-0.18309,-0.011033
"histidine",-0.048953,0.082854,-0.032952,0.012935,-0.031636,0.0098141,0.0042612,-0.041414,0.0092535,-0.002961,0.010776
"homoarginine",0.12489,-0.049461,-0.02033,-0.011686,-0.006339,-0.034459,0.0063239,-0.013733,-0.021561,0.040101,0.0029084
"homocitrulline",-0.062928,0.0029122,-0.063884,0.053174,-0.054706,-0.0096516,-0.011694,0.055456,-0.0047082,0.12587,-0.0051613
"homostachydrine*",-0.12402,-0.040683,-0.028082,0.030519,-0.028402,0.06042,-0.040768,0.028762,-0.0063922,-0.0094246,0.018634
"hypotaurine",-0.023683,0.08169,-0.07583,0.0048883,0.03458,0.033638,-0.053251,0.016831,-0.0058234,-0.0063938,-0.015129
"hypoxanthine",-0.085586,0.07278,0.01634,0.043392,-0.049159,0.029489,0.0079618,-0.035141,0.009168,-0.0167,0.031536
"imidazole lactate",0.11004,-0.063751,-0.0015398,-0.023749,0.03011,0.010981,0.018474,-0.0082815,0.00032394,0.025726,0.0093942
"imidazole propionate",0.073965,-0.03467,-0.06689,-0.019695,-0.042423,0.069205,0.10449,-0.04717,-0.088891,-0.018043,0.043515
"indolelactate",0.055541,-0.039772,0.025915,-0.045694,0.018557,0.0062472,-0.023115,-0.02821,0.051522,0.097526,0.0052701
"inosine",-0.07968,0.045927,0.063206,0.015659,-0.062441,-0.00064935,0.045501,-0.032891,-0.00080138,-0.018482,0.011126
"Isobar: fructose 1,6-diphosphate, glucose 1,6-diphosphate, myo-inositol 1,4 or 1,3-diphosphate",-0.059041,0.019826,0.09691,-0.055087,0.0040011,-0.010211,-0.054481,0.047145,0.051984,-0.10265,-0.039412
"isobutyrylcarnitine",0.086969,-0.017995,0.036097,-0.040309,-0.021513,-0.016896,-0.082677,0.066633,0.023775,0.016462,0.089171
"isocitrate",0.087056,-0.058102,0.03018,-0.014656,0.0394,-0.02326,0.00011702,-0.011615,0.037146,0.022329,-0.074107
"isoleucine",0.010946,0.056676,-0.049877,-0.039216,-0.0095501,-0.043728,0.099707,-0.12923,0.062641,-0.05773,-0.026961
"isoleucylglycine",0.017425,-0.059529,0.10956,0.0057311,0.027339,0.060112,0.023856,0.010405,-0.00634,-0.028824,-0.050343
"isovalerylcarnitine",0.038601,-0.004263,0.026021,-0.061658,-0.037709,-0.023735,-0.12604,0.12078,0.021549,0.0069089,0.14232
"isovalerylglycine",0.049533,-0.06109,0.056459,0.017739,-0.0036214,-0.05845,0.095603,0.0078028,0.1121,-0.12117,0.086694
"kynurenine",-0.035119,0.086441,-0.068567,0.049174,0.0028659,0.014144,-0.056499,0.006075,-0.0016724,0.007627,-0.025389
"lactate",-0.0067494,0.053383,0.013732,0.091921,-0.024314,0.011959,0.019366,-0.068448,0.11019,-0.026953,0.050612
"laurylcarnitine",0.04486,-0.057287,-0.032133,-0.02174,0.064699,0.012203,0.042988,-0.0023053,0.019749,-0.03818,-0.02005
"leucine",-0.0048768,0.064229,-0.043227,-0.025206,-0.021658,-0.022614,0.057245,-0.093171,0.030084,-0.055246,-0.011301
"leucylglycine",0.064505,-0.057657,0.063403,0.014948,-0.00066322,-0.0030924,-0.019443,0.043575,-0.029566,-0.01365,0.0015334
"linoleate (18:2n6)",0.012968,-0.070584,0.019854,0.034766,-0.019203,0.019707,-0.048569,-0.024292,-0.064349,-0.039404,0.055722
"linolenate [alpha or gamma; (18:3n3 or 6)]",-0.055625,-0.073026,-0.011736,0.029027,-0.038799,0.039608,-0.070745,-0.010341,-0.076788,-0.045554,0.032257
"linoleoylcarnitine*",-0.026277,0.047423,-0.041984,-0.032992,0.030427,-0.051279,0.031886,-0.13989,0.13621,-0.070338,-0.036913
"lysine",0.0042672,0.077209,0.0058894,0.017262,-0.042685,0.010089,-0.0024923,-0.035027,0.019444,-0.019919,0.026548
"malate",0.010055,0.062634,-0.076179,-0.028952,0.032657,-0.014494,-0.034519,-0.001244,0.013954,0.049743,-0.029789
"malonylcarnitine",0.067562,-0.057836,0.072627,-0.0062213,-0.034046,0.029455,-0.026581,0.010931,0.039402,-0.0092484,0.028216
"maltose",0.029563,-0.025941,-0.019372,0.113,-0.11634,0.0031909,0.039863,0.0084894,0.0067391,0.041317,-0.01259
"maltotriose",0.045161,-0.050699,-0.0031734,0.072423,-0.084871,0.01357,0.069407,0.046355,-0.031712,0.033899,-0.015627
"mannitol/sorbitol",0.06299,0.018975,0.013309,0.03237,0.014446,0.070721,0.097721,-0.035042,0.049338,0.035712,-0.066628
"mannose",-0.0096653,0.068813,-0.072151,0.032316,-0.090295,-0.036732,-0.00018787,0.01365,-0.014041,-0.0051296,0.046204
"margarate (17:0)",0.095829,-0.029773,0.018096,0.021392,0.044669,-0.045488,0.012179,-0.022021,-0.023138,-0.018879,0.081669
"mead acid (20:3n9)",0.060222,-0.017529,0.066723,0.037889,0.051963,0.00090701,-0.060031,0.042679,-0.026495,0.010234,0.043916
"methionine",0.051477,0.055924,-0.029608,-0.016001,-0.046816,0.033912,0.014143,-0.051687,0.0098856,0.0067666,0.047177
"methionine sulfoxide",-0.050938,0.079951,-0.020366,-0.0048847,0.016596,-0.0061408,0.02494,-0.03279,0.014569,-0.030487,0.024251
"methylmalonate (MMA)",0.0064188,0.034751,0.0063961,0.1177,0.092834,0.12464,-0.076273,0.0026108,-0.062332,0.047435,-0.037261
"methylphosphate",-0.049704,0.056909,0.0070337,0.014234,-0.013737,0.025005,0.041612,-0.060982,-0.035738,-0.016466,0.05938
"methylsuccinate",0.045701,-0.068635,0.0091609,0.010925,-0.065959,0.054621,0.037323,-0.090574,0.060828,-0.016934,0.063318
"myo-inositol",-0.046412,0.061008,-0.044553,0.0073177,-0.076277,0.055118,0.047342,-0.039528,-0.030071,0.019109,-0.065425
"myristate (14:0)",0.098866,-0.05624,0.014116,0.04294,-0.031013,-0.0041779,0.002605,-0.022914,-0.034721,0.0026953,-0.011278
"myristoleate (14:1n5)",0.098306,-0.043409,-0.0021423,0.056638,-0.041868,0.015309,0.0021411,-0.010584,-0.021345,-0.019518,-0.039751
"myristoylcarnitine",0.04436,-0.051705,0.0060828,-0.022418,0.014602,-0.00033361,0.052867,-0.058096,0.04696,-0.050661,-0.045782
"N-acetylalanine",-0.068834,0.067791,0.0036693,0.0046727,-0.022091,0.05662,0.022384,-0.054043,0.039245,-0.0063044,0.013936
"N-acetylarginine",0.084199,-0.07767,0.012506,-0.033241,-0.00060899,0.0046096,-0.0083108,0.012069,-0.021153,0.037696,0.0019339
"N-acetylasparagine",-0.05625,0.034303,0.075939,-0.017536,-0.041663,0.039637,-0.025269,-0.060892,-0.04485,0.088434,-0.058815
"N-acetylaspartate (NAA)",-0.067305,0.021817,0.091486,-0.0032067,-0.0061081,0.013648,0.012724,-0.027986,0.066078,-0.0017905,-0.0067509
"N-acetylglutamate",0.031525,-0.04558,0.055523,-0.024864,-0.01387,0.063337,-0.047644,-0.0090677,0.056116,-0.062523,0.00018915
"N-acetylglutamine",-0.076937,0.010811,0.041953,0.073505,-0.077861,0.045411,0.013394,-0.076041,0.00073751,0.0779,-0.055818
"N-acetylglycine",0.038119,-0.052142,-0.020257,0.058583,0.018093,-0.057733,0.033064,-0.098604,0.036273,0.013522,-0.040157
"N-acetylhistidine",-0.032486,0.0086921,0.046674,0.055789,-0.098669,0.031524,-0.011315,0.013214,0.020433,0.11034,0.0078
"N-acetylleucine",-0.012068,-0.023783,0.062187,0.057132,-0.14941,-0.11113,0.12971,0.016197,-0.0031422,0.084017,0.0018014
"N-acetylmethionine",-0.082366,0.090541,0.012272,0.0041456,0.0010663,-0.0083007,-0.026474,0.018532,0.0065586,0.0064135,0.0012314
"N-acetylneuraminate",-0.031186,0.08906,-0.062443,-0.006091,-0.0092551,0.0081888,-0.03464,0.0028749,0.0036449,0.00034766,0.0016051
"N-acetylphenylalanine",0.082977,-0.077037,0.021606,-0.001507,-0.019389,-0.01235,0.0039712,0.018356,-0.021567,0.034417,0.04366
"N-acetylputrescine",-0.0039574,0.045483,-0.080454,0.12399,-0.13964,-0.030233,0.06447,-0.017868,-0.037804,-0.0040546,0.0084878
"N-acetylserine",-0.056766,0.054996,0.07608,-0.055805,-0.0023651,0.030477,-0.049998,-0.03579,0.042128,0.050927,0.018948
"N-acetyltaurine",0.052135,-0.070924,0.052677,-0.021543,-0.043057,0.067699,0.019813,0.051645,0.0056632,0.0082138,0.07392
"N-acetylthreonine",-0.034366,-0.00033579,0.079697,-0.083003,0.002904,0.0009147,0.12328,-0.048939,0.054954,-0.0040422,0.028463
"N-alpha-acetylornithine",-0.017675,-0.013616,-0.019845,-0.086508,-0.086835,-0.095948,0.10117,-0.10996,0.045921,0.077311,-0.034031
"N-delta-acetylornithine",-0.13304,-0.014757,-0.055014,0.0046176,-0.048933,0.09003,-0.047112,-0.0061348,-0.061349,0.020972,0.029906
"N-formylmethionine",0.06113,-0.05793,0.029481,-0.075931,-0.026042,0.077418,-0.075319,0.071815,-0.0058856,0.10622,0.062206
"N-glycolylneuraminate",0.094242,-0.067943,0.015673,-0.01782,-0.026814,0.029717,-0.028315,-0.0032057,0.0014772,0.0071072,-0.025783
"N-methyl-4-aminobutyric acid",-0.050551,-0.043366,0.0090998,-0.049059,0.05343,0.095708,-0.051804,0.066545,0.076673,-0.014469,-0.00031204
"N-monomethylarginine",0.050263,0.010676,-0.096328,0.077998,0.025387,0.030097,-0.027851,0.035273,0.012081,0.0015703,-0.0039954
"N-palmitoyl-sphinganine (d18:0/16:0)",0.069157,-0.050963,0.027663,0.0094213,-0.055134,0.079238,0.0074806,0.056514,-0.00028525,-0.063909,-0.0098352
"N-palmitoyl-sphingosine (d18:1/16:0)",0.037756,-0.054361,0.088834,-0.034323,0.0019812,0.076306,-0.07072,0.056486,-0.00021499,0.054817,-0.043528
"N1-Methyl-2-pyridone-5-carboxamide",0.007309,-0.042963,0.044827,-0.10171,0.071684,0.21624,0.079815,-0.02434,-0.0088893,0.031564,0.049323
"N1-methyladenosine",-0.043238,-0.043457,0.021134,0.041288,0.078111,-0.0004982,0.03932,-0.058936,0.018031,0.068852,0.037954
"N2-acetyllysine/N6-acetyllysine",-0.073889,0.028051,-0.028921,-0.0025891,0.0048566,-0.003543,0.066713,-0.18331,-0.046701,0.0059406,-0.11152
"N6,N6,N6-trimethyllysine",-0.038759,0.077248,-0.032035,0.023284,-0.037104,-0.024287,0.021646,-0.040445,0.012286,-0.0090789,0.03983
"N6-carboxymethyllysine",-0.051369,-0.050351,-0.089856,0.0047483,-0.0073517,0.050656,-0.032523,0.0053631,-0.053407,-0.030032,0.055093
"N6-succinyladenosine",-0.050256,0.06026,-0.042527,0.030939,-0.0097416,-0.097981,0.081154,0.045826,0.034358,0.016323,-0.045463
"nicotinamide",0.083732,-0.065662,0.033526,-0.015962,-0.0626,0.042773,0.010169,0.0081941,-0.036488,-0.013611,-0.00099884
"nicotinamide adenine dinucleotide (NAD+)",-0.040765,-0.0072616,0.031347,-0.11349,0.072724,0.033086,0.049037,-0.035853,0.050437,0.11703,-0.033433
"nicotinamide riboside",0.046918,-0.0065923,0.005041,0.0607,-0.037707,-0.081401,0.039451,0.060849,-0.13729,-0.005618,-0.040817
"nonadecanoate (19:0)",0.033864,-0.066743,0.013034,0.0065195,0.05486,-0.046063,-0.029239,-0.048579,-0.016257,0.0040218,0.12194
"O-sulfo-L-tyrosine",0.088515,-0.033222,-0.056663,0.026887,-0.019958,0.022558,-0.015924,-0.024361,-0.035556,0.018387,-0.010226
"octanoylcarnitine",0.047245,-0.053907,0.021857,-0.0067588,0.050191,-0.087224,0.037574,0.03676,0.050987,-0.068035,-0.054412
"oleamide",0.010706,-0.013081,0.12433,-0.025218,-0.010604,0.049041,-0.11351,0.067356,0.036215,-0.085902,-0.066345
"oleate/vaccenate (18:1)",0.085278,-0.029579,0.043485,0.0029678,0.031747,-0.024576,-0.0052706,-0.0089046,-0.0054562,-0.046398,0.063674
"oleoyl ethanolamide",0.09319,-0.019466,0.061052,-0.075632,0.071828,-0.042434,-0.011121,0.0088049,0.0022528,0.028376,0.049391
"oleoylcarnitine",0.053062,0.042624,-0.03816,0.035522,0.067713,-0.036557,0.044866,-0.096122,0.12541,-0.054152,-0.010701
"ornithine",0.0021335,0.017324,-0.054486,0.1408,-0.11931,0.02886,0.029356,-0.013492,0.052574,0.0059854,0.032322
"orotate",-0.055083,0.074669,-0.037437,-0.021113,0.004052,0.11835,-0.082233,-0.031305,-0.072356,0.077589,-0.059833
"orotidine",-0.088789,0.083731,0.026148,-0.010614,-0.031682,-0.01427,0.010563,0.0052465,0.010256,0.018967,0.0068704
"oxalate (ethanedioate)",0.031357,0.011505,0.010336,-0.13111,0.032233,0.11607,0.021749,-0.056444,0.0021685,-0.079231,0.066625
"p-cresol sulfate",0.066902,-0.047895,-0.0271,0.0028093,-0.042605,0.064948,0.023471,0.0089432,0.14145,-0.026548,-0.0070026
"p-cresol-glucuronide*",0.056106,-0.036926,0.0050736,0.027507,-0.086596,0.14186,-0.067757,0.026841,0.069101,0.093385,0.0012608
"palmitate (16:0)",0.088283,-0.060404,0.037424,0.017564,0.017258,-0.037999,0.0058694,-0.0096584,-0.032514,-0.027555,0.048939
"palmitoleate (16:1n7)",0.07285,-0.063485,0.0107,0.057145,-0.032839,0.012777,-0.019298,-0.026797,-0.074007,-0.036064,0.0078209
"palmitoyl dihydrosphingomyelin (d18:0/16:0)*",0.072249,-0.044925,0.068041,-0.020004,-0.069586,0.058669,-0.035635,0.017307,0.038134,-0.033851,-0.047349
"palmitoyl ethanolamide",0.083915,-0.049111,0.053098,-0.055682,0.050026,-0.048145,-0.0033777,-0.0096312,-0.0079033,0.015653,0.038762
"palmitoyl sphingomyelin (d18:1/16:0)",0.030008,0.0029682,0.10083,-0.082427,-0.10234,0.039879,-0.0027114,0.013643,-0.022688,-0.019557,-0.036426
"palmitoylcarnitine",0.0058926,-0.013582,0.023979,-0.011206,0.035519,0.0069804,0.12705,-0.13276,0.14451,-0.049757,-0.049221
"pantothenate",0.032193,-0.072228,0.01296,-0.052327,-0.029715,0.039455,-0.01911,-0.0031658,0.027337,-0.014295,-0.011978
"phenol sulfate",-0.070544,-0.024123,0.019167,0.068523,0.0073309,-0.02187,0.0037986,0.099363,0.039198,-0.079661,0.14153
"phenylacetylglycine",0.00016639,-0.052323,0.025144,0.029817,0.012894,0.066221,-0.039573,-0.0019181,0.097244,-0.058752,0.026575
"phenylalanine",-0.01907,0.082086,-0.018472,0.021843,-0.033929,0.020526,0.019576,-0.032302,0.0080449,-0.02896,0.015876
"phenylalanylglycine",0.044549,-0.0651,0.07444,0.0085368,0.020581,-0.033534,0.1074,0.026349,-0.056881,-0.047833,-0.0074912
"phenyllactate (PLA)",0.034446,-0.035635,0.0072628,-0.086567,0.054697,-0.11205,0.12996,-0.031373,0.019696,0.13161,-0.040262
"phosphate",-0.0097298,0.019265,0.10834,-0.043493,-0.11006,0.080852,-0.007089,-0.0099926,0.029426,0.021857,0.029312
"phosphoenolpyruvate (PEP)",-0.090359,0.051486,0.053351,0.027458,-0.0078841,0.046982,-0.023373,0.017718,0.073604,-0.020995,-0.01467
"phosphoethanolamine",-0.022178,-0.012079,0.11347,-0.045364,0.013195,0.011872,0.00085585,-0.02333,0.0016888,-0.0038511,-0.076917
"phosphopantetheine",0.10636,-0.035641,-0.02598,-0.064055,0.034209,-0.00056581,-0.041095,0.039656,-0.013596,0.032175,-0.028812
"pipecolate",-0.065517,0.093275,-0.034753,-0.0045734,-0.0118,-0.014366,-0.011364,-0.015949,0.0021633,0.023657,-0.0037953
"pro-hydroxy-pro",-0.033123,0.022825,-0.063165,-0.010596,0.012278,-0.084981,-0.016898,-0.11081,0.083617,0.037063,-0.022089
"proline",0.029783,0.036825,0.073222,-0.079409,-0.037562,-0.007736,0.0065616,-0.026017,0.096669,-0.0014155,0.069976
"prolylglycine",-0.070823,0.032832,0.033494,-0.034953,0.037778,-0.039903,0.051989,-0.055721,0.0062146,0.06339,-0.047025
"propionylcarnitine",0.084216,-0.044075,0.013204,-0.029328,0.010245,0.036469,-0.027671,-0.01165,0.062252,0.070498,0.030238
"pseudouridine",-0.031315,-0.055976,0.041085,-0.016679,0.029827,0.057718,0.0062217,-0.070679,0.028752,0.028076,-0.023754
"putrescine",-0.011796,0.075986,-0.064904,0.022981,-0.0030379,0.005197,-0.05395,0.046036,-0.01309,0.0054205,-0.001622
"pyridoxal",-0.065357,0.073575,0.014915,-0.043872,-0.0077101,0.0037311,-0.045412,0.024322,-0.0041619,-0.0092646,0.023675
"pyridoxamine",0.052756,0.014476,-0.034077,0.077038,-0.025172,0.076461,-0.072732,0.032205,0.034425,-0.0038604,0.06327
"pyridoxamine phosphate",-0.030452,0.07704,-0.016946,0.015884,-0.027666,0.043479,-0.065298,0.039426,-0.028883,0.02,-0.01721
"pyridoxate",0.023453,-0.039088,0.067165,0.056943,0.0052128,-0.035577,0.018647,-0.057133,0.02815,0.078806,0.078609
"pyroglutamine*",0.071008,-0.053631,-0.064619,-0.0079354,-0.054876,0.0034089,0.037821,0.0081137,-0.032835,-0.010331,0.045815
"retinol (Vitamin A)",0.10313,-0.060086,-0.014379,0.014031,0.036379,-0.0067171,-0.070649,0.012989,-0.00072603,0.0045153,-0.050454
"ribitol",0.035075,-0.052327,0.086666,0.03591,-0.047172,0.036047,0.035494,-0.070485,-0.037951,0.081676,0.00042178
"riboflavin (Vitamin B2)",0.049939,-0.011666,-0.083263,0.091334,-0.015686,0.027161,0.013001,-0.016988,0.055316,0.02721,0.027409
"ribonate",-0.024693,0.019391,0.02343,0.10487,-0.093648,-0.052893,0.10293,-0.058766,0.078513,-0.0039726,-0.0095998
"ribose",0.052551,0.018147,-0.11265,0.054284,-0.046789,0.0016553,0.00116,-0.013586,-0.0014699,0.011724,0.033357
"ribulose 5-phosphate",0.006321,-0.019593,0.093334,-0.013784,-0.064388,-0.039214,0.044095,0.020034,-0.033927,0.0046614,-0.03502
"S-adenosylhomocysteine (SAH)",0.0014652,0.072938,-0.014819,0.042013,-0.043731,0.050695,-0.079244,0.031551,0.0064502,-0.029354,0.033054
"S-adenosylmethionine (SAM)",-0.0048366,0.043191,-0.013213,0.013504,0.0047477,0.077696,0.012421,-0.11045,-0.059547,-0.045597,-0.023842
"saccharopine",0.057207,0.036017,-0.065347,0.033427,0.006233,-0.019047,-0.013085,0.0081349,0.0072258,0.033062,-0.010853
"salicylate",0.087178,-0.045243,-0.061089,0.00093932,-0.060226,-0.031894,0.051283,-0.022725,-0.04237,0.03309,0.041687
"sarcosine (N-Methylglycine)",-0.042693,-0.019196,0.065939,0.010926,0.16684,0.10951,-0.028298,-0.0027928,-0.020387,-0.0071089,-0.001406
"sebacate (decanedioate)",0.093048,-0.0513,-0.0096048,0.0083876,-0.046735,-0.054152,-0.042313,0.035495,-0.014428,0.041213,-0.027633
"sedoheptulose-7-phosphate",0.028372,-0.052182,0.061779,0.0030593,-0.10717,0.03924,-0.017286,-0.0044464,0.025493,-0.00088416,-0.058998
"serine",0.036979,0.055097,-0.051203,-0.029982,-0.02596,0.049466,0.012179,-0.049086,0.029963,0.016953,0.012224
"spermidine",0.092739,-0.028959,-0.032621,0.032978,0.024395,0.02297,-0.038747,0.026382,-0.012264,-0.011166,0.038775
"sphinganine",0.065009,-0.071818,0.058187,0.0055766,-0.010844,0.034538,-0.02436,0.030242,0.048025,0.037378,-0.018744
"sphingomyelin (d18:1/14:0, d16:1/16:0)*",-0.014413,0.076562,-0.074106,0.01622,-0.0017089,0.012338,-0.028622,0.027352,0.0020486,-0.00014197,-0.010472
"sphingomyelin (d18:1/15:0, d16:1/17:0)*",0.099439,0.011782,-0.031602,-0.0071783,-0.029805,0.053405,-0.02108,0.022475,0.036807,-0.02501,0.019925
"sphingomyelin (d18:1/17:0, d17:1/18:0, d19:1/16:0)",0.06929,0.027914,-0.050412,0.015433,-0.032147,0.041494,-0.045424,0.0066434,-0.016603,-0.02153,-0.0066758
"sphingomyelin (d18:1/18:1, d18:2/18:0)",0.12434,-0.030777,-0.024608,0.0032916,-0.014128,0.0073749,-0.011538,0.007112,0.0016934,-0.0026512,-0.041419
"sphingomyelin (d18:1/20:0, d16:1/22:0)*",0.098375,-0.052495,0.024078,0.0022036,-0.053316,0.0679,-0.035418,-0.040182,-0.024523,-0.029105,-0.023629
"sphingomyelin (d18:1/20:1, d18:2/20:0)*",0.11153,-0.059126,-0.0075554,-0.0011502,-0.018099,0.0067012,-0.0093363,0.016199,-0.0062191,0.010367,-0.029228
"sphingomyelin (d18:1/21:0, d17:1/22:0, d16:1/23:0)*",0.078102,-0.066,0.033686,-0.027488,-0.056024,0.044174,-0.028241,-0.0094748,-0.00018492,-0.031168,0.013237
"sphingomyelin (d18:1/22:1, d18:2/22:0, d16:1/24:1)*",0.12318,-0.058365,-0.022361,-0.0037561,-0.041471,0.011483,-0.0039726,-0.0082077,0.0021596,-0.012159,-0.027756
"sphingomyelin (d18:1/24:1, d18:2/24:0)*",0.076724,-0.050136,0.019986,-0.031006,-0.093234,0.066271,-0.02871,0.027014,0.036032,-0.020205,0.020751
"sphingomyelin (d18:2/16:0, d18:1/16:1)*",0.027012,0.042662,-0.093336,0.0035489,-0.0026431,0.0019925,-0.015325,0.029859,0.013916,-0.0059837,-0.010722
"sphingomyelin (d18:2/23:0, d18:1/23:1, d17:1/24:1)*",0.10618,-0.070625,0.024309,-0.019095,-0.046092,-0.0034635,-0.0036952,-0.0085349,0.0027886,-0.002712,-0.0093792
"sphingomyelin (d18:2/24:1, d18:1/24:2)*",0.090424,-0.042213,-0.070192,-0.012883,-0.086687,0.054439,-0.037902,0.044453,0.068009,-0.031639,-0.010609
"sphingosine",-0.095616,0.025236,0.068415,-0.027854,-0.021274,-0.0015719,0.0015757,-0.023051,0.031932,0.012025,-0.031484
"stachydrine",-0.1391,0.0019038,0.00072962,0.073174,0.0070913,0.017036,0.051861,0.023517,-0.027121,-0.031939,0.042678
"stearate (18:0)",0.11106,-0.042329,0.022512,-0.00024676,0.026252,-0.048128,0.022246,-0.0076646,-0.020131,0.0081028,0.059411
"stearidonate (18:4n3)",-0.049634,-0.065527,-0.023879,-0.0023826,-0.058936,0.042162,-0.070944,-0.038195,-0.094189,-0.07899,-0.06438
"stearoyl ethanolamide",0.091372,-0.062726,0.026267,-0.0065583,-0.0096697,-0.0077847,-0.024331,0.012699,-0.010048,0.026024,-0.029374
"stearoyl sphingomyelin (d18:1/18:0)",0.12598,-0.031358,-0.014285,0.011406,-0.03381,0.051749,-0.031763,-0.001506,0.009861,-0.013053,-0.018895
"stearoylcarnitine",-0.037351,0.085342,-0.03897,0.031672,0.0090212,0.0027866,-0.01086,-0.057136,0.077569,0.0056822,0.0090114
"succinate",0.073743,-0.040528,0.026782,-0.060795,-0.051494,-0.020416,0.087157,-0.014623,-0.025049,-0.054597,-0.011997
"succinylcarnitine",0.080914,-0.05757,0.013805,-0.035987,-0.033841,0.063978,-0.035068,-0.0042265,0.011947,-0.047481,-0.0057048
"sucrose",0.068502,-0.041932,0.003856,0.068334,-0.031751,0.032585,-0.029034,-0.037674,-0.091895,0.066202,-0.053053
"sulfate*",0.078867,-0.059583,0.01317,-0.11267,0.045327,0.024984,-0.0097936,0.0013405,-0.0413,-0.0091508,0.019402
"tartronate (hydroxymalonate)",0.020957,0.0072854,-0.0055762,-0.082885,-0.07184,0.11605,-0.080905,-0.050289,0.17593,-0.073915,0.11181
"taurine",0.10372,-0.069734,0.026335,-0.012124,-0.04513,0.041187,-0.025146,0.0082765,0.0080347,0.0011983,0.0088356
"tauro-beta-muricholate",-0.037866,-0.023086,-0.027986,0.13879,-0.047624,0.017769,-0.01887,-0.051711,0.074728,-0.037752,0.0039585
"taurocholate",-0.040663,-0.027356,-0.030741,0.13562,-0.03344,0.032656,-0.019333,-0.072882,0.068964,-0.016953,-0.0051325
"taurocyamine",0.097947,-0.066015,0.030468,0.00070381,-0.048574,-0.019988,-0.016064,-0.045747,0.011771,-0.0042182,0.028015
"taurodeoxycholate",0.027478,-0.038414,-0.056972,0.10118,-0.0091586,-0.026349,0.033655,-0.052496,-0.024946,0.043769,0.066813
"tetradecanedioate",0.095123,-0.039009,0.0021659,0.001027,-0.0422,0.033743,-0.017857,-0.0094163,-0.031187,-0.0070142,-0.059367
"thiamin (Vitamin B1)",-0.043111,0.0115,0.038088,0.046659,-0.070684,0.05511,-0.061539,0.058749,-0.0050447,0.092589,0.036699
"thiamin monophosphate",-0.070034,0.011065,0.085374,-0.0016366,-0.055031,-0.00060341,0.012406,-0.029114,-0.038235,-0.011628,0.019244
"threonate",-0.025715,0.064015,0.011383,-0.040427,-0.029107,-0.0028886,0.091205,-0.027351,-0.091056,0.024935,-0.055437
"threonine",0.027731,0.076613,-0.014831,-0.02171,-0.025126,0.02421,-0.0047719,-0.036615,0.00080068,0.0081366,0.034526
"thymidine",-0.052117,0.021647,-0.014282,-0.069087,-0.05121,-0.043775,0.15842,-0.045004,-0.064636,-0.035839,-0.01644
"tiglylcarnitine",0.059484,-0.060516,0.014329,-0.033159,-0.089685,-0.026637,0.0030225,-0.1471,0.098058,0.032235,0.055075
"trans-4-hydroxyproline",0.058944,0.012131,-0.061909,-0.050729,-0.041218,-0.042086,-0.040816,-0.088096,0.055385,-0.031597,0.015144
"trans-urocanate",0.059248,-0.051679,0.055168,-0.05023,0.046829,-0.058979,-0.027228,0.0052991,-0.042056,-0.045041,0.02069
"tricosanoyl sphingomyelin (d18:1/23:0)*",0.058531,-0.068057,0.037458,-0.030489,-0.047579,0.043008,-0.052385,-0.0035678,-0.0034105,-0.021869,0.0051042
"trigonelline (N'-methylnicotinate)",-0.11827,0.0097689,-0.0050744,0.031611,-0.14801,0.024986,-0.073914,-0.03228,0.020113,-0.049724,0.053946
"trimethylamine N-oxide",-0.093972,0.0041443,-0.055182,-0.13335,0.033062,0.058074,-0.041413,-0.070284,-0.017118,-0.010572,-0.035149
"tryptophan",0.045429,-0.077995,0.03664,0.020209,0.029708,0.045898,0.056726,0.0036994,-0.023033,0.0084534,0.027355
"tyrosine",0.01831,0.055748,-0.00059284,-0.045583,0.003021,-0.0035452,-0.099345,0.0057142,0.016939,0.039237,-0.0064993
"tyrosylglycine",0.084091,-0.06641,-0.0027368,0.041699,-0.047198,0.045526,-0.043275,0.07801,0.0055514,0.046031,0.01697
"UDP-galactose",-0.035729,0.020733,0.021468,0.070915,-0.10544,0.072245,-0.015542,-0.083611,-0.11607,0.093599,-0.10421
"UDP-glucose",-0.034643,0.012663,0.095462,0.048472,-0.10423,-0.1233,0.06535,0.0018945,-0.066225,-0.049455,-0.029269
"UDP-glucuronate",0.082987,-0.051752,0.016556,-0.091655,0.053746,0.057586,0.040795,0.0097097,0.024993,0.025996,0.046675
"UDP-N-acetylgalactosamine",-0.01506,0.053311,0.0083655,-0.043464,-0.039959,-0.085565,0.05851,0.025311,-0.039717,-0.062267,0.050555
"UDP-N-acetylglucosamine",-0.0034472,0.055,0.028318,-0.096022,-0.031304,-0.045824,-0.00068834,0.052935,-0.050871,-0.015178,0.012333
"uracil",0.007055,0.019998,-0.04293,0.081939,-0.026181,0.10937,-0.058128,-0.11736,0.1402,0.0062061,0.015844
"urate",0.1202,-0.018674,5.7916e-05,0.02103,0.062929,-0.063249,-0.12854,0.0024324,0.0028179,0.0042882,-0.039272
"urea",0.085178,-0.045263,0.04262,-0.011708,-0.041588,0.057676,-0.030852,-0.011176,0.0037562,0.027427,0.048556
"uridine",-0.067722,0.066662,0.0071332,0.035075,-0.04107,0.065672,0.0012228,-0.037537,0.033398,-0.021448,0.029383
"uridine 5'-diphosphate (UDP)",0.0016894,-0.0085826,0.084164,-0.065992,-0.049014,-0.03588,0.028074,0.030719,-0.057547,-0.0045071,-0.018724
"uridine 5'-monophosphate (UMP)",0.10033,-0.06134,-0.0097391,-0.015155,-0.014483,-0.012039,0.0049937,0.026145,-0.039938,-0.016352,-0.016852
"valine",0.014658,0.070869,-0.04096,-0.017989,-0.037752,-0.019071,0.038745,-0.053305,0.02203,-0.013284,0.017369
"valylglycine",0.027419,-0.026881,0.11198,-0.07473,0.035593,0.00083062,-0.10904,0.040168,-0.0071794,0.0046552,-0.0772
"xanthine",-0.061764,0.056624,0.057686,0.046702,-0.081223,0.061464,-0.024678,-0.024316,0.0041829,-0.0072716,0.031837
"xanthosine",-0.057452,0.012537,0.026856,0.080822,-0.080795,0.12152,-0.048075,-0.10067,-0.091589,0.074338,-0.056034
