"","PC1","PC2","PC3","PC4","PC5","PC6","PC7","PC8"
"1,2-dilinoleoyl-GPC (18:2/18:2)",0.066187,-0.0088514,0.018563,-0.0060554,0.026279,-0.049209,0.0028862,-0.23049
"1,2-dioleoyl-GPC (18:1/18:1)*",-0.05721,-0.0088595,0.0053542,-0.075466,0.0093633,-0.043804,-0.013211,0.1612
"1,2-dioleoyl-GPE (18:1/18:1)",0.029607,0.0074706,-0.007134,-0.067993,0.082657,-0.045344,-0.042081,0.16907
"1,2-dipalmitoyl-GPC (16:0/16:0)",0.00013255,0.12114,0.049623,0.0046899,0.081931,-0.052408,-0.0054851,0.1081
"1,2-distearoyl-GPC (18:0/18:0)",-0.077837,0.001586,0.017441,0.018282,0.0012869,-0.0055022,0.0098597,-0.04725
"1,5-anhydroglucitol (1,5-AG)",0.023333,0.10539,-0.10597,-0.062336,0.037539,-0.025466,0.12194,-0.20978
"1-(1-enyl-oleoyl)-GPE (P-18:1)*",-0.038106,-0.053483,0.018785,-0.053456,-0.065794,0.010122,-0.047334,0.040644
"1-(1-enyl-palmitoyl)-2-arachidonoyl-GPC (P-16:0/20:4)*",-0.071123,0.021241,0.020563,-0.0030963,0.022633,0.003752,-0.022247,0.0066876
"1-(1-enyl-palmitoyl)-2-arachidonoyl-GPE (P-16:0/20:4)*",0.047033,0.035052,0.04963,-0.036616,0.029177,-0.024696,-0.0093432,-0.0059829
"1-(1-enyl-palmitoyl)-2-linoleoyl-GPC (P-16:0/18:2)*",-0.063154,-0.04013,-0.022516,-0.014746,0.021373,-0.0027695,0.084406,-0.025908
"1-(1-enyl-palmitoyl)-2-linoleoyl-GPE (P-16:0/18:2)*",0.05643,0.0015608,0.031865,-0.030779,0.0076142,-0.028891,0.044346,0.0044408
"1-(1-enyl-palmitoyl)-2-oleoyl-GPC (P-16:0/18:1)*",-0.042247,0.059025,0.088971,0.0067047,-0.090886,0.036996,0.085352,-0.012022
"1-(1-enyl-palmitoyl)-2-oleoyl-GPE (P-16:0/18:1)*",0.031264,-0.0053716,0.019789,-0.093779,0.059117,0.064297,0.097491,-0.00089166
"1-(1-enyl-palmitoyl)-2-palmitoyl-GPC (P-16:0/16:0)*",-0.058677,0.0093664,-0.012291,-0.049077,0.028299,0.015937,0.12779,0.015579
"1-(1-enyl-palmitoyl)-GPE (P-16:0)*",-0.033917,0.096043,-0.029484,-0.054141,-0.036134,0.022748,0.096231,-0.00052145
"1-(1-enyl-stearoyl)-2-arachidonoyl-GPE (P-18:0/20:4)*",-0.068894,0.03382,0.053809,-0.018812,0.015643,-0.0026076,-0.0023011,-0.057701
"1-(1-enyl-stearoyl)-2-linoleoyl-GPE (P-18:0/18:2)*",0.048033,0.014179,0.053217,-0.023145,0.040866,-0.064421,0.051584,0.0046173
"1-(1-enyl-stearoyl)-2-oleoyl-GPE (P-18:0/18:1)",-0.055475,0.019759,-0.028147,-0.068338,0.032263,0.0036026,0.11719,0.0011225
"1-(1-enyl-stearoyl)-GPE (P-18:0)*",-0.053238,-0.040531,0.020318,-0.0012713,-0.042606,0.012709,-0.056195,0.01367
"1-arachidonoyl-GPC (20:4)*",0.011248,-0.092895,-0.013394,0.12077,0.029024,-0.0059466,0.044806,-0.00076928
"1-arachidonoyl-GPE (20:4)*",-0.019467,-0.099673,-0.065068,0.0080079,0.050804,-0.15116,-0.026764,-0.01971
"1-arachidonoyl-GPI (20:4)*",-0.03945,0.026977,0.02365,-0.0089837,-0.10845,0.023749,0.027091,-0.0067096
"1-linolenoyl-GPC (18:3)*",0.051327,-0.0081726,-0.019011,0.060758,-0.044926,-0.039488,-0.11288,0.032641
"1-linoleoyl-2-arachidonoyl-GPC (18:2/20:4)*",0.033303,-0.018672,0.049278,0.061515,0.057232,-0.076553,0.033876,-0.025815
"1-linoleoyl-GPC (18:2)",0.04364,-0.057862,-0.019551,0.073867,-0.0030081,-0.0038276,0.001045,0.010986
"1-linoleoyl-GPE (18:2)*",0.056416,-0.059214,-0.0004197,0.030436,0.014256,-0.032355,0.0022266,-0.0063391
"1-linoleoylglycerol (18:2)",0.046329,-0.015972,-0.0087343,-0.037685,-0.13053,0.036048,0.013976,-0.022786
"1-methylhistidine",-0.070477,-0.0052357,0.012543,-0.018607,-0.021911,0.010498,-0.039237,0.0083233
"1-methylimidazoleacetate",0.05591,-0.0010526,-0.023795,-0.047133,0.0068941,0.0058374,-0.092546,0.0071233
"1-methylnicotinamide",0.078902,-0.012894,0.0020576,0.0087021,-0.0068336,-0.032208,-0.025141,0.0032408
"1-oleoyl-2-linoleoyl-glycerol (18:1/18:2)",0.05893,0.044899,0.0071334,0.0038244,0.012241,0.0001856,-0.010746,-0.02751
"1-oleoyl-2-linoleoyl-GPC (18:1/18:2)*",0.0619,-0.0076649,0.024331,-0.010682,0.02545,-0.070802,0.0048392,0.080329
"1-oleoyl-2-linoleoyl-GPE (18:1/18:2)*",0.06141,-0.0022675,0.023442,-0.025451,0.027335,-0.047011,0.0048493,0.026432
"1-oleoyl-3-linoleoyl-glycerol (18:1/18:2)",0.057535,0.044385,0.021042,0.00060589,0.010147,0.002252,0.0030255,-0.028067
"1-oleoyl-GPC (18:1)",0.017298,-0.075475,-0.026272,0.12877,0.022617,-0.010492,0.039718,-0.0056559
"1-oleoyl-GPE (18:1)",-0.029803,-0.069213,-0.064478,-0.057981,-0.030714,-0.016634,-0.039796,-0.0017331
"1-oleoylglycerol (18:1)",0.046175,-0.019358,-0.044076,-0.10795,-0.087491,0.048669,0.007815,0.016412
"1-palmitoleoyl-2-linoleoyl-GPC (16:1/18:2)*",0.066837,-0.0049963,0.034392,0.017364,0.013535,-0.028345,-0.0036575,0.0046399
"1-palmitoleoyl-2-oleoyl-glycerol (16:1/18:1)*",0.062287,0.043004,0.0055281,0.0075987,-0.00024934,0.0074562,-0.0068445,0.023411
"1-palmitoleoyl-3-oleoyl-glycerol (16:1/18:1)*",0.05787,0.043442,0.021798,0.0029619,-0.0016536,0.0025662,0.032961,-0.031042
"1-palmitoleoyl-GPC (16:1)*",-0.0033101,-0.080489,-0.0077355,0.12703,0.022995,0.020339,0.017291,0.0073443
"1-palmitoyl-2-arachidonoyl-GPC (16:0/20:4)",-0.056116,-0.01635,0.052039,0.07664,0.039013,-0.0013502,-0.0034391,-0.095739
"1-palmitoyl-2-arachidonoyl-GPE (16:0/20:4)*",0.046619,0.015256,0.08807,0.011818,0.010671,0.02412,-0.010375,0.0038064
"1-palmitoyl-2-linoleoyl-glycerol (16:0/18:2)*",0.064616,0.033725,0.0037275,0.011712,0.0080045,-0.00929,-0.022271,-0.0025099
"1-palmitoyl-2-linoleoyl-GPC (16:0/18:2)",0.061356,-0.022147,0.028154,0.036507,0.013425,-0.03726,-0.0080224,0.026222
"1-palmitoyl-2-linoleoyl-GPE (16:0/18:2)",0.063625,0.0021453,0.03042,-0.011245,0.011563,-0.027697,0.0044059,-0.0025537
"1-palmitoyl-2-oleoyl-GPC (16:0/18:1)",-0.051518,-0.0064798,0.056341,0.033834,0.07444,-0.0023997,-0.039715,0.12344
"1-palmitoyl-2-oleoyl-GPE (16:0/18:1)",0.057409,0.016645,0.028409,-0.038465,0.045184,-0.006824,-0.010088,-0.027689
"1-palmitoyl-2-oleoyl-GPG (16:0/18:1)",-0.055138,-0.0043184,0.046834,-0.040992,0.060077,-0.0017088,-0.046592,0.019885
"1-palmitoyl-2-palmitoleoyl-GPC (16:0/16:1)*",-0.059031,0.012133,0.068737,-0.0020937,-0.0090001,0.038539,-0.013276,0.08174
"1-palmitoyl-2-stearoyl-GPC (16:0/18:0)",-0.076483,0.030885,0.022663,0.0073383,-0.012339,-0.0094382,0.008922,0.057456
"1-palmitoyl-3-linoleoyl-glycerol (16:0/18:2)*",0.065851,0.032158,0.017577,-0.0036047,0.003145,0.00084897,-0.0043561,-0.048477
"1-palmitoyl-GPC (16:0)",0.025741,-0.074186,-0.019672,0.11296,0.032416,0.00073604,0.010805,-0.026587
"1-palmitoyl-GPE (16:0)",-0.06145,0.02881,0.038821,0.02806,0.0090086,0.032374,0.019458,-0.0019416
"1-stearoyl-2-arachidonoyl-GPC (18:0/20:4)",-0.066419,0.003835,0.035964,0.029882,0.019366,-0.022764,-0.033409,-0.025842
"1-stearoyl-2-arachidonoyl-GPE (18:0/20:4)",0.042742,0.023616,0.081371,0.015519,-0.0062676,-0.037358,-0.040664,0.06579
"1-stearoyl-2-arachidonoyl-GPI (18:0/20:4)",0.049477,0.0081431,0.11326,0.093026,-0.053117,-0.039972,0.088745,0.0021662
"1-stearoyl-2-arachidonoyl-GPS (18:0/20:4)",0.042283,0.029581,0.061359,0.0093968,0.04292,-0.049512,-0.084473,0.045323
"1-stearoyl-2-linoleoyl-GPC (18:0/18:2)*",0.061659,-0.011615,0.019594,-0.018173,0.015156,-0.06655,-0.026956,0.007078
"1-stearoyl-2-linoleoyl-GPE (18:0/18:2)*",0.062903,0.0011563,0.028817,-0.0117,0.0067841,-0.04187,-0.00045648,0.054341
"1-stearoyl-2-oleoyl-GPC (18:0/18:1)",-0.064612,0.011795,0.0072463,-0.017493,0.0064309,-0.036018,-0.042415,0.001284
"1-stearoyl-2-oleoyl-GPE (18:0/18:1)",-0.0065961,0.054449,-0.041525,-0.098531,0.069232,-0.1067,-0.084232,-0.12046
"1-stearoyl-2-oleoyl-GPS (18:0/18:1)",-0.04938,0.067809,-0.022373,0.02847,-0.0014688,-0.063239,-0.047641,-0.049131
"1-stearoyl-GPC (18:0)",-0.00021551,-0.10074,-0.0092465,0.12203,-0.013273,-0.034044,-0.0055765,0.019763
"1-stearoyl-GPE (18:0)",-0.062879,-0.026384,0.025618,0.016474,-0.049188,-0.042441,-0.039448,0.009825
"1-stearoyl-GPI (18:0)",-0.055836,-0.021872,-0.044857,0.032459,-0.013033,0.0063755,-0.02523,-0.00059775
"1-stearoyl-GPS (18:0)*",-0.052808,-0.0058633,-0.05735,0.026772,-0.014139,0.010103,-0.034831,0.0069587
"10-heptadecenoate (17:1n7)",0.051908,0.018306,-0.085546,0.019177,-0.030328,0.022995,-0.073412,-0.095764
"10-nonadecenoate (19:1n9)",0.037594,-0.082406,-0.10583,-0.012093,0.010628,0.048541,-0.0083212,-0.012464
"12,13-DiHOME",0.060878,0.0399,-0.0070033,-0.0082873,-0.044973,-0.052757,-0.020227,-0.031893
"12-HETE",-0.048238,0.052375,-0.044242,-0.059164,-0.029427,-0.0082393,0.025525,-0.0050579
"15-HETE",-0.040994,0.0028464,-0.07496,0.040304,-0.032929,-0.033505,0.042553,-0.00538
"15-methylpalmitate",0.055799,-0.048926,-0.037568,-0.0086927,-0.0055528,0.066471,-0.026691,-0.014501
"16-hydroxypalmitate",0.05111,0.062758,0.034485,0.018686,-0.028498,-0.02709,-0.010309,0.0023261
"17-methylstearate",0.056991,-0.035189,-0.057508,0.037721,-0.023431,0.041984,-0.0082646,0.0051461
"2'-deoxycytidine",-0.025995,-0.10039,-0.098396,0.021248,0.086558,0.02527,-0.019026,0.0098803
"2'-deoxyuridine",0.046897,-0.039064,0.012455,-0.10457,-0.068213,0.055776,0.020573,-0.045566
"2-aminoadipate",-0.074542,0.012279,-0.005782,-0.0098656,-0.017512,-0.018108,0.026802,-0.00027948
"2-aminoheptanoate",0.030672,-0.0051982,-0.067546,-0.039924,-0.10122,-0.06246,0.037433,0.023538
"2-hydroxybutyrate/2-hydroxyisobutyrate",0.048786,-0.0052006,-0.060832,-0.028396,0.064369,-0.0042712,-0.022407,-0.023194
"2-hydroxyglutarate",0.048326,0.0028516,0.06232,-0.022061,0.039812,0.00014023,-0.0042315,-0.0090467
"2-hydroxystearate",0.029196,-0.013907,-0.062572,-0.031228,-0.092271,0.10703,0.024408,0.0038417
"2-linoleoylglycerol (18:2)",0.02482,0.063011,-0.045716,-0.010057,-0.20874,0.073408,-0.04933,-0.029502
"2-methylbutyrylcarnitine (C5)",0.0062054,-0.10937,-0.0046452,-0.026508,0.0086692,-0.05656,0.11933,-0.015815
"2-methylbutyrylglycine",0.066343,0.014018,0.015345,0.0015343,-0.0073378,-0.0052797,-0.08759,-0.01368
"2-oleoylglycerol (18:1)",-0.016072,-0.032315,-0.00097348,0.056619,-0.12064,0.079598,0.046806,0.00056245
"2-palmitoleoyl-GPC (16:1)*",-0.00090047,-0.096185,-0.039495,0.073033,-0.085572,-0.10798,0.029964,0.0070566
"2-palmitoyl-GPC (16:0)*",0.040969,-0.053621,-0.019193,0.075216,0.054005,-0.020729,-0.034061,0.0023871
"2-stearoyl-GPE (18:0)*",-0.024953,-0.053368,0.010435,0.094919,-0.063204,0.023927,-0.014147,0.019265
"3-(4-hydroxyphenyl)lactate",-0.041648,-0.039616,-0.059229,-0.0030832,-0.0087825,-0.010105,-0.10212,-0.011716
"3-aminoisobutyrate",0.057525,0.0023394,-0.038078,-0.055894,0.013326,-0.0023395,-0.0425,-0.0070302
"3-hydroxy-3-methylglutarate",-0.034829,0.015348,0.1121,0.0028545,0.081459,0.0096956,-0.019104,0.0065985
"3-hydroxybutyrate (BHBA)",0.037346,0.074724,0.016845,0.085884,-0.013233,-0.042423,-0.023099,-0.024242
"3-hydroxybutyrylcarnitine (1)",0.056657,0.0047026,0.09001,0.060669,0.0028041,0.012459,0.017265,0.0055582
"3-hydroxybutyrylcarnitine (2)",0.045557,-0.05389,0.09549,0.023002,0.027833,0.0091596,0.012662,0.008069
"3-hydroxyisobutyrate",0.018545,0.068637,0.064295,0.059233,-0.096275,0.046171,0.071025,0.083432
"3-indoxyl sulfate",0.038627,0.074498,-0.05694,0.028825,0.038003,0.0079159,0.092577,0.00068267
"3-methylhistidine",-0.049028,-0.018095,0.012426,-0.020255,0.0098306,-0.016742,-0.13146,-0.0082775
"3-phosphoglycerate",-0.056816,0.031741,-0.0027561,-0.0036126,0.064982,0.029107,0.014371,0.017895
"3-ureidopropionate",0.043883,0.078665,0.0092123,0.023276,-0.0033576,0.012983,0.00033364,-0.0013414
"4-cholesten-3-one",0.049685,0.015671,0.048875,-0.027633,0.028847,-0.031495,-0.0074066,0.0033263
"4-guanidinobutanoate",0.01456,-0.065866,-0.049903,0.10368,0.016477,0.041604,-0.079887,-0.010237
"4-hydroxy-nonenal-glutathione",-0.036465,-0.083544,0.026562,-0.049893,-0.026247,0.0083259,0.010508,-0.02504
"4-imidazoleacetate",0.06044,-0.034725,-0.02871,-0.025213,-0.0028133,-0.052391,-0.037544,0.015279
"5-dodecenoate (12:1n7)",0.030254,0.086632,-0.037333,0.06241,0.065569,-0.0031313,-0.086808,-0.0031425
"5-methylthioadenosine (MTA)",-0.066787,-0.02333,0.0043215,-0.017753,-0.03005,-0.001346,0.024536,-0.0040224
"5-oxoproline",-0.075253,0.016239,-0.017754,-0.00011327,0.02643,-0.0047805,-0.013792,-0.0082651
"7-hydroxycholesterol (alpha or beta)",0.049085,0.040119,-0.022222,0.043217,0.021864,-0.053095,0.069186,-0.0048533
"7-methylguanine",-0.047086,-0.092076,0.094223,0.023284,-0.010117,0.0071942,-0.043739,-0.0061424
"9,10-DiHOME",0.061461,0.024324,0.020355,-0.032686,-0.023727,-0.049382,-0.015822,-0.024386
"acetylcarnitine",0.038191,0.046373,0.074054,0.030959,0.095141,0.13101,-0.061788,-0.1942
"acetylphosphate",-0.035675,0.053336,0.068879,-0.036779,0.017734,-0.089168,0.035203,0.012211
"aconitate [cis or trans]",-0.028407,0.0047714,0.037204,0.049684,0.024759,0.11717,0.11762,0.031999
"adenine",-0.05897,-0.0036461,-0.013641,0.045859,-0.020857,-0.029281,-0.037457,0.0019259
"adenosine",0.048087,0.0091909,-0.061574,0.036418,0.092088,-0.063473,0.073031,0.025313
"adenosine 5'-diphosphoribose (ADP-ribose)",0.046409,0.026746,0.024664,0.0083495,0.091429,-0.021777,0.02126,0.023978
"adenosine 5'-monophosphate (AMP)",0.068986,-0.013335,0.024688,0.0058831,0.014353,-0.025232,0.0146,0.016549
"adrenate (22:4n6)",0.030132,-0.017281,-0.023012,-0.02787,-0.068344,0.076794,0.10382,0.019233
"alanine",0.018166,-0.06532,0.13536,0.063267,0.018123,-0.16201,-0.026927,-0.24399
"allantoin",0.03331,0.092785,0.0041458,0.054267,-0.042061,-0.026972,-0.0030975,-0.012444
"alpha-hydroxyisovalerate",-0.070813,0.013857,0.027885,-0.0088672,-0.034169,0.029945,0.079091,0.0098074
"alpha-ketoglutarate",0.040633,-0.026556,0.11907,0.065529,-0.050326,-0.046991,0.042981,0.015071
"alpha-tocopherol",0.046262,0.0056653,0.058261,-0.021038,0.07626,-0.020773,0.004483,-0.013193
"anserine",0.040207,0.095963,-0.091087,-0.051925,-0.065236,-0.0034789,0.011502,0.0063505
"arachidate (20:0)",0.057716,-0.03375,-0.053833,0.020597,-0.074667,0.039719,-0.013462,0.027593
"arachidonate (20:4n6)",0.012725,0.023749,-0.089929,0.050002,-0.1131,0.015339,-0.13352,-0.0087547
"arachidonoyl ethanolamide",0.063577,0.037646,0.038093,-0.0056029,-0.0043752,0.032638,0.018046,0.015027
"arginine",-0.047677,-0.063617,0.0067102,-0.042734,0.028653,-0.027421,-0.042766,0.06613
"argininosuccinate",-0.066464,-0.029187,0.04845,0.016022,-0.022131,-0.012812,-0.043566,-0.0006898
"ascorbate (Vitamin C)",0.025372,0.019448,0.16221,0.052327,0.040607,0.1175,-0.027864,-0.0024429
"asparagine",-0.064143,-0.02028,0.005209,-0.017998,-0.010512,-0.053629,-0.0030705,0.047541
"aspartate",-0.060135,0.025842,0.04877,0.011297,-0.049218,0.024446,0.045147,0.042393
"azelate (nonanedioate)",0.072556,0.0069807,0.0034171,0.037713,0.015439,0.017725,-0.02587,-0.0057082
"behenoyl sphingomyelin (d18:1/22:0)*",0.067979,0.016638,0.0027097,-0.012674,0.0040444,-0.072647,-0.030304,-0.12182
"beta-alanine",-0.043494,0.025513,-0.045512,-0.011837,0.015918,-0.045079,-0.11518,0.018413
"beta-guanidinopropanoate",0.062651,0.023722,0.022562,0.0044993,0.0091223,-0.02561,0.03351,0.00848
"beta-hydroxyisovaleroylcarnitine",0.038186,0.035636,0.083379,-0.098889,-0.063281,0.073789,0.027538,-0.0025847
"betaine",-0.071574,0.049996,0.010756,-0.0053878,-0.010375,0.0055634,-0.026014,-0.0072421
"betaine aldehyde",-0.060525,0.027005,0.021175,-0.038832,0.035321,0.039997,-0.023295,-0.012248
"butyrylcarnitine",-0.045201,-0.092887,-0.027529,-0.017368,0.044965,0.017216,0.11424,0.0012007
"C-glycosyltryptophan",-0.013599,0.089855,-0.076434,-0.084352,0.039833,-0.037066,-0.026275,-0.011745
"carnitine",0.063914,0.0024288,0.025402,-0.011713,0.0049883,0.05819,-0.023405,0.018425
"carnosine",0.036429,0.095759,-0.096185,-0.045195,-0.031242,-0.052044,0.065945,0.0022689
"cholesterol",0.045793,-0.011828,0.046297,-0.017741,0.0064719,0.026889,0.08355,0.027883
"choline",-0.046501,0.04464,0.042509,-0.057133,-0.028772,-0.046185,-0.032368,0.056761
"choline phosphate",0.0058123,0.026585,0.088551,-0.14643,0.021123,0.11106,-0.022442,-0.20606
"citrate",-0.061749,0.0035353,0.029582,-0.023615,0.035155,0.043898,0.088519,0.00055893
"citrulline",0.018165,0.01912,-0.02767,-0.12201,-0.080068,-0.14321,-0.018547,-0.090844
"corticosterone",0.044606,0.017954,-0.095323,0.055313,0.0029087,-0.047626,0.034426,-0.021222
"creatine",0.044568,0.064626,0.044821,-0.044482,0.078617,0.10623,0.017153,-0.14011
"creatine phosphate",0.01208,-0.09082,0.036997,-0.050526,-0.047753,-0.015788,0.092966,-0.06513
"creatinine",0.0078703,0.087124,0.030548,-0.026485,0.087198,0.14378,-0.017113,-0.027758
"cysteine",-0.062912,-0.028148,0.061657,0.010683,0.011885,0.018834,0.014159,-0.0089439
"cysteine sulfinic acid",-0.059804,-0.0091956,-0.043544,-0.098171,0.018413,0.050519,0.020281,-0.0082575
"cytidine",-0.068273,0.037271,0.00092542,-0.032468,0.0075982,0.013539,-0.0037766,-0.045197
"cytidine 3'-monophosphate (3'-CMP)",0.043363,0.043383,-0.035134,0.075716,-0.030295,-0.01181,0.13257,-0.033295
"cytidine 5'-diphosphocholine",-0.045404,-0.013045,-0.0032573,0.10105,0.10606,-0.0028975,-0.067354,-0.019197
"cytidine 5'-monophosphate (5'-CMP)",0.039871,0.0062173,0.01733,-0.045841,-0.11926,-0.039257,0.021059,0.015098
"cytidine 5'-monophospho-N-acetylneuraminic acid",-0.034607,-0.088507,-0.010411,0.087318,-0.054373,-0.040463,0.017654,-0.02328
"cytidine-5'-diphosphoethanolamine",0.05702,0.043283,-0.037463,0.0026623,0.038176,-0.033437,-0.0053382,0.010093
"cytosine",0.044388,-0.023482,-0.038741,0.038781,-0.052429,-0.071825,-0.075472,-0.024699
"decanoylcarnitine",0.051531,-0.0022483,0.027945,0.085581,0.021039,0.049363,-0.0016146,0.0009975
"dehydroascorbate",-0.065083,-0.026883,-0.0039638,-0.058091,0.01927,0.008793,-0.0063939,-0.003332
"deoxycarnitine",-0.043102,-0.074415,0.12632,-0.0048757,-0.036832,0.036022,-0.0087364,-0.1682
"dihomo-linoleate (20:2n6)",0.023702,-0.1082,-0.12691,-0.011539,0.021446,0.075858,-0.0040666,-0.0066611
"dihomo-linolenate (20:3n3 or n6)",0.035809,-0.03215,-0.1276,0.043551,0.0044132,0.034795,-0.084722,-0.039139
"dihydroxyacetone phosphate (DHAP)",-0.045931,-0.0068223,-0.024809,-0.003177,0.068769,0.035463,0.072713,-0.015571
"dimethyl sulfone",0.014091,0.10824,-0.04127,-0.083793,-0.029534,0.028315,-0.03882,0.043821
"dimethylarginine (SDMA + ADMA)",-0.071273,-0.031479,0.015972,-0.00056456,0.021422,-0.00062394,-0.038769,-0.0079653
"dimethylglycine",0.046611,0.096832,0.0040503,-0.01167,-0.039636,0.018514,8.1949e-05,0.0053928
"docosadienoate (22:2n6)",0.042748,-0.064126,-0.050376,0.026969,-0.0014429,0.068377,-0.0064923,-0.016564
"docosahexaenoate (DHA; 22:6n3)",-0.0058476,0.0054793,-0.041329,0.071836,-0.1096,0.06765,-0.13429,0.068404
"docosapentaenoate (n3 DPA; 22:5n3)",0.043226,-0.021486,-0.052821,0.056492,-0.081203,0.077565,-0.10291,0.0068057
"docosapentaenoate (n6 DPA; 22:5n6)",-0.025605,-0.053704,-0.083345,0.017525,0.012813,0.13319,-0.13167,-0.035458
"eicosapentaenoate (EPA; 20:5n3)",0.060674,0.036799,-0.0070052,0.0044775,-0.071477,0.010911,-0.06388,0.027178
"eicosenoate (20:1)",0.044798,-0.068752,-0.096104,0.013234,0.0010518,0.055474,-0.011775,0.10881
"ergothioneine",0.044401,0.059663,0.053731,0.069779,-0.019768,0.011128,0.023638,0.011121
"erucate (22:1n9)",0.057537,-0.02503,-0.04229,0.047268,-0.026139,0.033123,-0.034142,-0.00091017
"erythronate*",-0.069507,-0.015736,0.031035,0.014485,-0.020336,-0.0060223,-0.015132,-0.0041729
"flavin adenine dinucleotide (FAD)",-0.057441,-0.055956,-0.042224,-0.016879,0.072604,-0.0055338,-0.0936,0.014246
"fructose",-0.025977,-0.0029909,-0.043168,0.082912,-0.12123,-0.08529,0.050427,-0.030303
"fumarate",-0.065906,-0.013064,0.046207,-0.026214,-0.059994,-0.035016,0.019863,0.0022967
"galactonate",-0.026024,0.031988,-0.051732,0.071892,0.054328,0.055883,0.12344,0.031413
"gamma-aminobutyrate (GABA)",-0.044872,0.071089,0.026669,-0.035114,0.024396,-0.0027695,-0.084211,0.0073741
"gamma-carboxyglutamate",-0.068027,0.012226,0.0087297,-0.073409,-0.0075287,-0.010886,-0.058328,0.0059989
"gamma-glutamyl-epsilon-lysine",0.015453,-0.061747,-0.12299,0.033286,0.065567,-0.019114,0.051435,0.0187
"gamma-glutamylalanine",0.012614,0.068827,-0.097735,0.066746,-0.0023473,-0.052047,0.044228,0.0085256
"gamma-glutamylglutamate",0.041112,0.056296,-0.029962,0.083928,0.011322,-0.041919,0.056198,0.017816
"gamma-glutamylglutamine",-0.02535,0.079801,-0.060637,0.086589,0.032484,-0.021424,0.016997,0.0050611
"gamma-glutamylisoleucine*",0.0048791,0.033363,0.10035,0.088056,-0.044073,-0.050373,0.097103,0.001721
"gamma-glutamylleucine",0.031643,0.0084053,0.041268,0.013591,0.12402,0.02215,0.039483,0.01626
"gamma-glutamylvaline",-0.040049,0.051691,-0.027074,0.022606,0.067077,-0.034588,0.075446,0.033031
"gamma-tocopherol/beta-tocopherol",0.058535,-0.033347,-0.001986,-0.051322,-0.03226,0.036342,-0.043217,-0.018715
"glucose",0.040505,0.068553,-0.022914,0.02651,0.035794,-0.036794,0.0034,-0.031553
"glucuronate",-0.029751,0.094441,-0.072018,0.11208,-0.12239,-0.067044,-0.0077212,-0.099393
"glutamate",-0.059618,-0.028786,0.086296,-0.0076417,-0.034341,0.0087897,0.026705,0.031994
"glutamate, gamma-methyl ester",-0.055786,0.0027876,0.0056968,0.029013,-0.058585,0.00099925,0.0083521,-0.0051467
"glutamine",-0.061743,0.035281,-0.023845,0.012881,-0.018325,-0.055198,-0.031871,-0.1359
"glutarate (pentanedioate)",-0.067749,-0.0012119,-0.038451,-0.015408,-0.011999,-0.014711,0.015949,-0.00061546
"glutarylcarnitine (C5)",-0.040628,0.00081099,0.054639,0.064836,-0.024174,0.081218,0.023219,0.03037
"glutathione, oxidized (GSSG)",0.0020174,0.024686,0.13247,0.026429,-0.052493,0.003503,0.029095,-0.1522
"glutathione, reduced (GSH)",0.052643,-0.10529,0.09086,0.02183,-0.048428,-0.008936,0.0207,0.0133
"glycerate",-0.077997,0.0034447,0.0039249,-0.00052493,-0.022835,-0.019511,0.015724,-0.0031485
"glycerol",0.059891,0.013484,0.024092,-0.0016416,0.021532,-0.062085,-0.046192,0.00019594
"glycerol 3-phosphate",-0.03454,0.063227,0.017246,-0.054423,-0.05227,-0.056559,-0.0072339,0.0286
"glycerophosphoethanolamine",0.041341,0.04566,0.080724,0.043287,-0.11974,-0.036981,0.025745,-0.014176
"glycerophosphoglycerol",-0.046136,-0.021818,0.062531,-0.029485,0.024751,0.069589,-0.025687,0.037056
"glycerophosphoinositol*",-0.08203,-0.00043661,-0.0020677,-0.022185,0.010482,0.018056,0.018593,-0.00062454
"glycerophosphorylcholine (GPC)",-0.050407,0.04416,0.064072,0.022999,-0.070274,0.021271,0.034737,-0.0013456
"glycine",-0.076563,0.028205,0.01724,0.028139,-0.001701,-0.0066088,-0.0020046,-0.076866
"glycosyl-N-palmitoyl-sphingosine",-0.057515,-0.013844,-0.013716,0.0069932,0.051236,0.014292,0.08444,0.00030586
"glycylleucine",0.041863,-0.0013793,0.076859,-0.036855,0.055632,0.013257,0.023184,-0.016756
"glycylvaline",0.037445,0.0010576,0.074372,0.01854,0.06878,-0.04435,-0.10671,0.023446
"guanidinoacetate",-0.018938,0.082448,0.019177,-0.021599,0.11726,0.035301,-0.040449,0.035094
"guanine",-0.044556,0.018268,-0.095805,0.012591,0.018852,0.008743,-0.068721,-0.056752
"guanosine",-0.023683,0.11852,-0.06536,0.025918,0.066359,0.010201,-0.016416,0.021742
"guanosine 5'- monophosphate (5'-GMP)",0.08016,-0.013201,-0.0053797,-8.3128e-05,-0.019686,-0.016794,-0.016346,0.0082841
"gulonic acid*",0.010029,0.12534,-0.014833,0.07907,0.0038844,-0.029689,0.030266,0.017322
"heme",0.061224,0.011124,0.034351,-0.00064307,0.054231,0.008953,0.007432,0.0017572
"hexadecanedioate",0.059524,0.021866,0.036512,-0.022182,0.010703,0.0040902,-0.016017,-0.00022343
"hexanoylcarnitine",0.026823,0.057295,-0.0011757,0.12945,0.024482,0.078582,0.11233,-0.040535
"hexanoylglycine",0.053655,0.03025,-0.06082,0.066543,0.026986,-0.037194,0.087726,0.04621
"hippurate",0.063454,-0.012212,0.01012,0.02471,-0.053561,0.037565,0.011039,0.023947
"histamine",-0.0073625,0.055901,-0.083298,0.04931,0.16389,-0.017338,0.0021243,-0.01478
"histidine",-0.070938,0.019691,-0.0061508,0.02058,-0.01268,-0.033042,-0.012846,0.023086
"homocitrulline",-0.015349,0.093375,0.06193,0.01693,-0.12353,0.06535,0.060442,0.023317
"homostachydrine*",0.048517,0.070755,0.02117,0.011071,-0.018234,0.045606,-1.8866e-05,0.0050068
"hypotaurine",-0.071765,-0.019948,0.020579,-0.020211,0.00069553,0.00018122,-0.032822,0.0065915
"hypoxanthine",-0.067617,0.056958,-0.038952,0.006176,0.0068629,-0.0095328,-0.016214,-0.022497
"imidazole lactate",0.070229,-0.035209,0.021241,0.009303,-0.021328,0.017747,-0.01561,0.011304
"imidazole propionate",0.046903,-0.031649,-0.023394,0.036532,-0.091865,-0.029428,-0.042511,-0.02357
"indolelactate",0.050621,-0.058038,0.074292,-0.01188,-0.023467,-0.00016153,0.059579,0.065767
"inosine",-0.066411,0.072533,-0.037967,0.027626,0.018265,-0.00064286,7.0478e-05,0.091883
"inosine 5'-monophosphate (IMP)",0.029071,-0.054362,0.068279,-0.086727,-0.087613,0.0097753,-0.026068,-0.01104
"Isobar: fructose 1,6-diphosphate, glucose 1,6-diphosphate, myo-inositol 1,4 or 1,3-diphosphate",-0.027123,-0.0025351,-0.0023011,-0.030263,0.15409,0.0056484,0.051362,-0.022463
"isobutyrylcarnitine",0.034023,-0.048082,-0.064598,-0.13117,-0.023601,-0.038891,0.10689,-0.035156
"isocitrate",0.054941,-0.0068032,0.072347,0.026468,0.037963,0.024882,0.0074354,0.0083565
"isoleucine",-0.042362,-0.024707,0.01804,0.12623,0.032883,-0.072961,-0.009864,0.11723
"isoleucylglycine",0.052997,0.041595,0.025186,0.00026357,0.087845,0.10093,-0.059125,-0.041412
"isovalerylcarnitine",0.01485,-0.049558,-0.075195,-0.13455,-0.033469,-0.029901,0.12842,-0.010778
"isovalerylglycine",0.051202,0.0049996,-0.094846,0.055943,0.10555,0.034644,0.10099,0.045223
"kynurenine",-0.076086,0.030219,0.016037,-0.0094093,-0.011739,-0.0066363,-0.018241,-0.0015066
"lactate",-0.047689,0.082158,-0.062384,0.046688,0.057985,-0.0052546,0.0253,0.039402
"laurylcarnitine",0.051583,-0.033342,0.024225,0.052093,0.030339,0.038298,-0.014003,-0.0070058
"leucine",-0.054265,-0.01493,-6.4265e-05,0.090762,0.022975,-0.076729,-0.020133,-0.059772
"leucylglycine",0.063296,0.023613,-0.019126,-0.035427,0.012066,0.048941,-0.0048917,0.02851
"linoleate (18:2n6)",0.0634,0.031856,-0.045726,0.011325,-0.023328,0.00077336,-0.056724,-0.087331
"linolenate [alpha or gamma; (18:3n3 or 6)]",0.062028,0.042913,-0.015552,0.017776,-0.029172,-0.0052397,-0.055605,0.03937
"linoleoylcarnitine*",-0.036927,-0.023535,0.034231,0.12699,0.089803,-0.071837,0.015027,0.0018677
"lysine",-0.067315,0.026065,-0.037412,-0.004198,0.0099324,-0.044899,-0.0062093,0.024023
"malate",-0.052856,-0.037058,0.08038,0.018854,-0.042531,0.0058719,0.011598,0.021865
"malonylcarnitine",0.056187,0.022127,-0.016068,-0.039234,0.034624,-0.010335,0.025758,-0.020034
"maltose",0.024702,0.11091,0.0021064,0.022485,-0.055853,-0.0056525,0.03708,-0.014772
"maltotriose",0.044533,0.077857,0.0071587,0.014918,-0.056415,0.036063,0.024761,-0.00016232
"mannose",-0.049168,0.02975,-0.026454,0.002261,-0.087415,-0.061254,0.053727,-0.0027648
"margarate (17:0)",0.047604,-0.036311,-0.11116,0.023427,-0.027443,0.035961,-0.024734,0.049033
"mead acid (20:3n9)",0.024667,0.01283,-0.060826,-0.072038,0.0085322,0.10587,-0.023108,0.024348
"methionine",-0.058572,-0.013016,-0.030968,-0.0044738,-0.048967,-0.10505,-0.03146,0.098333
"methionine sulfoxide",-0.06698,-0.015607,-0.028124,0.02417,0.016679,-0.0063088,-0.010912,-0.0042863
"methylmalonate (MMA)",-0.02215,0.065231,0.022685,-0.035667,0.001723,0.13158,-0.14393,-0.013287
"methylphosphate",-0.048293,0.013219,-0.049899,0.029054,-0.022984,0.004956,-0.058681,-0.0075589
"methylsuccinate",0.063874,0.020322,-0.01284,0.023073,-0.015096,-0.060334,0.014596,0.050459
"myo-inositol",-0.05581,0.052616,0.06444,0.038582,-0.037179,-0.03714,-0.050467,-0.0020575
"myristate (14:0)",0.063536,0.045148,-0.0064373,0.019207,-0.029615,-0.012699,-0.037577,0.025969
"myristoleate (14:1n5)",0.052098,0.061736,0.0060155,0.020409,-0.0020457,-0.019379,-0.0355,0.041026
"myristoylcarnitine",0.044043,-0.006802,0.031096,0.072644,0.055696,-0.013611,-0.013781,0.013571
"N-acetylalanine",-0.068457,0.029795,0.0016492,0.021784,0.025949,-0.0098078,-0.029676,-0.04172
"N-acetylasparagine",-0.058043,0.060794,0.08264,-0.024193,-0.034712,-0.0023802,-0.078663,-0.015663
"N-acetylaspartate (NAA)",-0.040914,0.048434,0.010481,0.0083521,0.090796,0.043349,0.025395,-0.0073062
"N-acetylglutamate",0.041482,0.0049054,-0.0049184,-0.030364,0.088069,-0.039633,-0.0080906,0.0075138
"N-acetylglutamine",-0.029535,0.13358,0.020588,0.051195,-0.0042489,0.013969,-0.0012272,-0.037423
"N-acetylglycine",0.051482,0.034833,0.03543,0.11336,-0.013519,0.0098358,0.020075,0.012209
"N-acetylhistidine",-0.015853,0.10359,0.017765,-0.042504,-0.058989,0.017779,0.063162,0.024127
"N-acetylleucine",0.0096831,0.098939,0.0035505,0.056977,-0.088866,0.030766,0.1119,-0.0045608
"N-acetylmethionine",-0.078554,0.016763,0.00066642,-0.011912,0.0080598,0.032426,0.016499,0.023
"N-acetylneuraminate",-0.075585,-0.0091236,0.0094418,-0.0093438,-0.016925,-0.031596,0.0023995,-0.015854
"N-acetylserine",-0.066931,-0.007217,0.033591,-0.051658,0.022317,-0.002156,0.00017512,0.038438
"N-acetyltaurine",0.06766,0.007543,-0.027163,-0.047682,-0.014522,0.029466,0.026504,-0.045342
"N-acetylthreonine",-0.011533,-0.048671,0.025321,0.12138,0.06169,0.087406,0.045386,0.029699
"N-alpha-acetylornithine",-0.0010354,0.0074621,0.089595,0.094875,-0.086732,-0.093473,0.064274,0.038871
"N-delta-acetylornithine",0.0092668,0.097928,-0.090002,0.060674,-0.063602,0.011258,0.032851,0.0070991
"N-formylmethionine",0.053913,-0.035868,0.023703,-0.11592,-0.059296,0.00044853,0.042446,0.060574
"N-glycolylneuraminate",0.061676,0.0084784,0.036053,-0.0077199,-0.0002284,-0.022988,-0.010632,0.010901
"N-palmitoyl-sphinganine (d18:0/16:0)",0.054917,0.037237,-0.011732,-0.031223,0.045155,-0.00099666,-0.0030786,-0.0039453
"N-palmitoyl-sphingosine (d18:1/16:0)",0.043716,0.022905,0.071886,-0.059275,0.016593,0.064957,-0.0083643,-0.00037065
"N1-Methyl-2-pyridone-5-carboxamide",0.035977,-0.060278,0.034692,-0.028717,0.015588,0.079131,-0.11206,-0.01205
"N2-acetyllysine/N6-acetyllysine",-0.045755,0.014696,0.061977,0.11252,-0.0045891,-0.026883,-0.095625,0.0050592
"N6,N6,N6-trimethyllysine",-0.062924,0.019657,-0.033303,0.034543,-0.024247,-0.028484,0.011776,0.012786
"N6-succinyladenosine",-0.046879,0.036165,0.023241,0.07151,-0.021217,0.057141,0.11277,-0.015736
"nicotinamide",0.072426,0.023649,0.0043689,-0.015234,-0.016454,-0.027486,-0.024861,-0.090043
"nicotinamide adenine dinucleotide (NAD+)",-0.012923,-0.052691,0.14208,0.016189,-0.013792,0.096463,-0.0074612,0.042928
"nonadecanoate (19:0)",0.064244,-0.031966,-0.070066,0.031153,-0.045081,0.028232,-0.016285,-0.0071905
"octanoylcarnitine",0.046095,-0.0098898,0.01649,0.067576,0.071854,0.057407,0.063779,0.028577
"oleamide",0.0078498,0.029007,0.010649,-0.087467,0.14411,-0.0025225,0.0082811,-0.0053567
"oleate/vaccenate (18:1)",0.046287,-0.032152,-0.10333,-0.0031988,0.031699,0.016595,-0.015887,0.24704
"oleoyl ethanolamide",0.027568,-0.1265,-0.026394,-0.053742,0.00011,0.045156,0.022191,0.012725
"oleoylcarnitine",-0.035425,-0.011984,-0.0093455,0.12481,0.10674,-0.011834,0.0082403,-0.017965
"ornithine",-0.0052808,0.11605,-0.034968,0.025954,-0.033546,-0.03031,0.039192,-0.016168
"orotate",-0.062989,0.0046626,0.076383,-0.052211,-0.04031,-0.01426,-0.11301,0.015027
"orotidine",-0.077758,0.017105,-0.0018668,-0.0097745,-0.0040721,0.0081275,0.030804,-0.011738
"oxalate (ethanedioate)",-0.0013221,-0.10734,-0.028044,-0.019694,0.057049,-0.060001,-0.091631,0.012472
"p-cresol sulfate",0.049837,0.019338,0.02905,0.0092791,0.061838,-0.037768,0.068645,0.023576
"p-cresol-glucuronide*",0.040148,0.071613,0.048582,-0.09334,-0.012733,-0.031785,0.036135,0.043728
"palmitate (16:0)",0.066397,-0.0034334,-0.062258,0.021632,-0.011505,0.026924,-0.017,0.0068155
"palmitoleate (16:1n7)",0.058835,0.046534,-0.030405,0.020447,-0.023766,-0.008116,-0.065805,-0.02589
"palmitoyl dihydrosphingomyelin (d18:0/16:0)*",0.045243,0.044457,0.037072,-0.032777,0.064363,-0.036391,0.011391,0.0028974
"palmitoyl ethanolamide",0.061165,-0.081479,-0.018451,-0.0049239,-0.010111,0.028696,0.0085141,0.0039277
"palmitoyl sphingomyelin (d18:1/16:0)",-0.0061073,0.062592,0.098784,-0.085788,0.058629,-0.096162,0.0050968,0.1516
"palmitoylcarnitine",0.0092391,0.006267,0.044019,0.13985,0.11218,0.0038093,-0.0047352,0.060115
"pantothenate",0.062,-0.0094568,0.036609,-0.0031914,0.019975,-0.037391,0.0086361,0.020434
"phenol sulfate",0.020528,0.038429,-0.13243,-0.0018945,0.040696,0.083447,0.048557,0.0015397
"phenylacetylglycine",0.050996,0.029949,-0.016274,-0.002096,0.092294,0.011518,0.014726,-0.030585
"phenylalanine",-0.067668,0.027186,-0.025262,0.020874,0.0055368,-0.021284,-0.019062,-0.035791
"phenylalanylglycine",0.055748,0.012521,-0.022914,0.039285,0.036141,0.077883,-0.00535,0.021036
"phenyllactate (PLA)",0.022054,-0.057894,0.096009,0.065378,-0.075869,0.062238,0.059407,0.04342
"phosphate",-0.029012,0.087327,0.021189,-0.080984,0.017311,-0.035714,0.022309,0.10303
"phosphoenolpyruvate (PEP)",-0.048492,0.049379,0.0035529,-0.021885,0.077402,0.035157,0.024252,0.0046921
"phosphoethanolamine",-0.00092707,0.028249,0.10204,0.017576,0.11471,0.073726,-0.055812,0.005311
"phosphopantetheine",0.051223,-0.0769,0.068606,-0.041912,-0.025288,-0.0086692,0.0075545,-0.0080642
"pipecolate",-0.075787,0.0017131,0.013059,0.0054339,-0.022105,-0.013788,0.0061336,0.0010719
"pro-hydroxy-pro",-0.026229,0.018954,0.066987,0.074419,-0.043171,-0.057451,0.053265,0.040226
"proline",-0.040123,-0.042883,-0.033301,-0.037264,0.050177,-0.067533,0.09412,-0.21027
"prolylglycine",-0.042324,-0.0075689,0.069767,0.062606,-0.01203,0.057618,-0.010112,-0.0068501
"propionylcarnitine",0.05907,-0.026727,0.046408,-0.042049,-0.01976,-0.0048117,0.030084,-0.062801
"pseudouridine",0.05539,0.01947,0.078682,0.055627,0.029569,0.049294,-0.069041,-0.023967
"putrescine",-0.067135,0.0085711,0.0045463,-0.031857,-0.029578,0.0040199,0.013618,-0.0097038
"pyridoxal",-0.068115,-0.020755,-0.011037,-0.043465,0.0090042,-0.0098302,0.016089,-0.015613
"pyridoxamine",0.012844,0.11772,-0.061327,-0.021677,-0.011147,-0.0097829,0.0042911,-0.023068
"pyridoxamine phosphate",-0.063541,0.028644,0.015961,-0.057307,-0.01755,0.00011231,-0.016227,0.025502
"pyridoxate",0.057923,0.053805,0.0044514,-0.015974,-0.067551,0.0394,0.0087174,0.056878
"pyroglutamine*",0.057312,-0.0098278,-0.018164,0.022414,-0.06591,-0.042284,0.011414,0.0046907
"retinol (Vitamin A)",0.061417,-0.0016928,0.041867,-0.0062718,0.011984,0.002633,-0.015472,0.015498
"ribulose 5-phosphate",0.023506,0.1179,0.023266,0.0073375,-0.0069859,0.048805,0.079997,0.023383
"S-adenosylhomocysteine (SAH)",-0.055632,0.041395,-0.042787,-0.064493,0.012392,-0.030806,-0.0023405,0.026531
"salicylate",0.047515,-0.005333,-0.010746,0.035064,-0.1002,-0.049349,0.010396,0.01521
"sarcosine (N-Methylglycine)",-0.012516,0.030263,0.015362,0.0021427,0.03319,0.18242,-0.0094336,0.00016788
"sebacate (decanedioate)",0.057646,0.028329,0.04805,-0.015185,-0.048017,-0.010234,0.0621,-0.020515
"sedoheptulose-7-phosphate",0.038667,0.066556,0.043229,-0.0095339,0.022378,-0.042948,0.015642,-0.00061872
"serine",-0.057053,-0.025065,0.039035,0.016082,-0.030558,-0.08404,-0.031519,0.06833
"spermidine",0.061758,-0.003958,-0.040299,-0.024345,-0.024227,0.031376,-0.025233,0.018034
"sphinganine",0.060175,0.029668,0.037995,-0.0281,0.02076,0.032952,0.029436,0.0077576
"sphingomyelin (d18:1/14:0, d16:1/16:0)*",-0.077885,0.0048477,0.019625,-0.0071501,-0.021881,-0.0028881,0.010012,0.0081782
"sphingomyelin (d18:1/15:0, d16:1/17:0)*",0.028213,-0.008526,-0.011807,-0.092535,0.046034,-0.12028,0.046243,0.0046435
"sphingomyelin (d18:1/17:0, d17:1/18:0, d19:1/16:0)",-0.028133,0.0408,0.0067464,-0.061477,-0.036153,-0.14293,-0.091123,0.024788
"sphingomyelin (d18:1/18:1, d18:2/18:0)",0.057784,0.0029143,0.045029,-0.00064539,-0.0018265,-0.04393,-0.0081474,-0.011265
"sphingomyelin (d18:1/20:0, d16:1/22:0)*",0.059228,0.03532,0.015055,-0.0099408,0.013397,-0.063883,-0.074924,-0.048059
"sphingomyelin (d18:1/20:1, d18:2/20:0)*",0.066506,0.0078465,0.035895,0.00039599,-0.015742,-0.0093937,0.0026974,0.033079
"sphingomyelin (d18:1/21:0, d17:1/22:0, d16:1/23:0)*",0.067618,0.011128,-0.00089986,-0.018395,0.012912,-0.055157,-0.013199,0.0030754
"sphingomyelin (d18:1/22:1, d18:2/22:0, d16:1/24:1)*",0.067288,0.011816,0.031124,0.019211,-0.010347,-0.047695,-0.0029968,-0.0026877
"sphingomyelin (d18:1/24:1, d18:2/24:0)*",0.059536,0.025351,0.010875,-0.041917,0.010827,-0.063887,0.038042,0.11275
"sphingomyelin (d18:2/16:0, d18:1/16:1)*",-0.050535,-0.025203,0.048693,0.022374,-0.043879,-0.033643,0.053462,0.085292
"sphingomyelin (d18:2/23:0, d18:1/23:1, d17:1/24:1)*",0.071779,0.0069327,0.014755,0.00010433,-0.0064479,-0.04779,0.01153,0.006367
"sphingomyelin (d18:2/24:1, d18:1/24:2)*",0.053873,0.021158,0.040044,-0.0044067,0.006777,-0.065151,0.060558,0.03026
"sphingosine",-0.043181,0.044444,0.060767,0.032316,0.043578,0.038831,0.023063,-0.01911
"stachydrine",-0.01042,0.088169,-0.068119,0.073,-0.008597,0.1594,-0.013243,-0.014368
"stearate (18:0)",0.060835,-0.039598,-0.066245,0.012569,-0.045591,0.027962,0.0049839,-0.074376
"stearidonate (18:4n3)",0.054997,0.043871,0.038754,0.045059,-0.00070671,-0.050647,-0.087532,0.019287
"stearoyl ethanolamide",0.064548,0.0082281,0.03664,-0.013293,-0.012985,0.00056716,0.0041392,-0.0045391
"stearoyl sphingomyelin (d18:1/18:0)",0.057159,0.02273,0.020338,-0.030273,0.012053,-0.064185,-0.031301,0.040466
"stearoylcarnitine",-0.073668,0.018016,0.0035468,0.032186,0.022862,-0.019478,0.0093767,-0.049534
"succinate",0.051481,-0.030244,-0.0088195,0.055499,0.0096428,-0.059804,0.0045901,0.031329
"succinylcarnitine",0.060249,-0.0057604,0.010395,-0.023171,0.038033,-0.059045,-0.023717,-0.0015266
"sucrose",0.042326,0.074362,0.043458,-0.00072407,-0.079387,0.0058414,-0.10543,-0.0082802
"sulfate*",0.060436,-0.083489,0.030402,-0.00037794,-0.010662,0.011746,-0.039171,0.0057051
"tartronate (hydroxymalonate)",0.010654,-0.034834,-0.033217,-0.054839,0.10083,-0.17115,0.062377,-0.05122
"taurine",0.068963,0.011222,0.0066238,-0.032729,-0.0011275,-0.036935,0.0013487,0.027925
"tauro-beta-muricholate",0.021502,0.10766,-0.025666,0.053501,0.03233,-0.016821,0.0075915,-0.013301
"taurocholate",0.024013,0.10452,-0.0079809,0.058636,0.024227,-0.011323,-0.016565,0.0055204
"taurocyamine",0.067101,0.01204,-0.024324,0.0031083,-0.011936,-0.077061,0.0061122,-0.012727
"tetradecanedioate",0.0503,0.029111,0.046602,-0.0078261,-0.0018222,-0.052749,-0.052151,-0.010158
"thiamin monophosphate",-0.048767,0.11432,-0.063819,0.017692,-0.0059939,0.018279,-0.053604,0.028741
"threonate",-0.052331,0.0025863,0.038561,0.03971,-0.044496,0.022513,-0.051767,0.029486
"threonine",-0.066901,-0.01901,-0.021532,-0.024165,-0.02096,-0.059612,-0.025279,-0.0023478
"thymidine",-0.022813,-0.017235,0.019833,0.13051,-0.048381,0.0033837,-0.013178,-0.18313
"trans-4-hydroxyproline",0.0015951,-0.046294,0.014488,0.060442,-0.0027609,-0.1881,0.02759,-0.069207
"trans-urocanate",0.058977,-0.068262,-0.042204,-0.00026925,0.026033,0.012466,-0.014768,-0.0011289
"tricosanoyl sphingomyelin (d18:1/23:0)*",0.06528,0.0099124,0.0096718,-0.028685,0.013414,-0.049683,-0.013525,0.018147
"trigonelline (N'-methylnicotinate)",0.006932,0.11514,-0.076418,0.00098332,-0.027071,-0.025041,-0.00084755,0.026442
"trimethylamine N-oxide",-0.034376,-0.069256,0.072717,0.0048939,0.0031699,-0.083507,-0.0021642,0.0047223
"tryptophan",0.062602,0.0070128,-0.014023,0.0099219,-0.0062692,0.068691,-0.036546,0.022387
"tyrosine",-0.048947,-0.028748,0.039822,-0.061,-0.0072386,-0.041102,0.015917,0.047353
"UDP-galactose",-0.025517,0.11281,0.078031,0.0011016,-0.08266,-0.028297,-0.12958,-0.0064207
"UDP-glucose",-0.043713,0.077481,-0.068495,0.046248,-0.005706,0.0093803,0.060046,-0.029328
"UDP-glucuronate",0.060219,-0.098404,0.019585,-0.02766,0.0019295,0.034555,-0.0064743,-0.054612
"UDP-N-acetylgalactosamine",-0.044468,-0.029768,-0.067448,0.023229,-0.016868,-0.019622,0.050207,-0.013203
"UDP-N-acetylglucosamine",-0.052254,-0.055575,-0.0065334,-0.035252,-0.023313,-0.017307,0.043195,-0.042435
"uracil",-0.010022,0.10621,0.026298,0.032023,0.075125,-0.10343,-0.052147,-0.001024
"urate",0.053216,-0.03084,0.035188,-0.050987,0.042962,-0.025651,-0.014622,-0.0057398
"urea",0.061093,0.01109,-0.018417,-0.070963,-0.025521,-0.044293,-0.020663,0.045038
"uridine",-0.064952,0.054127,-0.030458,-0.003101,0.028734,-0.018735,-0.026763,0.012431
"uridine 5'-diphosphate (UDP)",-0.00010329,-0.040203,0.045174,-0.10735,-0.067567,0.023633,0.1261,-0.029687
"uridine 5'-monophosphate (UMP)",0.077508,-0.016845,0.0081822,0.0014117,-0.024074,-0.019725,-0.0042777,0.0079239
"valine",-0.065006,-0.014286,-0.013964,0.042153,-0.017442,-0.077244,0.0091283,-0.084672
"valylglycine",0.023316,-0.028382,0.090287,-0.097324,0.09692,0.029425,-0.010757,-0.02216
"xanthine",-0.055509,0.086214,-0.03923,-0.035328,0.011617,-0.01911,-0.024247,-0.11759
"xanthosine",-0.02141,0.11692,0.013077,0.0092372,-0.032259,-0.012569,-0.10873,0.0054968
