"","Comp 1","Comp 2","Comp 3","Comp 4","Comp 5","Comp 6","Comp 7"
"1,2-dilinoleoyl-GPC (18:2/18:2)",0.067867,-0.016123,-0.031687,0.020624,0.01094,0.0075019,0.046396
"1,2-dioleoyl-GPC (18:1/18:1)*",-0.060127,-0.037582,-0.029989,0.02576,-0.0045866,-0.039901,0.050761
"1,2-dioleoyl-GPE (18:1/18:1)",0.028117,-0.085815,-0.07524,0.013229,0.034654,-0.00044416,0.037018
"1,2-dipalmitoyl-GPC (16:0/16:0)",0.00020735,0.0021724,-0.037049,-0.059099,0.15088,-0.012645,0.046113
"1,2-distearoyl-GPC (18:0/18:0)",-0.079114,0.04299,-0.0032528,0.003644,0.0087619,0.0041105,0.0051836
"1,5-anhydroglucitol (1,5-AG)",0.020517,-0.12316,0.13895,-0.024758,0.10104,0.014775,0.031218
"1-(1-enyl-oleoyl)-GPE (P-18:1)*",-0.039238,0.0032067,-0.023561,0.021895,-0.080629,-0.064506,0.0036476
"1-(1-enyl-palmitoyl)-2-arachidonoyl-GPC (P-16:0/20:4)*",-0.072866,0.019003,-0.029629,-0.012776,0.029095,-0.010102,-0.005812
"1-(1-enyl-palmitoyl)-2-arachidonoyl-GPE (P-16:0/20:4)*",0.04807,-0.017092,-0.042081,0.0033722,0.053773,-0.043331,0.02989
"1-(1-enyl-palmitoyl)-2-linoleoyl-GPC (P-16:0/18:2)*",-0.06535,-0.0052771,0.031873,0.074825,-0.011367,0.029841,0.0052955
"1-(1-enyl-palmitoyl)-2-linoleoyl-GPE (P-16:0/18:2)*",0.057844,-0.01417,-0.0011259,0.041148,0.022403,-0.026767,0.038168
"1-(1-enyl-palmitoyl)-2-oleoyl-GPC (P-16:0/18:1)*",-0.040767,0.099659,0.077849,0.0010316,0.046225,-0.10056,-0.0052147
"1-(1-enyl-palmitoyl)-2-oleoyl-GPE (P-16:0/18:1)*",0.030345,-0.067127,0.0056469,0.10769,0.048326,-0.042543,-0.047905
"1-(1-enyl-palmitoyl)-2-palmitoyl-GPC (P-16:0/16:0)*",-0.061302,-0.024994,0.064041,0.076002,0.043923,-0.0076738,-0.0027534
"1-(1-enyl-palmitoyl)-GPE (P-16:0)*",-0.036059,-0.035434,0.12544,-0.02616,0.07308,-0.059776,-0.00060069
"1-(1-enyl-stearoyl)-2-arachidonoyl-GPE (P-18:0/20:4)*",-0.070214,0.031193,-0.029876,0.00097016,0.048934,-0.04234,0.0089863
"1-(1-enyl-stearoyl)-2-linoleoyl-GPE (P-18:0/18:2)*",0.049488,-0.0035371,-0.025748,0.047092,0.056013,-0.016109,0.069667
"1-(1-enyl-stearoyl)-2-oleoyl-GPE (P-18:0/18:1)",-0.058763,-0.051678,0.065594,0.064325,0.047817,-0.012021,0.0091771
"1-(1-enyl-stearoyl)-GPE (P-18:0)*",-0.053928,0.035519,-0.033233,-0.0014367,-0.059909,-0.025446,-0.0098637
"1-arachidonoyl-GPC (20:4)*",0.0137,0.072679,-0.0078634,0.057427,-0.055652,0.12838,-0.015983
"1-arachidonoyl-GPE (20:4)*",-0.021293,-0.042237,-0.057814,0.044149,-0.079826,0.10815,0.12591
"1-arachidonoyl-GPI (20:4)*",-0.039318,0.049586,0.07646,-0.025379,-0.017991,-0.077941,2.9338e-05
"1-linolenoyl-GPC (18:3)*",0.053581,0.020597,-0.028874,-0.089223,-0.055974,0.027334,0.024684
"1-linoleoyl-2-arachidonoyl-GPC (18:2/20:4)*",0.035867,0.051476,-0.048889,0.039172,0.032902,0.057649,0.064131
"1-linoleoyl-GPC (18:2)",0.045968,0.032023,-0.0018691,0.013472,-0.053297,0.07322,-0.0098839
"1-linoleoyl-GPE (18:2)*",0.05842,0.0061798,-0.028645,0.038117,-0.041085,0.047381,0.023212
"1-linoleoylglycerol (18:2)",0.047705,-0.0034524,0.082436,-0.00656,-0.075405,-0.080055,-0.010224
"1-methylhistidine",-0.07228,0.016238,-0.019797,-0.011033,-0.019738,-0.03133,-0.0065768
"1-methylimidazoleacetate",0.055715,-0.070023,-0.047918,-0.035467,-0.023432,-0.021294,-0.010388
"1-methylnicotinamide",0.081108,-0.011978,-0.018092,-0.0083948,-0.018333,0.0071919,0.02866
"1-oleoyl-2-linoleoyl-glycerol (18:1/18:2)",0.060407,-0.014801,6.6498e-05,-0.034481,0.042415,-0.0089827,-0.0013433
"1-oleoyl-2-linoleoyl-GPC (18:1/18:2)*",0.063487,-0.014568,-0.035089,0.022614,0.013483,0.0035659,0.068873
"1-oleoyl-2-linoleoyl-GPE (18:1/18:2)*",0.062662,-0.025663,-0.033018,0.024707,0.018387,-0.0090222,0.047687
"1-oleoyl-3-linoleoyl-glycerol (18:1/18:2)",0.059213,-0.0061961,0.0011331,-0.022288,0.047505,-0.018498,-4.9068e-05
"1-oleoyl-GPC (18:1)",0.019828,0.068735,0.0069733,0.033152,-0.048818,0.13253,-0.012882
"1-oleoyl-GPE (18:1)",-0.032565,-0.062756,-0.0017135,0.020256,-0.097307,0.0010043,0.01692
"1-oleoylglycerol (18:1)",0.045189,-0.085728,0.067021,0.01619,-0.068885,-0.087429,-0.023166
"1-palmitoleoyl-2-linoleoyl-GPC (16:1/18:2)*",0.069366,0.012714,-0.03156,0.0098656,0.010995,0.0041518,0.025913
"1-palmitoleoyl-2-oleoyl-glycerol (16:1/18:1)*",0.064006,-0.010035,0.010703,-0.035925,0.035273,-0.011688,-0.0069292
"1-palmitoleoyl-3-oleoyl-glycerol (16:1/18:1)*",0.059775,0.0015245,0.024648,-0.010607,0.047494,-0.020668,0.0036997
"1-palmitoleoyl-GPC (16:1)*",-0.0010253,0.08317,-0.015975,0.034177,-0.052564,0.11797,-0.042846
"1-palmitoyl-2-arachidonoyl-GPC (16:0/20:4)",-0.055366,0.088753,-0.053057,0.014201,0.019009,0.044899,-0.011013
"1-palmitoyl-2-arachidonoyl-GPE (16:0/20:4)*",0.049492,0.047252,-0.052272,0.01246,0.038936,-0.041538,-0.018397
"1-palmitoyl-2-linoleoyl-glycerol (16:0/18:2)*",0.066356,-0.012061,-0.0064319,-0.037024,0.028021,-0.00058081,0.0056912
"1-palmitoyl-2-linoleoyl-GPC (16:0/18:2)",0.064031,0.023938,-0.035964,0.012076,-0.0055113,0.025325,0.030349
"1-palmitoyl-2-linoleoyl-GPE (16:0/18:2)",0.06546,-0.007788,-0.02345,0.015631,0.016287,-0.014631,0.030126
"1-palmitoyl-2-oleoyl-GPC (16:0/18:1)",-0.051789,0.047643,-0.09712,0.013531,0.037355,0.026681,-0.011681
"1-palmitoyl-2-oleoyl-GPE (16:0/18:1)",0.0582,-0.037348,-0.045498,0.015965,0.040453,-0.022896,0.0076864
"1-palmitoyl-2-oleoyl-GPG (16:0/18:1)",-0.057042,-0.0051377,-0.093363,0.024915,0.027691,-0.024348,-0.0011448
"1-palmitoyl-2-palmitoleoyl-GPC (16:0/16:1)*",-0.059276,0.057552,-0.033311,0.0067937,0.021061,-0.050691,-0.029715
"1-palmitoyl-2-stearoyl-GPC (16:0/18:0)",-0.077799,0.040218,0.010837,-0.017709,0.027409,-0.019949,0.013949
"1-palmitoyl-3-linoleoyl-glycerol (16:0/18:2)*",0.067656,-0.011129,-0.0021536,-0.018567,0.031642,-0.019554,0.0015896
"1-palmitoyl-GPC (16:0)",0.028156,0.055041,-0.018987,0.028363,-0.047457,0.11981,-0.02481
"1-palmitoyl-GPE (16:0)",-0.061817,0.05628,0.00014119,-0.0040396,0.042438,-0.0088859,-0.030274
"1-stearoyl-2-arachidonoyl-GPC (18:0/20:4)",-0.067091,0.050863,-0.048436,-0.012884,0.015387,0.0089041,0.015753
"1-stearoyl-2-arachidonoyl-GPE (18:0/20:4)",0.0455,0.04757,-0.0578,-0.020071,0.029866,-0.040496,0.040233
"1-stearoyl-2-arachidonoyl-GPI (18:0/20:4)",0.055174,0.14308,0.027024,0.028099,0.030636,-0.015948,0.052663
"1-stearoyl-2-arachidonoyl-GPS (18:0/20:4)",0.044048,0.013158,-0.099717,-0.037623,0.043898,-0.013961,0.039956
"1-stearoyl-2-linoleoyl-GPC (18:0/18:2)*",0.063032,-0.021877,-0.046542,0.0081077,-0.002591,-0.0051826,0.06403
"1-stearoyl-2-linoleoyl-GPE (18:0/18:2)*",0.064706,-0.0080827,-0.024174,0.011512,0.011797,-0.014642,0.04404
"1-stearoyl-2-oleoyl-GPC (18:0/18:1)",-0.066623,0.0022814,-0.032528,-0.022056,0.0058811,-0.013813,0.033855
"1-stearoyl-2-oleoyl-GPE (18:0/18:1)",-0.010316,-0.12269,-0.062969,-0.051379,0.048862,-0.01699,0.097302
"1-stearoyl-2-oleoyl-GPS (18:0/18:1)",-0.050717,0.0090234,0.0084094,-0.094313,0.039577,0.014664,0.053406
"1-stearoyl-GPC (18:0)",0.0022819,0.087073,-0.019768,0.026178,-0.09154,0.10934,0.013263
"1-stearoyl-GPE (18:0)",-0.063328,0.054857,-0.020486,-0.012458,-0.046262,-0.016004,0.044505
"1-stearoyl-GPI (18:0)",-0.057322,0.011088,0.013177,-0.023932,-0.041088,0.041925,-0.016048
"1-stearoyl-GPS (18:0)*",-0.054599,-0.0028401,0.021045,-0.043042,-0.033844,0.038654,-0.020237
"10-heptadecenoate (17:1n7)",0.052091,-0.051638,0.033726,-0.090736,-0.037329,0.029877,-0.034546
"10-nonadecenoate (19:1n9)",0.036462,-0.081549,0.020288,0.032935,-0.092672,0.069503,-0.06069
"12,13-DiHOME",0.062334,-0.017461,0.028321,-0.054948,0.005281,-0.029017,0.057908
"12-HETE",-0.051232,-0.049489,0.069747,-0.031168,0.021956,-0.040757,0.020227
"15-HETE",-0.042263,0.0025978,0.087093,-0.028997,-0.024129,0.055901,0.028145
"15-methylpalmitate",0.056458,-0.039793,-0.0045233,0.016206,-0.058597,0.015354,-0.069923
"16-hydroxypalmitate",0.053455,0.024381,0.014445,-0.0563,0.045155,-0.034625,0.032421
"17-methylstearate",0.058371,-0.015691,0.034837,-0.012307,-0.056915,0.047591,-0.049956
"2'-deoxycytidine",-0.028534,-0.05959,-0.039918,0.053032,-0.071004,0.13,-0.054975
"2'-deoxyuridine",0.046937,-0.051137,0.025221,0.060224,-0.058154,-0.10024,-0.027407
"2-aminoadipate",-0.076549,0.014115,0.030728,-0.0006503,0.0056768,-0.010978,0.023692
"2-aminoheptanoate",0.030305,-0.046383,0.1072,-0.018543,-0.063059,-0.026207,0.077763
"2-hydroxybutyrate/2-hydroxyisobutyrate",0.047804,-0.089206,-0.021073,-0.00020368,0.0054886,0.044418,-0.0096005
"2-hydroxyglutarate",0.04991,0.00035769,-0.061014,0.033906,0.036908,-0.029212,0.0028318
"2-hydroxystearate",0.029031,-0.037717,0.10343,-0.0079212,-0.067734,-0.038267,-0.090007
"2-linoleoylglycerol (18:2)",0.025866,0.0097815,0.14711,-0.13739,-0.070803,-0.111,-0.04512
"2-methylbutyrylcarnitine (C5)",0.0061407,-0.0091234,0.018157,0.14702,-0.062237,0.035524,0.06354
"2-methylbutyrylglycine",0.068162,-0.011594,-0.049466,-0.051493,-0.0060009,-0.019799,0.00044401
"2-oleoylglycerol (18:1)",-0.014239,0.082725,0.097111,-4.1522e-05,-0.074593,-0.017355,-0.064108
"2-palmitoleoyl-GPC (16:1)*",0.00068439,0.056629,0.050547,0.021713,-0.12327,0.069886,0.1029
"2-palmitoyl-GPC (16:0)*",0.042723,0.014582,-0.055043,0.0076653,-0.029642,0.099229,-0.005091
"2-stearoyl-GPE (18:0)*",-0.022948,0.098015,0.013328,-0.0095417,-0.073479,0.03697,-0.028921
"3-(4-hydroxyphenyl)lactate",-0.043901,-0.031963,-0.036641,-0.041678,-0.07358,0.03043,-0.0042958
"3-aminoisobutyrate",0.056985,-0.083587,-0.015148,-0.013902,-0.011072,-0.012953,0.00080215
"3-hydroxy-3-methylglutarate",-0.034326,0.055696,-0.11399,0.037603,0.077431,-0.025411,-0.01217
"3-hydroxybutyrate (BHBA)",0.040162,0.056318,0.017291,-0.09489,0.05554,0.022618,0.033113
"3-hydroxybutyrylcarnitine (1)",0.060911,0.084239,-0.033365,0.016504,0.033177,-0.0085623,-0.010545
"3-hydroxybutyrylcarnitine (2)",0.048802,0.061184,-0.079195,0.078587,-0.0027347,-0.0071779,-0.0075426
"3-hydroxyisobutyrate",0.022128,0.1048,0.095794,-0.038668,0.042414,-0.061234,-0.02402
"3-indoxyl sulfate",0.038878,-0.033912,0.09406,-0.02679,0.083528,0.05051,-0.012698
"3-methylhistidine",-0.050757,-0.0059142,-0.098297,-0.03892,-0.034134,-0.016677,0.0069614
"3-phosphoglycerate",-0.058902,-0.0089265,-0.014147,0.0031438,0.059258,0.018136,-0.03549
"3-ureidopropionate",0.045484,0.0066895,0.029722,-0.063452,0.065631,-0.015293,-0.011905
"4-cholesten-3-one",0.050994,-0.010652,-0.04734,0.015363,0.038002,-0.030864,0.034744
"4-guanidinobutanoate",0.015896,0.029863,-0.03936,-0.031623,-0.075243,0.10863,-0.071216
"4-hydroxy-nonenal-glutathione",-0.037476,0.0055089,-0.028663,0.085247,-0.072322,-0.035002,0.0037177
"4-imidazoleacetate",0.060939,-0.050762,-0.023386,0.0026035,-0.045295,0.011234,0.047601
"5-dodecenoate (12:1n7)",0.030682,-0.019329,-0.029297,-0.12129,0.075116,0.060495,-0.02392
"5-methylthioadenosine (MTA)",-0.068398,0.019067,0.018487,0.028116,-0.027444,-0.019381,0.010094
"5-oxoproline",-0.077741,-0.0021654,-0.0079591,-0.017575,0.018411,0.016729,-0.0017268
"7-hydroxycholesterol (alpha or beta)",0.050635,-0.00070949,0.054055,-0.013553,0.052293,0.049598,0.047154
"7-methylguanine",-0.045929,0.092335,-0.10356,0.068338,-0.064219,-0.016993,-0.006161
"9,10-DiHOME",0.062824,-0.021632,-0.0044588,-0.01851,0.010639,-0.044739,0.057439
"acetylcarnitine",0.04017,0.025202,-0.10078,-0.017463,0.090362,-0.0075685,-0.14218
"acetylphosphate",-0.036245,0.020069,-0.019396,0.011194,0.077828,-0.05313,0.10043
"aconitate [cis or trans]",-0.027389,0.067773,0.048462,0.063977,0.050027,0.016343,-0.11038
"adenine",-0.059719,0.040171,-0.0016575,-0.04184,-0.023878,0.028879,0.020409
"adenosine",0.048275,-0.047291,0.024382,0.019968,0.050804,0.10921,0.043104
"adenosine 5'-diphosphoribose (ADP-ribose)",0.047446,-0.016403,-0.045515,0.020017,0.07678,0.032039,0.01131
"adenosine 5'-monophosphate (AMP)",0.071218,4.6824e-05,-0.020029,0.025967,0.005632,0.0054677,0.02473
"adrenate (22:4n6)",0.030749,-0.011499,0.10966,0.050469,-0.031997,-0.035499,-0.054174
"alanine",0.022191,0.11866,-0.13351,0.056052,-0.013492,0.014804,0.15435
"allantoin",0.035416,0.036429,0.057748,-0.10001,0.057023,-0.010265,0.027946
"alpha-hydroxyisovalerate",-0.071839,0.044284,0.056392,0.032415,0.018633,-0.038618,-0.012688
"alpha-ketoglutarate",0.045624,0.128,-0.020186,0.042512,-0.00463,-0.027779,0.058444
"alpha-tocopherol",0.047457,-0.010984,-0.075511,0.043474,0.057447,-0.0068988,0.017927
"anserine",0.038896,-0.08979,0.12618,-0.097923,0.025286,-0.042288,0.01556
"arachidate (20:0)",0.059237,-0.011404,0.058343,-0.023784,-0.080475,0.010053,-0.037703
"arachidonate (20:4n6)",0.012962,-0.0055497,0.053737,-0.15893,-0.085775,0.0083157,-0.024437
"arachidonoyl ethanolamide",0.065766,0.0048578,0.008173,-0.0047905,0.042526,-0.039067,-0.023705
"arginine",-0.04979,-0.020641,-0.07501,0.04877,-0.045832,0.00097672,0.023238
"argininosuccinate",-0.066804,0.06242,-0.049897,0.0042666,-0.030489,-0.018653,0.013583
"ascorbate (Vitamin C)",0.029599,0.11787,-0.10802,0.025337,0.072856,-0.05413,-0.11319
"asparagine",-0.065914,0.010275,-0.01245,0.015229,-0.020909,-0.0071223,0.055694
"aspartate",-0.060098,0.069203,0.039871,0.0026579,0.019992,-0.048723,-0.0084059
"azelate (nonanedioate)",0.074995,0.0032736,-0.017995,-0.023432,0.0089326,0.023795,-0.026455
"behenoyl sphingomyelin (d18:1/22:0)*",0.069333,-0.029385,-0.022052,-0.025354,0.010162,-0.0055054,0.069793
"beta-alanine",-0.046081,-0.041597,-0.045513,-0.084839,-0.0073252,0.014218,0.029434
"beta-guanidinopropanoate",0.064665,-0.00017243,0.0087194,0.0057205,0.036878,-0.0059246,0.028673
"beta-hydroxyisovaleroylcarnitine",0.039238,-0.0061441,0.016753,0.031044,0.025816,-0.15433,-0.036459
"betaine",-0.073354,0.018482,0.0035099,-0.047765,0.033495,-0.030594,-0.0026592
"betaine aldehyde",-0.062791,-0.011193,-0.035959,-0.00075364,0.039439,-0.033571,-0.037682
"butyrylcarnitine",-0.047099,-0.015202,0.019893,0.13596,-0.038631,0.056401,-0.016869
"C-glycosyltryptophan",-0.017543,-0.12184,0.027134,-0.069594,0.066459,-0.018053,0.034899
"carnitine",0.065679,-0.010567,-0.025581,0.003044,0.0060276,-0.027928,-0.05495
"carnosine",0.034891,-0.093353,0.13703,-0.067875,0.051481,-0.0095494,0.060753
"cholesterol",0.047595,0.011428,0.014828,0.073762,0.02275,-0.026887,-0.01321
"choline",-0.047962,0.0012144,-0.018075,-0.028319,0.027163,-0.081709,0.059934
"choline phosphate",0.0044713,-0.053827,-0.068508,0.055301,0.049306,-0.15328,-0.08266
"citrate",-0.063309,0.015178,0.01663,0.070021,0.045562,-0.014496,-0.033906
"citrulline",0.016237,-0.087258,0.035417,-0.024226,-0.034375,-0.090675,0.16428
"corticosterone",0.045076,-0.033077,0.079056,-0.046409,-0.0015167,0.089999,0.032132
"creatine",0.044953,-0.036935,-0.031616,0.015924,0.10544,-0.045246,-0.1006
"creatine phosphate",0.012817,0.012229,0.020747,0.12758,-0.068692,-0.040364,0.038278
"creatinine",0.0072542,-0.03059,-0.035283,-0.023669,0.11716,-0.035478,-0.14444
"cysteine",-0.063166,0.061494,-0.041273,0.04901,0.0019435,-0.013242,-0.01517
"cysteine sulfinic acid",-0.064085,-0.081797,0.01692,0.041399,-0.0070894,-0.033815,-0.040786
"cytidine",-0.070745,-0.009348,0.0047996,-0.016531,0.033383,-0.030243,-0.008751
"cytidine 3'-monophosphate (3'-CMP)",0.045726,0.03471,0.13553,-0.011451,0.039831,0.051012,0.014676
"cytidine 5'-diphosphocholine",-0.045584,0.043994,-0.094549,-0.026668,0.026077,0.11604,-0.033816
"cytidine 5'-monophosphate (5'-CMP)",0.041253,0.0038843,0.066686,-0.0096701,-0.043241,-0.090192,0.066104
"cytidine 5'-monophospho-N-acetylneuraminic acid",-0.033326,0.083649,0.018862,0.027135,-0.096936,0.067198,0.032799
"cytidine-5'-diphosphoethanolamine",0.057413,-0.050292,0.0094332,-0.03924,0.04284,0.030818,0.023552
"cytosine",0.045836,0.00056855,-0.0024708,-0.062639,-0.069727,0.030877,0.061025
"decanoylcarnitine",0.05486,0.057909,-0.017506,-0.0083603,0.015874,0.044711,-0.060491
"dehydroascorbate",-0.068037,-0.029985,-0.027424,0.039787,-0.015726,-0.020086,-0.0050581
"deoxycarnitine",-0.041554,0.10171,-0.079354,0.085605,-0.047046,-0.07065,-0.019424
"dihomo-linoleate (20:2n6)",0.021833,-0.091586,0.020845,0.051896,-0.11347,0.090235,-0.091402
"dihomo-linolenate (20:3n3 or n6)",0.035108,-0.06453,0.014778,-0.069327,-0.075483,0.096002,-0.061333
"dihydroxyacetone phosphate (DHAP)",-0.047962,-0.01903,0.015658,0.054949,0.035597,0.045868,-0.040673
"dimethyl sulfone",0.012001,-0.088152,0.05307,-0.094184,0.054932,-0.082883,-0.015182
"dimethylarginine (SDMA + ADMA)",-0.072975,0.020372,-0.055688,0.015828,-0.019357,0.007697,-0.0052944
"dimethylglycine",0.047755,-0.012051,0.0576,-0.077748,0.061458,-0.057965,-0.0068632
"docosadienoate (22:2n6)",0.043586,-0.018789,0.009499,0.023506,-0.068051,0.052363,-0.077405
"docosahexaenoate (DHA; 22:6n3)",-0.0047422,0.045311,0.023658,-0.13293,-0.086303,-0.0027911,-0.074614
"docosapentaenoate (n3 DPA; 22:5n3)",0.044955,0.011841,0.021131,-0.087711,-0.091576,0.015295,-0.085632
"docosapentaenoate (n6 DPA; 22:5n6)",-0.027644,-0.042598,-0.0441,-0.046167,-0.087599,0.050844,-0.15469
"eicosapentaenoate (EPA; 20:5n3)",0.06252,-0.003646,0.02394,-0.082057,-0.019055,-0.043214,-0.005468
"eicosenoate (20:1)",0.044563,-0.058345,0.02644,0.013903,-0.083986,0.071218,-0.068434
"ergothioneine",0.047949,0.073906,0.024805,-0.042556,0.059233,-0.0092781,-0.008406
"erucate (22:1n9)",0.059337,-0.001814,0.016988,-0.031974,-0.051068,0.040924,-0.042702
"erythronate*",-0.070248,0.052116,-0.019462,0.0038817,-0.017379,-0.012371,0.0081055
"flavin adenine dinucleotide (FAD)",-0.060644,-0.047817,-0.095474,0.0075063,-0.041899,0.055614,-0.01713
"fructose",-0.024748,0.073019,0.12257,-0.051176,-0.060571,0.033594,0.089235
"fumarate",-0.066706,0.046281,0.010115,0.024143,-0.023134,-0.059959,0.052457
"galactonate",-0.026424,0.016083,0.091241,0.015653,0.064422,0.091382,-0.06589
"gamma-aminobutyrate (GABA)",-0.046717,-0.014274,-0.054396,-0.06857,0.059424,-0.050578,0.0016138
"gamma-carboxyglutamate",-0.071107,-0.031135,-0.037209,-0.014763,-0.0038726,-0.061391,0.018231
"gamma-glutamyl-epsilon-lysine",0.013967,-0.068835,0.038394,0.038743,-0.04107,0.14007,-0.0056242
"gamma-glutamylalanine",0.01242,-0.02003,0.10865,-0.085839,0.039215,0.082946,0.037829
"gamma-glutamylglutamate",0.043145,0.025214,0.067659,-0.049672,0.056084,0.068016,0.03083
"gamma-glutamylglutamine",-0.025781,0.013986,0.060459,-0.09036,0.069195,0.083926,0.0017858
"gamma-glutamylisoleucine*",0.0090161,0.13897,0.041729,0.012621,0.053945,-0.013405,0.062338
"gamma-glutamylleucine",0.032546,-0.0046736,-0.065963,0.057919,0.085412,0.043081,-0.034292
"gamma-glutamylvaline",-0.041592,-0.0084131,0.03783,-0.00068489,0.083198,0.05506,0.025749
"gamma-tocopherol/beta-tocopherol",0.059209,-0.04246,-0.018882,0.01216,-0.052796,-0.0451,-0.028149
"glucose",0.0412,-0.021149,0.019,-0.057521,0.068325,0.031249,0.026801
"glucuronate",-0.028872,0.065306,0.14644,-0.17075,-0.00066582,0.033132,0.062912
"glutamate",-0.05931,0.0775,-0.023682,0.055953,-0.011666,-0.057428,0.0075558
"glutamate, gamma-methyl ester",-0.05604,0.054158,0.039206,-0.021476,-0.022261,-0.012269,0.0051197
"glutamine",-0.063488,0.0087566,0.015144,-0.061981,0.0075313,0.0067748,0.050501
"glutarate (pentanedioate)",-0.070325,-0.013315,0.034251,-0.0029662,-0.013749,0.0078431,0.015779
"glutarylcarnitine (C5)",-0.039121,0.098235,0.0097706,0.0058197,0.0087244,-0.0069901,-0.07682
"glutathione, oxidized (GSSG)",0.0054187,0.1161,-0.01468,0.01589,0.036614,-0.082611,0.01707
"glutathione, reduced (GSH)",0.056676,0.080926,-0.048527,0.097801,-0.080926,-0.02409,0.020209
"glycerate",-0.079696,0.028635,0.019465,-0.00081455,-0.0037475,-0.010652,0.02426
"glycerol",0.061485,-0.012233,-0.052562,-0.021912,0.018402,-0.0028787,0.056015
"glycerol 3-phosphate",-0.035908,-0.0085661,0.030433,-0.046017,0.029706,-0.080062,0.073407
"glycerophosphoethanolamine",0.045591,0.10205,0.057355,-0.044411,0.0074573,-0.077504,0.059345
"glycerophosphoglycerol",-0.046919,0.023967,-0.069102,0.043813,0.0048059,-0.044199,-0.063795
"glycerophosphoinositol*",-0.0846,0.0027095,0.0048261,0.019654,0.0077128,-0.0090662,-0.014585
"glycerophosphorylcholine (GPC)",-0.049512,0.088216,0.045257,-0.020974,0.026979,-0.064643,-0.0026154
"glycine",-0.077673,0.047406,0.0025233,-0.026225,0.026759,0.00093626,0.005133
"glycosyl-N-palmitoyl-sphingosine",-0.059267,0.0037809,0.022888,0.060374,0.026969,0.043723,-0.017073
"glycylleucine",0.043205,-0.00085421,-0.064387,0.065017,0.050378,-0.037439,-0.006537
"glycylvaline",0.03931,0.021728,-0.14416,-0.018331,0.031782,0.0031938,0.028245
"guanidinoacetate",-0.020655,-0.03909,-0.070251,-0.034312,0.12022,0.00084219,-0.047749
"guanine",-0.047496,-0.052232,0.011483,-0.076717,-0.015605,0.056261,-0.027795
"guanosine",-0.025751,-0.045083,0.035844,-0.10728,0.10842,0.046239,-0.027536
"guanosine 5'- monophosphate (5'-GMP)",0.082217,-0.018438,-0.001056,-0.0062379,-0.025012,-0.0018151,0.016896
"gulonic acid*",0.011331,0.034751,0.074924,-0.10928,0.10779,0.030646,0.022237
"heme",0.062941,-0.0093485,-0.0413,0.022181,0.045716,0.0033707,-0.012365
"hexadecanedioate",0.061088,-0.012665,-0.029061,-0.0023658,0.029275,-0.036138,0.00045119
"hexanoylcarnitine",0.029966,0.080096,0.090752,-0.017596,0.082472,0.077107,-0.086675
"hexanoylglycine",0.055101,-0.0092727,0.082998,-0.01451,0.040351,0.089335,0.025181
"hippurate",0.066201,0.024651,0.032808,-0.0027591,-0.030581,-0.015052,-0.030291
"histamine",-0.0095054,-0.066555,-0.02364,-0.038584,0.10302,0.13897,-0.020935
"histidine",-0.072407,0.028625,0.0096395,-0.034839,0.006072,0.0080915,0.029968
"homocitrulline",-0.013337,0.088289,0.11375,-0.056525,0.046459,-0.11009,-0.032933
"homostachydrine*",0.050356,0.009808,0.030174,-0.052389,0.054932,-0.038204,-0.038692
"hypotaurine",-0.073625,0.015505,-0.040214,0.012009,-0.017517,-0.020059,0.0011256
"hypoxanthine",-0.070108,-0.010532,0.029217,-0.063864,0.036397,0.011563,0.0039447
"imidazole lactate",0.072774,0.0095668,-0.019023,0.017715,-0.036654,-0.0084761,-0.015684
"imidazole propionate",0.049062,0.022779,0.031104,-0.04332,-0.084546,0.0021658,0.030237
"indolelactate",0.053436,0.041039,-0.01613,0.094081,-0.026878,-0.03712,0.015903
"inosine",-0.068518,0.0015834,0.039913,-0.070287,0.058413,0.025807,-0.0074053
"inosine 5'-monophosphate (IMP)",0.030094,0.0027162,-0.0294,0.053331,-0.074496,-0.12036,0.018587
"Isobar: fructose 1,6-diphosphate, glucose 1,6-diphosphate, myo-inositol 1,4 or 1,3-diphosphate",-0.029543,-0.054352,-0.061949,0.079122,0.081373,0.057833,-0.020263
"isobutyrylcarnitine",0.031635,-0.12085,0.078109,0.10024,-0.046801,-0.035868,0.06095
"isocitrate",0.05789,0.040524,-0.055946,0.035762,0.033503,-0.0036675,-0.02601
"isoleucine",-0.040886,0.098696,-0.038823,-0.014759,-0.00053155,0.10244,0.048208
"isoleucylglycine",0.053923,-0.027911,-0.074827,-0.022397,0.070339,0.00011835,-0.11234
"isovalerylcarnitine",0.01185,-0.12037,0.10194,0.10732,-0.051157,-0.036354,0.054951
"isovalerylglycine",0.051243,-0.055659,0.059568,0.029039,0.050596,0.13657,-0.057775
"kynurenine",-0.0779,0.022317,-0.0029572,-0.027159,0.019625,-0.028961,0.010491
"lactate",-0.049677,-0.015251,0.049947,-0.068144,0.084204,0.069118,-0.011501
"laurylcarnitine",0.054149,0.031044,-0.04352,0.020165,-0.0089906,0.038838,-0.04888
"leucine",-0.054076,0.067359,-0.028802,-0.02486,-0.004466,0.081461,0.05598
"leucylglycine",0.063711,-0.056605,0.010735,-0.0092409,0.018615,-0.020092,-0.045826
"linoleate (18:2n6)",0.064386,-0.036707,0.019605,-0.076619,-0.0088137,0.007286,-0.0071777
"linolenate [alpha or gamma; (18:3n3 or 6)]",0.063678,-0.012111,0.011043,-0.078591,0.0057961,-0.0094514,0.0020353
"linoleoylcarnitine*",-0.035407,0.093933,-0.065959,0.017514,0.037115,0.12246,0.042229
"lysine",-0.069927,-0.015209,0.016896,-0.033045,0.015009,0.019308,0.039247
"malate",-0.051919,0.091819,-0.025225,0.042084,-0.026844,-0.039486,0.0057534
"malonylcarnitine",0.056272,-0.060121,0.0076764,0.012233,0.035484,-0.0037259,0.011666
"maltose",0.026099,0.021684,0.095614,-0.087238,0.072736,-0.041126,0.017636
"maltotriose",0.04643,0.01669,0.076566,-0.062399,0.043952,-0.045513,-0.023271
"mannose",-0.050115,0.023126,0.10238,-0.032777,-0.013128,-0.023069,0.075148
"margarate (17:0)",0.047492,-0.056954,0.055338,-0.033872,-0.077532,0.064577,-0.048226
"mead acid (20:3n9)",0.022668,-0.097151,0.022833,-0.010042,-0.0072569,-0.028609,-0.10134
"methionine",-0.060384,0.0028427,0.01337,-0.033597,-0.04857,0.004757,0.10366
"methionine sulfoxide",-0.068827,0.010901,-0.0046663,-0.0059956,-0.014351,0.042578,-0.0039777
"methylmalonate (MMA)",-0.023395,-0.018976,-0.064272,-0.093764,0.029955,-0.078443,-0.13084
"methylphosphate",-0.049811,0.0015556,0.015245,-0.070155,-0.025328,0.025657,-0.014945
"methylsuccinate",0.065786,-0.0049236,0.029142,-0.026901,0.0094312,0.017108,0.058154
"myo-inositol",-0.055219,0.083151,-0.023434,-0.067948,0.032538,-0.040258,0.039848
"myristate (14:0)",0.065452,-0.0044979,0.016927,-0.069422,0.013604,-0.012006,0.011645
"myristoleate (14:1n5)",0.053727,-0.0017833,0.00089433,-0.06989,0.04418,-0.0085136,0.015743
"myristoylcarnitine",0.046675,0.041723,-0.054522,0.00040045,0.027122,0.059265,-0.0037107
"N-acetylalanine",-0.070053,0.021197,-0.020964,-0.036562,0.03138,0.016101,0.0011203
"N-acetylasparagine",-0.058489,0.049289,-0.050937,-0.059876,0.038824,-0.097486,0.014222
"N-acetylaspartate (NAA)",-0.042335,-0.0037075,-0.02161,0.0045184,0.091164,0.025315,-0.052073
"N-acetylglutamate",0.041102,-0.060305,-0.057123,0.022634,0.043046,0.027464,0.028439
"N-acetylglutamine",-0.029133,0.047618,0.045898,-0.11071,0.11321,-0.019508,-0.013911
"N-acetylglycine",0.055721,0.090005,0.02391,-0.043554,0.036599,0.038208,-0.017105
"N-acetylhistidine",-0.01636,0.00093643,0.096909,-0.043111,0.074184,-0.091605,0.0080574
"N-acetylleucine",0.011859,0.06625,0.1586,-0.05899,0.063146,-0.031253,-0.011375
"N-acetylmethionine",-0.080801,0.010135,0.012072,0.0034746,0.021006,-0.011816,-0.028955
"N-acetylneuraminate",-0.07735,0.023454,-0.0011875,0.0076029,-0.012558,-0.012293,0.035324
"N-acetylserine",-0.069177,-0.0033543,-0.039325,0.038634,0.013307,-0.037977,0.0090746
"N-acetyltaurine",0.068101,-0.060365,0.039957,0.011068,-0.0029829,-0.027191,-0.019843
"N-acetylthreonine",-0.009252,0.092204,-0.023755,0.050944,0.0064147,0.099901,-0.10621
"N-alpha-acetylornithine",0.0031961,0.14891,0.040942,-0.0038933,0.0028173,-0.013078,0.10487
"N-delta-acetylornithine",0.0094351,-0.0032968,0.14895,-0.12254,0.033262,0.029357,-0.012777
"N-formylmethionine",0.05406,-0.055288,0.021916,0.075283,-0.043677,-0.10185,0.029566
"N-glycolylneuraminate",0.063684,0.00041044,-0.025311,0.0011612,0.014249,-0.024266,0.026301
"N-palmitoyl-sphinganine (d18:0/16:0)",0.055034,-0.057711,-0.010273,-0.010979,0.048154,-0.0032812,-0.0016587
"N-palmitoyl-sphingosine (d18:1/16:0)",0.044788,-0.012192,-0.045722,0.028579,0.04345,-0.082999,-0.050066
"N1-Methyl-2-pyridone-5-carboxamide",0.036736,-0.014887,-0.11114,0.018896,-0.056428,-0.029598,-0.083149
"N2-acetyllysine/N6-acetyllysine",-0.043783,0.11954,-0.073502,-0.076022,0.0075913,0.030289,0.0093055
"N6,N6,N6-trimethyllysine",-0.064266,0.02436,0.047279,-0.038815,-0.0015214,0.026977,0.024771
"N6-succinyladenosine",-0.045882,0.08816,0.088771,0.010647,0.049444,0.014203,-0.049133
"nicotinamide",0.074049,-0.024896,-0.0017788,-0.029879,0.0075198,-0.024837,0.030305
"nicotinamide adenine dinucleotide (NAD+)",-0.010119,0.11145,-0.085606,0.078082,-0.013748,-0.068017,-0.08208
"nonadecanoate (19:0)",0.065593,-0.0248,0.049273,-0.027444,-0.069637,0.039991,-0.034271
"octanoylcarnitine",0.048481,0.031248,-0.0068806,0.04608,0.04421,0.068701,-0.069149
"oleamide",0.0053463,-0.096723,-0.08209,0.053104,0.096581,-0.0012746,-0.0042314
"oleate/vaccenate (18:1)",0.045298,-0.086322,0.019254,-0.0063521,-0.042076,0.073016,-0.032935
"oleoyl ethanolamide",0.027045,-0.049413,-0.02087,0.11666,-0.10678,0.011121,-0.040971
"oleoylcarnitine",-0.034851,0.059451,-0.046289,4.5468e-05,0.041504,0.14077,-0.022668
"ornithine",-0.0054342,0.0014758,0.10461,-0.098237,0.078303,-0.0072399,0.034407
"orotate",-0.064142,0.029919,-0.088446,-0.030083,-0.018884,-0.099837,0.02516
"orotidine",-0.079872,0.013994,0.027037,0.0040859,0.017857,-0.010962,-0.0028899
"oxalate (ethanedioate)",-0.002702,-0.047557,-0.11703,0.045254,-0.087194,0.060423,0.038323
"p-cresol sulfate",0.051402,-0.0015688,-0.0075646,0.040929,0.067563,0.023695,0.035385
"p-cresol-glucuronide*",0.040235,-0.04195,0.016862,0.0036745,0.07241,-0.10535,0.055983
"palmitate (16:0)",0.067431,-0.038322,0.034718,-0.034439,-0.028302,0.037624,-0.035092
"palmitoleate (16:1n7)",0.060115,-0.021409,0.011661,-0.090614,0.0053241,0.0012298,0.0014188
"palmitoyl dihydrosphingomyelin (d18:0/16:0)*",0.045824,-0.030936,-0.040719,0.010423,0.079337,-0.017528,0.036252
"palmitoyl ethanolamide",0.062542,-0.020852,-0.0072526,0.059672,-0.074987,0.021865,-0.02929
"palmitoyl sphingomyelin (d18:1/16:0)",-0.0067592,-0.016497,-0.078556,0.025437,0.10634,-0.084857,0.1086
"palmitoylcarnitine",0.012098,0.088565,-0.076991,-0.0051594,0.070674,0.11705,-0.03605
"pantothenate",0.064026,0.0006101,-0.033768,0.027724,0.013405,-0.003975,0.03773
"phenol sulfate",0.018337,-0.098593,0.099245,-0.031336,0.025548,0.069538,-0.094351
"phenylacetylglycine",0.051186,-0.050899,-0.023927,0.0064692,0.067395,0.041749,-0.024108
"phenylalanine",-0.069565,0.010075,0.0099566,-0.04409,0.014537,0.022885,0.013622
"phenylalanylglycine",0.057207,-0.011796,0.0036247,-0.017491,0.020452,0.040791,-0.08875
"phenyllactate (PLA)",0.026494,0.12999,0.014263,0.065489,-0.045639,-0.031251,-0.045441
"phosphate",-0.031218,-0.044139,0.013178,-0.019489,0.089648,-0.073808,0.050172
"phosphoenolpyruvate (PEP)",-0.050722,-0.02331,-0.013727,0.0063046,0.083229,0.0038707,-0.038625
"phosphoethanolamine",0.00018865,0.038781,-0.13718,0.01469,0.093591,-0.009046,-0.085025
"phosphopantetheine",0.053302,0.014403,-0.052269,0.089236,-0.055719,-0.051455,0.023016
"pipecolate",-0.077168,0.037119,0.0088227,-0.0026379,-0.0043405,-0.012134,0.017786
"pro-hydroxy-pro",-0.02382,0.11363,0.027293,-0.0047746,0.024521,-0.0022932,0.063481
"proline",-0.042602,-0.041116,0.018339,0.089772,-0.0006984,0.043987,0.066599
"prolylglycine",-0.040787,0.10086,-0.030161,0.0034041,0.0048429,-0.0076335,-0.057094
"propionylcarnitine",0.060846,-0.004636,-0.011098,0.057269,-0.013155,-0.050445,0.01982
"pseudouridine",0.058897,0.059235,-0.084046,-0.029713,0.037093,-0.00785,-0.057609
"putrescine",-0.069116,0.0066342,0.022899,0.003697,-0.0033636,-0.038774,0.0069044
"pyridoxal",-0.070877,-0.019695,-0.0025605,0.035528,-0.012665,-0.0097265,0.013913
"pyridoxamine",0.011488,-0.060942,0.084318,-0.10294,0.075713,-0.01886,0.012302
"pyridoxamine phosphate",-0.065922,-0.011558,-0.0027079,-0.011271,0.015535,-0.062684,0.01166
"pyridoxate",0.059606,-0.0059108,0.06386,-0.046363,0.014583,-0.063883,-0.022908
"pyroglutamine*",0.059412,0.0091613,0.049938,-0.020519,-0.041757,0.0016493,0.046621
"retinol (Vitamin A)",0.063475,0.0023115,-0.039948,0.01262,0.012224,-0.021233,-0.0007411
"ribulose 5-phosphate",0.024669,0.014806,0.08591,-0.043255,0.11607,-0.044694,-0.034381
"S-adenosylhomocysteine (SAH)",-0.059265,-0.063861,0.022163,-0.024071,0.0276,-0.021271,0.033974
"salicylate",0.050009,0.03404,0.067328,-0.035884,-0.052583,-0.010728,0.057627
"sarcosine (N-Methylglycine)",-0.012789,0.0045144,-0.0065491,-0.0040193,0.042321,-0.02268,-0.18045
"sebacate (decanedioate)",0.060121,0.021799,0.045322,0.01565,0.025808,-0.060084,0.030212
"sedoheptulose-7-phosphate",0.039945,0.00099153,-0.0075459,-0.021405,0.080118,-0.030746,0.047324
"serine",-0.057268,0.056328,-0.037215,-0.002138,-0.030937,-0.0092377,0.084128
"spermidine",0.062259,-0.051752,0.02114,-0.019911,-0.03107,-0.010382,-0.029609
"sphinganine",0.061677,-0.015343,-0.0048197,0.020833,0.050145,-0.038642,-0.023912
"sphingomyelin (d18:1/14:0, d16:1/16:0)*",-0.079443,0.033346,0.0081994,0.0036274,0.00075161,-0.02552,0.01003
"sphingomyelin (d18:1/15:0, d16:1/17:0)*",0.026605,-0.08787,-0.015095,0.06066,0.021045,-0.011252,0.12521
"sphingomyelin (d18:1/17:0, d17:1/18:0, d19:1/16:0)",-0.029959,-0.032282,-0.037479,-0.071812,-0.00092367,-0.060254,0.14676
"sphingomyelin (d18:1/18:1, d18:2/18:0)",0.060017,0.012579,-0.031154,0.0056764,0.01194,-0.020859,0.046766
"sphingomyelin (d18:1/20:0, d16:1/22:0)*",0.060438,-0.024841,-0.052062,-0.055134,0.024025,-0.015223,0.05749
"sphingomyelin (d18:1/20:1, d18:2/20:0)*",0.068948,0.010266,-0.0069114,0.0020164,0.0090483,-0.026856,0.015421
"sphingomyelin (d18:1/21:0, d17:1/22:0, d16:1/23:0)*",0.06877,-0.036024,-0.016478,-0.0087627,0.012358,-0.0025398,0.053247
"sphingomyelin (d18:1/22:1, d18:2/22:0, d16:1/24:1)*",0.069955,0.017201,-0.010666,-0.011757,0.01271,-0.0065283,0.048269
"sphingomyelin (d18:1/24:1, d18:2/24:0)*",0.060331,-0.039143,0.010042,0.015899,0.036592,-0.024271,0.071331
"sphingomyelin (d18:2/16:0, d18:1/16:1)*",-0.049984,0.076116,0.01871,0.039947,-0.017386,-0.016895,0.044626
"sphingomyelin (d18:2/23:0, d18:1/23:1, d17:1/24:1)*",0.073898,-0.0068631,0.00098477,0.00083243,0.0090597,-0.0060062,0.04994
"sphingomyelin (d18:2/24:1, d18:1/24:2)*",0.055877,0.0093325,0.010791,0.026616,0.04394,-0.014487,0.072562
"sphingosine",-0.042902,0.058047,-0.023252,0.0017245,0.078407,-0.0063521,-0.039357
"stachydrine",-0.010569,0.0072585,0.088137,-0.1114,0.047512,0.033118,-0.16849
"stearate (18:0)",0.061868,-0.031929,0.055093,-0.0043483,-0.070884,0.029448,-0.029367
"stearidonate (18:4n3)",0.057679,0.031199,-0.055051,-0.080534,0.028407,-0.0038486,0.040574
"stearoyl ethanolamide",0.066671,0.0013193,-0.0083695,0.0082692,0.011034,-0.035979,0.0074818
"stearoyl sphingomyelin (d18:1/18:0)",0.058143,-0.030267,-0.035737,-0.016527,0.023307,-0.025118,0.064698
"stearoylcarnitine",-0.07503,0.035361,-0.0020734,-0.012518,0.028928,0.027521,0.012659
"succinate",0.053673,0.018444,-0.0091492,0.0042072,-0.020972,0.061052,0.047298
"succinylcarnitine",0.061137,-0.037169,-0.050481,0.010671,0.011317,0.0048404,0.053582
"sucrose",0.044423,0.025442,-0.010365,-0.11525,0.0128,-0.089575,0.0039542
"sulfate*",0.062672,0.0094266,-0.063293,0.051008,-0.073674,-0.0016783,-0.012772
"tartronate (hydroxymalonate)",0.0085883,-0.084249,-0.036425,0.082157,0.02377,0.064795,0.15945
"taurine",0.070152,-0.036111,-0.0038985,0.0023168,0.010555,-0.02358,0.041693
"tauro-beta-muricholate",0.022163,-0.00076809,0.04361,-0.09405,0.099063,0.035166,0.0055079
"taurocholate",0.025179,0.013875,0.024344,-0.10143,0.092343,0.023948,0.00023821
"taurocyamine",0.068463,-0.027777,0.022542,-0.022339,-0.00077729,0.015608,0.074578
"tetradecanedioate",0.052085,0.0052278,-0.04894,-0.033368,0.024733,-0.035626,0.053538
"thiamin monophosphate",-0.051092,-0.025721,0.053896,-0.13906,0.062992,0.0037416,-0.026521
"threonate",-0.051924,0.072859,-0.019114,-0.038566,-0.019348,-0.022672,-0.021289
"threonine",-0.069316,-0.0089983,-0.0048447,-0.0065975,-0.036603,-0.0031243,0.059437
"thymidine",-0.020081,0.12093,0.015058,-0.04128,-0.033677,0.054258,-0.01407
"trans-4-hydroxyproline",0.0031873,0.053518,-0.018134,0.023213,-0.028696,0.06805,0.17658
"trans-urocanate",0.059591,-0.045092,-0.024384,0.038346,-0.057894,0.050992,-0.023546
"tricosanoyl sphingomyelin (d18:1/23:0)*",0.066363,-0.035847,-0.023781,-0.00093871,0.014244,-0.014808,0.050281
"trigonelline (N'-methylnicotinate)",0.0057122,-0.049437,0.09881,-0.12076,0.061134,-0.0016291,0.024298
"trimethylamine N-oxide",-0.033746,0.059965,-0.076086,0.069294,-0.036137,-0.0037598,0.084534
"tryptophan",0.064097,-0.018252,-9.6846e-05,-0.028947,-0.008654,-0.0021433,-0.071329
"tyrosine",-0.050514,0.00016412,-0.02868,0.057162,-0.01355,-0.049208,0.053853
"UDP-galactose",-0.024575,0.061271,-0.030137,-0.14815,0.047112,-0.1164,0.039833
"UDP-glucose",-0.045129,0.0007223,0.10973,-0.066312,0.055406,0.043943,-0.013831
"UDP-glucuronate",0.061726,-0.015619,-0.051929,0.088078,-0.076302,-0.0039657,-0.031677
"UDP-N-acetylgalactosamine",-0.046063,-0.005045,0.065405,0.01225,-0.039816,0.0566,0.015027
"UDP-N-acetylglucosamine",-0.053995,-0.0017982,0.016426,0.064498,-0.049812,-0.0094031,0.026517
"uracil",-0.010123,0.0072997,-0.054309,-0.091591,0.1199,0.021259,0.085989
"urate",0.053876,-0.037425,-0.071043,0.053868,0.0012366,-0.020096,0.02679
"urea",0.061027,-0.070931,0.0074085,-0.011727,-0.012726,-0.047066,0.053503
"uridine",-0.067597,-0.019091,0.0030744,-0.055688,0.044567,0.01266,0.010723
"uridine 5'-diphosphate (UDP)",-0.0004963,-0.013089,0.063743,0.12292,-0.028186,-0.10741,0.016276
"uridine 5'-monophosphate (UMP)",0.07984,-0.0058679,-0.00060681,0.0049736,-0.023978,-0.0078157,0.022436
"valine",-0.065909,0.041709,0.014971,-0.011494,-0.021319,0.040356,0.070538
"valylglycine",0.022913,-0.04134,-0.1296,0.10422,0.043977,-0.060552,-0.022376
"xanthine",-0.058629,-0.046069,0.028405,-0.076074,0.060637,-0.020376,0.018558
"xanthosine",-0.021743,0.012457,-0.0076397,-0.14963,0.061649,-0.055068,0.011418
